2025-11-14 16:25:38,301 [INFO] gaitguard.device: Using CUDA device: NVIDIA GeForce RTX 3050 6GB Laptop GPU
2025-11-14 16:25:38,301 [INFO] gaitguard.main: Runtime device=cuda | half=True
2025-11-14 16:25:43,425 [INFO] gaitguard.main: GaitGuard Phase-0 pipeline started. Press ESC to exit.
2025-11-14 16:25:44,512 [INFO] gaitguard.main: FPS=27.6 | tracks=0 | alerts=0
2025-11-14 16:25:45,505 [INFO] gaitguard.main: FPS=28.9 | tracks=0 | alerts=0
2025-11-14 16:25:46,482 [INFO] gaitguard.main: FPS=29.4 | tracks=0 | alerts=0
2025-11-14 16:25:47,473 [INFO] gaitguard.main: FPS=29.6 | tracks=0 | alerts=0
2025-11-14 16:25:48,465 [INFO] gaitguard.main: FPS=29.8 | tracks=0 | alerts=0
2025-11-14 16:25:49,456 [INFO] gaitguard.main: FPS=29.8 | tracks=0 | alerts=0
2025-11-14 16:25:50,433 [INFO] gaitguard.main: FPS=30.0 | tracks=0 | alerts=0
2025-11-14 16:25:53,955 [INFO] gaitguard.main: FPS=22.8 | tracks=0 | alerts=0
2025-11-14 16:25:54,944 [INFO] gaitguard.main: FPS=23.4 | tracks=0 | alerts=0
2025-11-14 16:25:57,898 [INFO] gaitguard.main: FPS=20.7 | tracks=0 | alerts=0
2025-11-14 16:25:59,650 [INFO] gaitguard.main: FPS=20.3 | tracks=0 | alerts=0
2025-11-14 16:26:01,442 [INFO] gaitguard.main: FPS=20.0 | tracks=0 | alerts=0
2025-11-14 16:26:03,251 [INFO] gaitguard.main: FPS=19.7 | tracks=0 | alerts=0
2025-11-14 16:26:05,057 [INFO] gaitguard.main: FPS=19.4 | tracks=0 | alerts=0
2025-11-14 16:26:06,856 [INFO] gaitguard.main: FPS=19.2 | tracks=0 | alerts=0
2025-11-14 16:26:08,674 [INFO] gaitguard.main: FPS=19.0 | tracks=0 | alerts=0
2025-11-14 16:26:10,467 [INFO] gaitguard.main: FPS=18.9 | tracks=0 | alerts=0
2025-11-14 16:26:12,276 [INFO] gaitguard.main: FPS=18.7 | tracks=0 | alerts=0
2025-11-14 16:26:14,083 [INFO] gaitguard.main: FPS=18.6 | tracks=0 | alerts=0
2025-11-14 16:26:15,892 [INFO] gaitguard.main: FPS=18.5 | tracks=0 | alerts=0
2025-11-14 16:26:17,682 [INFO] gaitguard.main: FPS=18.4 | tracks=0 | alerts=0
2025-11-14 16:26:19,490 [INFO] gaitguard.main: FPS=18.3 | tracks=0 | alerts=0
2025-11-14 16:26:21,298 [INFO] gaitguard.main: FPS=18.2 | tracks=0 | alerts=0
2025-11-14 16:26:23,106 [INFO] gaitguard.main: FPS=18.1 | tracks=0 | alerts=0
2025-11-14 16:26:24,915 [INFO] gaitguard.main: FPS=18.1 | tracks=0 | alerts=0
2025-11-14 16:26:26,708 [INFO] gaitguard.main: FPS=18.0 | tracks=0 | alerts=0
2025-11-14 16:26:28,515 [INFO] gaitguard.main: FPS=18.0 | tracks=0 | alerts=0
2025-11-14 16:26:30,322 [INFO] gaitguard.main: FPS=17.9 | tracks=0 | alerts=0
2025-11-14 16:26:32,130 [INFO] gaitguard.main: FPS=17.9 | tracks=0 | alerts=0
2025-11-14 16:26:33,937 [INFO] gaitguard.main: FPS=17.8 | tracks=0 | alerts=0
2025-11-14 16:26:35,731 [INFO] gaitguard.main: FPS=17.8 | tracks=0 | alerts=0
2025-11-14 16:26:37,540 [INFO] gaitguard.main: FPS=17.7 | tracks=0 | alerts=0
2025-11-14 16:26:39,349 [INFO] gaitguard.main: FPS=17.7 | tracks=0 | alerts=0
2025-11-14 16:26:41,156 [INFO] gaitguard.main: FPS=17.7 | tracks=0 | alerts=0
2025-11-14 16:26:42,948 [INFO] gaitguard.main: FPS=17.6 | tracks=0 | alerts=0
2025-11-14 16:26:44,754 [INFO] gaitguard.main: FPS=17.6 | tracks=0 | alerts=0
2025-11-14 16:26:46,563 [INFO] gaitguard.main: FPS=17.6 | tracks=0 | alerts=0
2025-11-14 16:26:48,370 [INFO] gaitguard.main: FPS=17.6 | tracks=0 | alerts=0
2025-11-14 16:26:50,178 [INFO] gaitguard.main: FPS=17.5 | tracks=0 | alerts=0
2025-11-14 16:26:51,981 [INFO] gaitguard.main: FPS=17.5 | tracks=0 | alerts=0
2025-11-14 16:26:53,778 [INFO] gaitguard.main: FPS=17.5 | tracks=0 | alerts=0
2025-11-14 16:26:55,582 [INFO] gaitguard.main: FPS=17.5 | tracks=0 | alerts=0
2025-11-14 16:26:57,396 [INFO] gaitguard.main: FPS=17.4 | tracks=0 | alerts=0
2025-11-14 16:26:59,186 [INFO] gaitguard.main: FPS=17.4 | tracks=0 | alerts=0
2025-11-14 16:27:00,995 [INFO] gaitguard.main: FPS=17.4 | tracks=0 | alerts=0
2025-11-14 16:27:02,588 [INFO] gaitguard.main: GaitGuard Phase-0 pipeline stopped.
2025-11-14 16:27:13,654 [INFO] gaitguard.device: Using CUDA device: NVIDIA GeForce RTX 3050 6GB Laptop GPU
2025-11-14 16:27:13,654 [INFO] gaitguard.main: Runtime device=cuda | half=True
2025-11-14 16:27:16,308 [INFO] gaitguard.main: GaitGuard Phase-0 pipeline started. Press ESC to exit.
2025-11-14 16:30:43,460 [INFO] gaitguard.device: Using CUDA device: NVIDIA GeForce RTX 3050 6GB Laptop GPU
2025-11-14 16:30:43,461 [INFO] gaitguard.main: Runtime device=cuda | half=True
2025-11-14 16:30:46,972 [INFO] gaitguard.main: GaitGuard Phase-0 pipeline started. Press ESC to exit.
2025-11-14 16:30:48,063 [INFO] gaitguard.main: FPS=27.5 | tracks=0 | alerts=0
2025-11-14 16:30:49,055 [INFO] gaitguard.main: FPS=28.8 | tracks=0 | alerts=0
2025-11-14 16:30:50,033 [INFO] gaitguard.main: FPS=29.4 | tracks=0 | alerts=0
2025-11-14 16:30:51,026 [INFO] gaitguard.main: FPS=29.6 | tracks=0 | alerts=0
2025-11-14 16:30:52,015 [INFO] gaitguard.main: FPS=29.7 | tracks=0 | alerts=0
2025-11-14 16:30:54,560 [INFO] gaitguard.main: FPS=23.7 | tracks=0 | alerts=0
2025-11-14 16:30:56,479 [INFO] gaitguard.main: GaitGuard Phase-0 pipeline stopped.
2025-11-14 20:21:14,236 [INFO] gaitguard.device: Using CUDA device: NVIDIA GeForce RTX 3050 6GB Laptop GPU
2025-11-14 20:21:14,236 [INFO] gaitguard.main: Runtime device=cuda | half=True
2025-11-14 20:21:14,236 [INFO] perception.detector: Loading YOLO model 'yolo11n.pt' on device 'cuda'
2025-11-14 20:21:18,120 [INFO] perception.detector: YOLO model loaded in FP16 on CUDA
2025-11-14 20:21:18,120 [INFO] perception.detector: YOLO model ready
2025-11-14 20:21:18,120 [INFO] perception.perception_engine: Phase-1 PerceptionEngine initialized.
2025-11-14 20:21:23,365 [INFO] gaitguard.main: GaitGuard Phase-1 pipeline started. Press ESC to exit.
2025-11-14 20:21:25,295 [INFO] gaitguard.main: FPS=15.8 | tracks=1 | alerts=0
2025-11-14 20:21:26,267 [INFO] gaitguard.main: FPS=20.9 | tracks=1 | alerts=0
2025-11-14 20:21:27,433 [INFO] gaitguard.main: FPS=22.3 | tracks=1 | alerts=0
2025-11-14 20:21:28,433 [INFO] gaitguard.main: FPS=23.8 | tracks=1 | alerts=0
2025-11-14 20:21:29,424 [INFO] gaitguard.main: FPS=24.9 | tracks=1 | alerts=0
2025-11-14 20:21:30,400 [INFO] gaitguard.main: FPS=25.7 | tracks=0 | alerts=0
2025-11-14 20:21:31,435 [INFO] gaitguard.main: FPS=26.1 | tracks=1 | alerts=0
2025-11-14 20:21:32,460 [INFO] gaitguard.main: FPS=26.5 | tracks=1 | alerts=0
2025-11-14 20:21:33,474 [INFO] gaitguard.main: FPS=26.8 | tracks=1 | alerts=0
2025-11-14 20:21:34,452 [INFO] gaitguard.main: FPS=27.1 | tracks=1 | alerts=0
2025-11-14 20:21:35,454 [INFO] gaitguard.main: FPS=27.4 | tracks=1 | alerts=0
2025-11-14 20:21:36,520 [INFO] gaitguard.main: FPS=27.4 | tracks=1 | alerts=0
2025-11-14 20:21:37,490 [INFO] gaitguard.main: FPS=27.7 | tracks=1 | alerts=0
2025-11-14 20:21:38,483 [INFO] gaitguard.main: FPS=27.8 | tracks=1 | alerts=0
2025-11-14 20:21:41,364 [INFO] gaitguard.main: FPS=25.0 | tracks=1 | alerts=0
2025-11-14 20:21:42,446 [INFO] gaitguard.main: FPS=25.2 | tracks=1 | alerts=0
2025-11-14 20:21:43,432 [INFO] gaitguard.main: FPS=25.5 | tracks=1 | alerts=0
2025-11-14 20:21:44,435 [INFO] gaitguard.main: FPS=25.7 | tracks=1 | alerts=0
2025-11-14 20:21:45,429 [INFO] gaitguard.main: FPS=25.9 | tracks=1 | alerts=0
2025-11-14 20:21:46,419 [INFO] gaitguard.main: FPS=26.1 | tracks=1 | alerts=0
2025-11-14 20:21:47,441 [INFO] gaitguard.main: FPS=26.2 | tracks=1 | alerts=0
2025-11-14 20:21:48,475 [INFO] gaitguard.main: FPS=26.3 | tracks=2 | alerts=0
2025-11-14 20:21:49,464 [INFO] gaitguard.main: FPS=26.5 | tracks=2 | alerts=0
2025-11-14 20:21:50,444 [INFO] gaitguard.main: FPS=26.6 | tracks=2 | alerts=0
2025-11-14 20:21:51,457 [INFO] gaitguard.main: FPS=26.7 | tracks=2 | alerts=0
2025-11-14 20:21:52,518 [INFO] gaitguard.main: FPS=26.8 | tracks=2 | alerts=0
2025-11-14 20:21:53,516 [INFO] gaitguard.main: FPS=26.9 | tracks=2 | alerts=0
2025-11-14 20:21:54,513 [INFO] gaitguard.main: FPS=27.0 | tracks=2 | alerts=0
2025-11-14 20:21:55,538 [INFO] gaitguard.main: FPS=27.1 | tracks=1 | alerts=0
2025-11-14 20:21:56,537 [INFO] gaitguard.main: FPS=27.2 | tracks=1 | alerts=0
2025-11-14 20:21:57,542 [INFO] gaitguard.main: FPS=27.2 | tracks=1 | alerts=0
2025-11-14 20:21:58,531 [INFO] gaitguard.main: FPS=27.3 | tracks=1 | alerts=0
2025-11-14 20:21:59,553 [INFO] gaitguard.main: FPS=27.4 | tracks=1 | alerts=0
2025-11-14 20:22:00,549 [INFO] gaitguard.main: FPS=27.5 | tracks=1 | alerts=0
2025-11-14 20:22:01,566 [INFO] gaitguard.main: FPS=27.5 | tracks=1 | alerts=0
2025-11-14 20:22:02,585 [INFO] gaitguard.main: FPS=27.6 | tracks=1 | alerts=0
2025-11-14 20:22:03,606 [INFO] gaitguard.main: FPS=27.6 | tracks=1 | alerts=0
2025-11-14 20:22:04,593 [INFO] gaitguard.main: FPS=27.7 | tracks=1 | alerts=0
2025-11-14 20:22:05,672 [INFO] gaitguard.main: FPS=27.7 | tracks=1 | alerts=0
2025-11-14 20:22:06,739 [INFO] gaitguard.main: FPS=27.7 | tracks=1 | alerts=0
2025-11-14 20:22:07,778 [INFO] gaitguard.main: FPS=27.7 | tracks=1 | alerts=0
2025-11-14 20:22:08,770 [INFO] gaitguard.main: FPS=27.8 | tracks=1 | alerts=0
2025-11-14 20:22:09,779 [INFO] gaitguard.main: FPS=27.8 | tracks=1 | alerts=0
2025-11-14 20:22:10,781 [INFO] gaitguard.main: FPS=27.9 | tracks=1 | alerts=0
2025-11-14 20:22:11,814 [INFO] gaitguard.main: FPS=27.9 | tracks=1 | alerts=0
2025-11-14 20:22:12,812 [INFO] gaitguard.main: FPS=27.9 | tracks=1 | alerts=0
2025-11-14 20:22:13,778 [INFO] gaitguard.main: FPS=28.0 | tracks=1 | alerts=0
2025-11-14 20:22:14,870 [INFO] gaitguard.main: FPS=28.0 | tracks=1 | alerts=0
2025-11-14 20:22:15,910 [INFO] gaitguard.main: FPS=28.0 | tracks=1 | alerts=0
2025-11-14 20:22:16,958 [INFO] gaitguard.main: FPS=28.0 | tracks=1 | alerts=0
2025-11-14 20:22:18,005 [INFO] gaitguard.main: FPS=28.0 | tracks=1 | alerts=0
2025-11-14 20:22:19,045 [INFO] gaitguard.main: FPS=28.0 | tracks=1 | alerts=0
2025-11-14 20:22:20,080 [INFO] gaitguard.main: FPS=28.1 | tracks=1 | alerts=0
2025-11-14 20:22:21,131 [INFO] gaitguard.main: FPS=28.1 | tracks=1 | alerts=0
2025-11-14 20:22:22,131 [INFO] gaitguard.main: FPS=28.1 | tracks=1 | alerts=0
2025-11-14 20:22:23,143 [INFO] gaitguard.main: FPS=28.1 | tracks=1 | alerts=0
2025-11-14 20:22:24,124 [INFO] gaitguard.main: FPS=28.2 | tracks=1 | alerts=0
2025-11-14 20:22:25,109 [INFO] gaitguard.main: FPS=28.2 | tracks=1 | alerts=0
2025-11-14 20:22:26,153 [INFO] gaitguard.main: FPS=28.2 | tracks=1 | alerts=0
2025-11-14 20:22:27,171 [INFO] gaitguard.main: FPS=28.2 | tracks=1 | alerts=0
2025-11-14 20:22:28,207 [INFO] gaitguard.main: FPS=28.2 | tracks=1 | alerts=0
2025-11-14 20:22:29,234 [INFO] gaitguard.main: FPS=28.2 | tracks=1 | alerts=0
2025-11-14 20:22:30,211 [INFO] gaitguard.main: FPS=28.3 | tracks=1 | alerts=0
2025-11-14 20:22:31,257 [INFO] gaitguard.main: FPS=28.3 | tracks=1 | alerts=0
2025-11-14 20:22:32,245 [INFO] gaitguard.main: FPS=28.3 | tracks=1 | alerts=0
2025-11-14 20:22:33,285 [INFO] gaitguard.main: FPS=28.3 | tracks=1 | alerts=0
2025-11-14 20:22:34,270 [INFO] gaitguard.main: FPS=28.4 | tracks=1 | alerts=0
2025-11-14 20:22:35,297 [INFO] gaitguard.main: FPS=28.4 | tracks=5 | alerts=0
2025-11-14 20:22:36,306 [INFO] gaitguard.main: FPS=28.4 | tracks=6 | alerts=0
2025-11-14 20:22:37,485 [INFO] gaitguard.main: FPS=28.3 | tracks=6 | alerts=0
2025-11-14 20:22:38,643 [INFO] gaitguard.main: FPS=28.3 | tracks=7 | alerts=0
2025-11-14 20:22:40,005 [INFO] gaitguard.main: FPS=28.2 | tracks=5 | alerts=0
2025-11-14 20:22:41,148 [INFO] gaitguard.main: FPS=28.2 | tracks=5 | alerts=0
2025-11-14 20:22:42,369 [INFO] gaitguard.main: FPS=28.1 | tracks=5 | alerts=0
2025-11-14 20:22:43,679 [INFO] gaitguard.main: FPS=28.0 | tracks=5 | alerts=0
2025-11-14 20:22:44,867 [INFO] gaitguard.main: FPS=28.0 | tracks=5 | alerts=0
2025-11-14 20:22:46,081 [INFO] gaitguard.main: FPS=27.9 | tracks=5 | alerts=0
2025-11-14 20:22:47,338 [INFO] gaitguard.main: FPS=27.9 | tracks=6 | alerts=0
2025-11-14 20:22:48,560 [INFO] gaitguard.main: FPS=27.8 | tracks=6 | alerts=0
2025-11-14 20:22:49,704 [INFO] gaitguard.main: FPS=27.8 | tracks=6 | alerts=0
2025-11-14 20:22:50,822 [INFO] gaitguard.main: FPS=27.8 | tracks=6 | alerts=0
2025-11-14 20:22:51,921 [INFO] gaitguard.main: FPS=27.8 | tracks=6 | alerts=0
2025-11-14 20:22:52,994 [INFO] gaitguard.main: FPS=27.8 | tracks=5 | alerts=0
2025-11-14 20:22:54,002 [INFO] gaitguard.main: FPS=27.8 | tracks=1 | alerts=0
2025-11-14 20:22:55,013 [INFO] gaitguard.main: FPS=27.8 | tracks=1 | alerts=0
2025-11-14 20:22:56,029 [INFO] gaitguard.main: FPS=27.9 | tracks=2 | alerts=0
2025-11-14 20:22:57,067 [INFO] gaitguard.main: FPS=27.9 | tracks=2 | alerts=0
2025-11-14 20:22:58,038 [INFO] gaitguard.main: FPS=27.9 | tracks=1 | alerts=0
2025-11-14 20:22:59,038 [INFO] gaitguard.main: FPS=27.9 | tracks=4 | alerts=0
2025-11-14 20:23:00,064 [INFO] gaitguard.main: FPS=27.9 | tracks=3 | alerts=0
2025-11-14 20:23:01,099 [INFO] gaitguard.main: FPS=27.9 | tracks=1 | alerts=0
2025-11-14 20:23:02,228 [INFO] gaitguard.main: FPS=27.9 | tracks=6 | alerts=0
2025-11-14 20:23:03,364 [INFO] gaitguard.main: FPS=27.9 | tracks=5 | alerts=0
2025-11-14 20:23:04,593 [INFO] gaitguard.main: FPS=27.9 | tracks=5 | alerts=0
2025-11-14 20:23:05,727 [INFO] gaitguard.main: FPS=27.9 | tracks=5 | alerts=0
2025-11-14 20:23:06,980 [INFO] gaitguard.main: FPS=27.8 | tracks=5 | alerts=0
2025-11-14 20:23:08,167 [INFO] gaitguard.main: FPS=27.8 | tracks=5 | alerts=0
2025-11-14 20:23:09,285 [INFO] gaitguard.main: FPS=27.8 | tracks=5 | alerts=0
2025-11-14 20:23:10,401 [INFO] gaitguard.main: FPS=27.8 | tracks=5 | alerts=0
2025-11-14 20:23:11,622 [INFO] gaitguard.main: FPS=27.7 | tracks=5 | alerts=0
2025-11-14 20:23:12,762 [INFO] gaitguard.main: FPS=27.7 | tracks=5 | alerts=0
2025-11-14 20:23:13,852 [INFO] gaitguard.main: FPS=27.7 | tracks=5 | alerts=0
2025-11-14 20:23:14,852 [INFO] gaitguard.main: FPS=27.7 | tracks=1 | alerts=0
2025-11-14 20:23:15,975 [INFO] gaitguard.main: FPS=27.7 | tracks=1 | alerts=0
2025-11-14 20:23:17,012 [INFO] gaitguard.main: FPS=27.7 | tracks=1 | alerts=0
2025-11-14 20:23:18,075 [INFO] gaitguard.main: FPS=27.7 | tracks=1 | alerts=0
2025-11-14 20:23:19,116 [INFO] gaitguard.main: FPS=27.7 | tracks=1 | alerts=0
2025-11-14 20:23:20,083 [INFO] gaitguard.main: FPS=27.8 | tracks=1 | alerts=0
2025-11-14 20:23:21,094 [INFO] gaitguard.main: FPS=27.8 | tracks=1 | alerts=0
2025-11-14 20:23:22,100 [INFO] gaitguard.main: FPS=27.8 | tracks=1 | alerts=0
2025-11-14 20:23:23,094 [INFO] gaitguard.main: FPS=27.8 | tracks=1 | alerts=0
2025-11-14 20:23:24,131 [INFO] gaitguard.main: FPS=27.8 | tracks=1 | alerts=0
2025-11-14 20:23:25,105 [INFO] gaitguard.main: FPS=27.9 | tracks=1 | alerts=0
2025-11-14 20:23:26,135 [INFO] gaitguard.main: FPS=27.9 | tracks=3 | alerts=0
2025-11-14 20:23:27,207 [INFO] gaitguard.main: FPS=27.9 | tracks=2 | alerts=0
2025-11-14 20:23:28,272 [INFO] gaitguard.main: FPS=27.9 | tracks=1 | alerts=0
2025-11-14 20:23:29,274 [INFO] gaitguard.main: FPS=27.9 | tracks=1 | alerts=0
2025-11-14 20:23:30,292 [INFO] gaitguard.main: FPS=27.9 | tracks=1 | alerts=0
2025-11-14 20:23:31,371 [INFO] gaitguard.main: FPS=27.9 | tracks=1 | alerts=0
2025-11-14 20:23:32,407 [INFO] gaitguard.main: FPS=27.9 | tracks=1 | alerts=0
2025-11-14 20:23:33,428 [INFO] gaitguard.main: FPS=27.9 | tracks=1 | alerts=0
2025-11-14 20:23:34,421 [INFO] gaitguard.main: FPS=27.9 | tracks=1 | alerts=0
2025-11-14 20:23:35,479 [INFO] gaitguard.main: FPS=27.9 | tracks=1 | alerts=0
2025-11-14 20:23:36,452 [INFO] gaitguard.main: FPS=28.0 | tracks=1 | alerts=0
2025-11-14 20:23:37,470 [INFO] gaitguard.main: FPS=28.0 | tracks=1 | alerts=0
2025-11-14 20:23:38,454 [INFO] gaitguard.main: FPS=28.0 | tracks=1 | alerts=0
2025-11-14 20:23:39,473 [INFO] gaitguard.main: FPS=28.0 | tracks=1 | alerts=0
2025-11-14 20:23:40,445 [INFO] gaitguard.main: FPS=28.0 | tracks=1 | alerts=0
2025-11-14 20:23:41,431 [INFO] gaitguard.main: FPS=28.0 | tracks=1 | alerts=0
2025-11-14 20:23:42,495 [INFO] gaitguard.main: FPS=28.0 | tracks=1 | alerts=0
2025-11-14 20:23:43,508 [INFO] gaitguard.main: FPS=28.0 | tracks=1 | alerts=0
2025-11-14 20:23:44,517 [INFO] gaitguard.main: FPS=28.1 | tracks=1 | alerts=0
2025-11-14 20:23:45,533 [INFO] gaitguard.main: FPS=28.1 | tracks=1 | alerts=0
2025-11-14 20:23:46,516 [INFO] gaitguard.main: FPS=28.1 | tracks=1 | alerts=0
2025-11-14 20:23:47,542 [INFO] gaitguard.main: FPS=28.1 | tracks=1 | alerts=0
2025-11-14 20:23:48,578 [INFO] gaitguard.main: FPS=28.1 | tracks=3 | alerts=0
2025-11-14 20:23:49,597 [INFO] gaitguard.main: FPS=28.1 | tracks=5 | alerts=0
2025-11-14 20:23:50,677 [INFO] gaitguard.main: FPS=28.1 | tracks=8 | alerts=0
2025-11-14 20:23:51,886 [INFO] gaitguard.main: FPS=28.1 | tracks=8 | alerts=0
2025-11-14 20:23:53,092 [INFO] gaitguard.main: FPS=28.1 | tracks=10 | alerts=0
2025-11-14 20:23:54,305 [INFO] gaitguard.main: FPS=28.0 | tracks=7 | alerts=0
2025-11-14 20:23:55,409 [INFO] gaitguard.main: FPS=28.0 | tracks=5 | alerts=0
2025-11-14 20:23:56,537 [INFO] gaitguard.main: FPS=28.0 | tracks=6 | alerts=0
2025-11-14 20:23:57,774 [INFO] gaitguard.main: FPS=28.0 | tracks=6 | alerts=0
2025-11-14 20:23:58,769 [INFO] gaitguard.main: FPS=28.0 | tracks=5 | alerts=0
2025-11-14 20:23:59,801 [INFO] gaitguard.main: FPS=28.0 | tracks=3 | alerts=0
2025-11-14 20:24:00,831 [INFO] gaitguard.main: FPS=28.0 | tracks=4 | alerts=0
2025-11-14 20:24:01,878 [INFO] gaitguard.main: FPS=28.0 | tracks=5 | alerts=0
2025-11-14 20:24:02,852 [INFO] gaitguard.main: FPS=28.0 | tracks=2 | alerts=0
2025-11-14 20:24:03,859 [INFO] gaitguard.main: FPS=28.0 | tracks=3 | alerts=0
2025-11-14 20:24:04,880 [INFO] gaitguard.main: FPS=28.1 | tracks=1 | alerts=0
2025-11-14 20:24:05,893 [INFO] gaitguard.main: FPS=28.1 | tracks=1 | alerts=0
2025-11-14 20:24:06,919 [INFO] gaitguard.main: FPS=28.1 | tracks=1 | alerts=0
2025-11-14 20:24:07,920 [INFO] gaitguard.main: FPS=28.1 | tracks=3 | alerts=0
2025-11-14 20:24:08,945 [INFO] gaitguard.main: FPS=28.1 | tracks=8 | alerts=0
2025-11-14 20:24:09,958 [INFO] gaitguard.main: FPS=28.1 | tracks=4 | alerts=0
2025-11-14 20:24:10,994 [INFO] gaitguard.main: FPS=28.1 | tracks=6 | alerts=0
2025-11-14 20:24:12,044 [INFO] gaitguard.main: FPS=28.1 | tracks=5 | alerts=0
2025-11-14 20:24:13,051 [INFO] gaitguard.main: FPS=28.1 | tracks=2 | alerts=0
2025-11-14 20:24:14,039 [INFO] gaitguard.main: FPS=28.1 | tracks=2 | alerts=0
2025-11-14 20:24:15,074 [INFO] gaitguard.main: FPS=28.1 | tracks=2 | alerts=0
2025-11-14 20:24:16,162 [INFO] gaitguard.main: FPS=28.1 | tracks=2 | alerts=0
2025-11-14 20:24:17,139 [INFO] gaitguard.main: FPS=28.1 | tracks=2 | alerts=0
2025-11-14 20:24:18,200 [INFO] gaitguard.main: FPS=28.1 | tracks=2 | alerts=0
2025-11-14 20:24:19,412 [INFO] gaitguard.main: FPS=28.1 | tracks=3 | alerts=0
2025-11-14 20:24:20,498 [INFO] gaitguard.main: FPS=28.1 | tracks=6 | alerts=0
2025-11-14 20:24:21,644 [INFO] gaitguard.main: FPS=28.1 | tracks=3 | alerts=0
2025-11-14 20:24:22,732 [INFO] gaitguard.main: FPS=28.1 | tracks=8 | alerts=0
2025-11-14 20:24:23,749 [INFO] gaitguard.main: FPS=28.1 | tracks=6 | alerts=0
2025-11-14 20:24:24,791 [INFO] gaitguard.main: FPS=28.1 | tracks=1 | alerts=0
2025-11-14 20:24:25,806 [INFO] gaitguard.main: FPS=28.1 | tracks=1 | alerts=0
2025-11-14 20:24:26,831 [INFO] gaitguard.main: FPS=28.1 | tracks=1 | alerts=0
2025-11-14 20:24:27,831 [INFO] gaitguard.main: FPS=28.1 | tracks=1 | alerts=0
2025-11-14 20:24:28,828 [INFO] gaitguard.main: FPS=28.2 | tracks=1 | alerts=0
2025-11-14 20:24:29,843 [INFO] gaitguard.main: FPS=28.2 | tracks=1 | alerts=0
2025-11-14 20:24:30,833 [INFO] gaitguard.main: FPS=28.2 | tracks=1 | alerts=0
2025-11-14 20:24:31,948 [INFO] gaitguard.main: FPS=28.2 | tracks=1 | alerts=0
2025-11-14 20:24:33,104 [INFO] gaitguard.main: FPS=28.2 | tracks=1 | alerts=0
2025-11-14 20:24:34,111 [INFO] gaitguard.main: FPS=28.2 | tracks=1 | alerts=0
2025-11-14 20:24:35,158 [INFO] gaitguard.main: FPS=28.2 | tracks=1 | alerts=0
2025-11-14 20:24:36,175 [INFO] gaitguard.main: FPS=28.2 | tracks=1 | alerts=0
2025-11-14 20:24:37,207 [INFO] gaitguard.main: FPS=28.2 | tracks=1 | alerts=0
2025-11-14 20:24:38,231 [INFO] gaitguard.main: FPS=28.2 | tracks=1 | alerts=0
2025-11-14 20:24:39,249 [INFO] gaitguard.main: FPS=28.2 | tracks=1 | alerts=0
2025-11-14 20:24:40,354 [INFO] gaitguard.main: FPS=28.2 | tracks=1 | alerts=0
2025-11-14 20:24:41,412 [INFO] gaitguard.main: FPS=28.2 | tracks=1 | alerts=0
2025-11-14 20:24:42,395 [INFO] gaitguard.main: FPS=28.2 | tracks=1 | alerts=0
2025-11-14 20:24:43,483 [INFO] gaitguard.main: FPS=28.2 | tracks=1 | alerts=0
2025-11-14 20:24:44,479 [INFO] gaitguard.main: FPS=28.2 | tracks=1 | alerts=0
2025-11-14 20:24:45,483 [INFO] gaitguard.main: FPS=28.2 | tracks=1 | alerts=0
2025-11-14 20:24:46,619 [INFO] gaitguard.main: FPS=28.2 | tracks=1 | alerts=0
2025-11-14 20:24:47,700 [INFO] gaitguard.main: FPS=28.2 | tracks=1 | alerts=0
2025-11-14 20:24:48,689 [INFO] gaitguard.main: FPS=28.2 | tracks=1 | alerts=0
2025-11-14 20:24:49,718 [INFO] gaitguard.main: FPS=28.2 | tracks=1 | alerts=0
2025-11-14 20:24:50,851 [INFO] gaitguard.main: FPS=28.2 | tracks=1 | alerts=0
2025-11-14 20:24:51,901 [INFO] gaitguard.main: FPS=28.2 | tracks=1 | alerts=0
2025-11-14 20:24:52,976 [INFO] gaitguard.main: FPS=28.2 | tracks=1 | alerts=0
2025-11-14 20:24:54,006 [INFO] gaitguard.main: FPS=28.2 | tracks=1 | alerts=0
2025-11-14 20:24:55,146 [INFO] gaitguard.main: FPS=28.2 | tracks=1 | alerts=0
2025-11-14 20:24:56,192 [INFO] gaitguard.main: FPS=28.2 | tracks=1 | alerts=0
2025-11-14 20:24:57,304 [INFO] gaitguard.main: FPS=28.2 | tracks=1 | alerts=0
2025-11-14 20:24:58,311 [INFO] gaitguard.main: FPS=28.2 | tracks=1 | alerts=0
2025-11-14 20:24:59,414 [INFO] gaitguard.main: FPS=28.2 | tracks=2 | alerts=0
2025-11-14 20:25:00,438 [INFO] gaitguard.main: FPS=28.2 | tracks=1 | alerts=0
2025-11-14 20:25:01,486 [INFO] gaitguard.main: FPS=28.2 | tracks=1 | alerts=0
2025-11-14 20:25:02,546 [INFO] gaitguard.main: FPS=28.2 | tracks=0 | alerts=0
2025-11-14 20:25:03,607 [INFO] gaitguard.main: FPS=28.2 | tracks=1 | alerts=0
2025-11-14 20:25:04,614 [INFO] gaitguard.main: FPS=28.2 | tracks=1 | alerts=0
2025-11-14 20:25:05,591 [INFO] gaitguard.main: FPS=28.2 | tracks=1 | alerts=0
2025-11-14 20:25:06,580 [INFO] gaitguard.main: FPS=28.2 | tracks=0 | alerts=0
2025-11-14 20:25:07,574 [INFO] gaitguard.main: FPS=28.2 | tracks=0 | alerts=0
2025-11-14 20:25:08,559 [INFO] gaitguard.main: FPS=28.2 | tracks=0 | alerts=0
2025-11-14 20:25:09,636 [INFO] gaitguard.main: FPS=28.2 | tracks=0 | alerts=0
2025-11-14 20:25:10,673 [INFO] gaitguard.main: FPS=28.2 | tracks=0 | alerts=0
2025-11-14 20:25:11,686 [INFO] gaitguard.main: FPS=28.3 | tracks=0 | alerts=0
2025-11-14 20:25:12,767 [INFO] gaitguard.main: FPS=28.3 | tracks=0 | alerts=0
2025-11-14 20:25:13,784 [INFO] gaitguard.main: FPS=28.3 | tracks=1 | alerts=0
2025-11-14 20:25:14,745 [INFO] gaitguard.main: FPS=28.3 | tracks=1 | alerts=0
2025-11-14 20:25:15,758 [INFO] gaitguard.main: FPS=28.3 | tracks=1 | alerts=0
2025-11-14 20:25:16,755 [INFO] gaitguard.main: FPS=28.3 | tracks=1 | alerts=0
2025-11-14 20:25:17,797 [INFO] gaitguard.main: FPS=28.3 | tracks=1 | alerts=0
2025-11-14 20:25:18,780 [INFO] gaitguard.main: FPS=28.3 | tracks=1 | alerts=0
2025-11-14 20:25:19,809 [INFO] gaitguard.main: FPS=28.3 | tracks=1 | alerts=0
2025-11-14 20:25:20,809 [INFO] gaitguard.main: FPS=28.3 | tracks=1 | alerts=0
2025-11-14 20:25:21,884 [INFO] gaitguard.main: FPS=28.3 | tracks=1 | alerts=0
2025-11-14 20:25:22,964 [INFO] gaitguard.main: FPS=28.3 | tracks=1 | alerts=0
2025-11-14 20:25:24,009 [INFO] gaitguard.main: FPS=28.3 | tracks=1 | alerts=0
2025-11-14 20:25:25,067 [INFO] gaitguard.main: FPS=28.3 | tracks=1 | alerts=0
2025-11-14 20:25:26,334 [INFO] gaitguard.main: FPS=28.3 | tracks=2 | alerts=0
2025-11-14 20:25:27,672 [INFO] gaitguard.main: FPS=28.2 | tracks=2 | alerts=0
2025-11-14 20:25:28,753 [INFO] gaitguard.main: FPS=28.2 | tracks=1 | alerts=0
2025-11-14 20:25:29,772 [INFO] gaitguard.main: FPS=28.2 | tracks=1 | alerts=0
2025-11-14 20:25:30,890 [INFO] gaitguard.main: FPS=28.2 | tracks=1 | alerts=0
2025-11-14 20:25:31,958 [INFO] gaitguard.main: FPS=28.2 | tracks=1 | alerts=0
2025-11-14 20:25:33,022 [INFO] gaitguard.main: FPS=28.2 | tracks=1 | alerts=0
2025-11-14 20:25:34,264 [INFO] gaitguard.main: FPS=28.2 | tracks=1 | alerts=0
2025-11-14 20:25:35,424 [INFO] gaitguard.main: FPS=28.2 | tracks=1 | alerts=0
2025-11-14 20:25:36,505 [INFO] gaitguard.main: FPS=28.2 | tracks=1 | alerts=0
2025-11-14 20:25:37,601 [INFO] gaitguard.main: FPS=28.2 | tracks=1 | alerts=0
2025-11-14 20:25:38,745 [INFO] gaitguard.main: FPS=28.2 | tracks=1 | alerts=0
2025-11-14 20:25:39,813 [INFO] gaitguard.main: FPS=28.2 | tracks=1 | alerts=0
2025-11-14 20:25:40,836 [INFO] gaitguard.main: FPS=28.2 | tracks=1 | alerts=0
2025-11-14 20:25:41,924 [INFO] gaitguard.main: FPS=28.2 | tracks=1 | alerts=0
2025-11-14 20:25:42,905 [INFO] gaitguard.main: FPS=28.2 | tracks=1 | alerts=0
2025-11-14 20:25:43,993 [INFO] gaitguard.main: FPS=28.2 | tracks=1 | alerts=0
2025-11-14 20:25:45,030 [INFO] gaitguard.main: FPS=28.2 | tracks=1 | alerts=0
2025-11-14 20:25:46,084 [INFO] gaitguard.main: FPS=28.2 | tracks=0 | alerts=0
2025-11-14 20:25:47,092 [INFO] gaitguard.main: FPS=28.2 | tracks=0 | alerts=0
2025-11-14 20:25:48,070 [INFO] gaitguard.main: FPS=28.2 | tracks=0 | alerts=0
2025-11-14 20:25:49,102 [INFO] gaitguard.main: FPS=28.2 | tracks=1 | alerts=0
2025-11-14 20:25:50,125 [INFO] gaitguard.main: FPS=28.2 | tracks=2 | alerts=0
2025-11-14 20:25:51,249 [INFO] gaitguard.main: FPS=28.2 | tracks=3 | alerts=0
2025-11-14 20:25:52,381 [INFO] gaitguard.main: FPS=28.2 | tracks=3 | alerts=0
2025-11-14 20:25:53,527 [INFO] gaitguard.main: FPS=28.2 | tracks=2 | alerts=0
2025-11-14 20:25:54,613 [INFO] gaitguard.main: FPS=28.2 | tracks=3 | alerts=0
2025-11-14 20:25:55,679 [INFO] gaitguard.main: FPS=28.2 | tracks=2 | alerts=0
2025-11-14 20:25:56,731 [INFO] gaitguard.main: FPS=28.2 | tracks=2 | alerts=0
2025-11-14 20:25:57,883 [INFO] gaitguard.main: FPS=28.2 | tracks=2 | alerts=0
2025-11-14 20:25:59,054 [INFO] gaitguard.main: FPS=28.2 | tracks=3 | alerts=0
2025-11-14 20:26:00,123 [INFO] gaitguard.main: FPS=28.2 | tracks=1 | alerts=0
2025-11-14 20:26:01,175 [INFO] gaitguard.main: FPS=28.2 | tracks=1 | alerts=0
2025-11-14 20:26:02,233 [INFO] gaitguard.main: FPS=28.2 | tracks=1 | alerts=0
2025-11-14 20:26:03,364 [INFO] gaitguard.main: FPS=28.2 | tracks=1 | alerts=0
2025-11-14 20:26:04,475 [INFO] gaitguard.main: FPS=28.2 | tracks=1 | alerts=0
2025-11-14 20:26:05,594 [INFO] gaitguard.main: FPS=28.2 | tracks=1 | alerts=0
2025-11-14 20:26:06,606 [INFO] gaitguard.main: FPS=28.2 | tracks=2 | alerts=0
2025-11-14 20:26:07,707 [INFO] gaitguard.main: FPS=28.2 | tracks=2 | alerts=0
2025-11-14 20:26:08,755 [INFO] gaitguard.main: FPS=28.2 | tracks=1 | alerts=0
2025-11-14 20:26:09,772 [INFO] gaitguard.main: FPS=28.2 | tracks=0 | alerts=0
2025-11-14 20:26:10,791 [INFO] gaitguard.main: FPS=28.2 | tracks=0 | alerts=0
2025-11-14 20:26:11,767 [INFO] gaitguard.main: FPS=28.2 | tracks=0 | alerts=0
2025-11-14 20:26:12,791 [INFO] gaitguard.main: FPS=28.2 | tracks=1 | alerts=0
2025-11-14 20:26:13,895 [INFO] gaitguard.main: FPS=28.2 | tracks=2 | alerts=0
2025-11-14 20:26:14,901 [INFO] gaitguard.main: FPS=28.2 | tracks=1 | alerts=0
2025-11-14 20:26:15,952 [INFO] gaitguard.main: FPS=28.2 | tracks=1 | alerts=0
2025-11-14 20:26:16,930 [INFO] gaitguard.main: FPS=28.2 | tracks=1 | alerts=0
2025-11-14 20:26:17,963 [INFO] gaitguard.main: FPS=28.2 | tracks=1 | alerts=0
2025-11-14 20:26:19,016 [INFO] gaitguard.main: FPS=28.2 | tracks=1 | alerts=0
2025-11-14 20:26:20,057 [INFO] gaitguard.main: FPS=28.2 | tracks=0 | alerts=0
2025-11-14 20:26:21,079 [INFO] gaitguard.main: FPS=28.2 | tracks=0 | alerts=0
2025-11-14 20:26:22,087 [INFO] gaitguard.main: FPS=28.2 | tracks=0 | alerts=0
2025-11-14 20:26:23,062 [INFO] gaitguard.main: FPS=28.2 | tracks=0 | alerts=0
2025-11-14 20:26:24,097 [INFO] gaitguard.main: FPS=28.2 | tracks=0 | alerts=0
2025-11-14 20:26:25,134 [INFO] gaitguard.main: FPS=28.2 | tracks=0 | alerts=0
2025-11-14 20:26:26,170 [INFO] gaitguard.main: FPS=28.2 | tracks=0 | alerts=0
2025-11-14 20:26:27,159 [INFO] gaitguard.main: FPS=28.2 | tracks=0 | alerts=0
2025-11-14 20:26:28,231 [INFO] gaitguard.main: FPS=28.2 | tracks=0 | alerts=0
2025-11-14 20:26:29,262 [INFO] gaitguard.main: FPS=28.2 | tracks=0 | alerts=0
2025-11-14 20:26:30,260 [INFO] gaitguard.main: FPS=28.3 | tracks=0 | alerts=0
2025-11-14 20:26:31,246 [INFO] gaitguard.main: FPS=28.3 | tracks=0 | alerts=0
2025-11-14 20:26:32,267 [INFO] gaitguard.main: FPS=28.3 | tracks=0 | alerts=0
2025-11-14 20:26:33,238 [INFO] gaitguard.main: FPS=28.3 | tracks=0 | alerts=0
2025-11-14 20:26:34,267 [INFO] gaitguard.main: FPS=28.3 | tracks=0 | alerts=0
2025-11-14 20:26:35,286 [INFO] gaitguard.main: FPS=28.3 | tracks=0 | alerts=0
2025-11-14 20:26:36,280 [INFO] gaitguard.main: FPS=28.3 | tracks=0 | alerts=0
2025-11-14 20:26:37,258 [INFO] gaitguard.main: FPS=28.3 | tracks=0 | alerts=0
2025-11-14 20:26:38,288 [INFO] gaitguard.main: FPS=28.3 | tracks=0 | alerts=0
2025-11-14 20:26:39,304 [INFO] gaitguard.main: FPS=28.3 | tracks=0 | alerts=0
2025-11-14 20:26:40,358 [INFO] gaitguard.main: FPS=28.3 | tracks=0 | alerts=0
2025-11-14 20:26:41,340 [INFO] gaitguard.main: FPS=28.3 | tracks=0 | alerts=0
2025-11-14 20:26:42,425 [INFO] gaitguard.main: FPS=28.3 | tracks=0 | alerts=0
2025-11-14 20:26:43,533 [INFO] gaitguard.main: FPS=28.3 | tracks=1 | alerts=0
2025-11-14 20:26:44,609 [INFO] gaitguard.main: FPS=28.3 | tracks=1 | alerts=0
2025-11-14 20:26:45,666 [INFO] gaitguard.main: FPS=28.3 | tracks=2 | alerts=0
2025-11-14 20:26:46,875 [INFO] gaitguard.main: FPS=28.3 | tracks=1 | alerts=0
2025-11-14 20:26:48,031 [INFO] gaitguard.main: FPS=28.3 | tracks=1 | alerts=0
2025-11-14 20:26:49,111 [INFO] gaitguard.main: FPS=28.3 | tracks=1 | alerts=0
2025-11-14 20:26:50,140 [INFO] gaitguard.main: FPS=28.3 | tracks=1 | alerts=0
2025-11-14 20:26:51,130 [INFO] gaitguard.main: FPS=28.3 | tracks=1 | alerts=0
2025-11-14 20:26:52,249 [INFO] gaitguard.main: FPS=28.3 | tracks=1 | alerts=0
2025-11-14 20:26:53,290 [INFO] gaitguard.main: FPS=28.3 | tracks=1 | alerts=0
2025-11-14 20:26:54,310 [INFO] gaitguard.main: FPS=28.3 | tracks=1 | alerts=0
2025-11-14 20:26:55,322 [INFO] gaitguard.main: FPS=28.3 | tracks=1 | alerts=0
2025-11-14 20:26:56,299 [INFO] gaitguard.main: FPS=28.3 | tracks=1 | alerts=0
2025-11-14 20:26:57,367 [INFO] gaitguard.main: FPS=28.3 | tracks=1 | alerts=0
2025-11-14 20:26:58,380 [INFO] gaitguard.main: FPS=28.3 | tracks=1 | alerts=0
2025-11-14 20:26:59,419 [INFO] gaitguard.main: FPS=28.3 | tracks=1 | alerts=0
2025-11-14 20:27:00,556 [INFO] gaitguard.main: FPS=28.3 | tracks=1 | alerts=0
2025-11-14 20:27:01,587 [INFO] gaitguard.main: FPS=28.3 | tracks=1 | alerts=0
2025-11-14 20:27:02,591 [INFO] gaitguard.main: FPS=28.3 | tracks=1 | alerts=0
2025-11-14 20:27:03,792 [INFO] gaitguard.main: FPS=28.3 | tracks=1 | alerts=0
2025-11-14 20:27:04,856 [INFO] gaitguard.main: FPS=28.3 | tracks=1 | alerts=0
2025-11-14 20:27:05,941 [INFO] gaitguard.main: FPS=28.3 | tracks=1 | alerts=0
2025-11-14 20:27:06,989 [INFO] gaitguard.main: FPS=28.3 | tracks=1 | alerts=0
2025-11-14 20:27:08,034 [INFO] gaitguard.main: FPS=28.3 | tracks=1 | alerts=0
2025-11-14 20:27:09,104 [INFO] gaitguard.main: FPS=28.3 | tracks=1 | alerts=0
2025-11-14 20:27:10,231 [INFO] gaitguard.main: FPS=28.3 | tracks=1 | alerts=0
2025-11-14 20:27:11,274 [INFO] gaitguard.main: FPS=28.3 | tracks=1 | alerts=0
2025-11-14 20:27:12,350 [INFO] gaitguard.main: FPS=28.3 | tracks=1 | alerts=0
2025-11-14 20:27:13,470 [INFO] gaitguard.main: FPS=28.3 | tracks=1 | alerts=0
2025-11-14 20:27:14,717 [INFO] gaitguard.main: FPS=28.3 | tracks=1 | alerts=0
2025-11-14 20:27:15,921 [INFO] gaitguard.main: FPS=28.3 | tracks=1 | alerts=0
2025-11-14 20:27:17,300 [INFO] gaitguard.main: GaitGuard Phase-1 pipeline stopped.
2025-11-14 20:38:53,229 [INFO] gaitguard.device: Using CUDA device: NVIDIA GeForce RTX 3050 6GB Laptop GPU
2025-11-14 20:38:53,229 [INFO] gaitguard.main: Runtime device=cuda | half=True
2025-11-14 20:38:53,229 [INFO] perception.detector: Loading YOLO model 'yolo11n.pt' on device 'cuda'
2025-11-14 20:38:54,149 [INFO] perception.detector: YOLO model loaded in FP16 on CUDA
2025-11-14 20:38:54,149 [INFO] perception.detector: YOLO model ready
2025-11-14 20:38:54,149 [INFO] perception.perception_engine: Phase-1 PerceptionEngine initialized.
2025-11-14 20:38:59,423 [INFO] gaitguard.main: GaitGuard Phase-1 pipeline started. Press ESC to exit.
2025-11-14 20:39:01,063 [INFO] gaitguard.main: FPS=18.7 | tracks=1 | alerts=0
2025-11-14 20:39:02,066 [INFO] gaitguard.main: FPS=22.9 | tracks=1 | alerts=0
2025-11-14 20:39:03,125 [INFO] gaitguard.main: FPS=24.5 | tracks=2 | alerts=0
2025-11-14 20:39:04,118 [INFO] gaitguard.main: FPS=25.7 | tracks=1 | alerts=0
2025-11-14 20:39:05,175 [INFO] gaitguard.main: FPS=26.2 | tracks=2 | alerts=0
2025-11-14 20:39:06,213 [INFO] gaitguard.main: FPS=26.6 | tracks=1 | alerts=0
2025-11-14 20:39:07,233 [INFO] gaitguard.main: FPS=27.0 | tracks=1 | alerts=0
2025-11-14 20:39:08,257 [INFO] gaitguard.main: FPS=27.3 | tracks=1 | alerts=0
2025-11-14 20:39:09,255 [INFO] gaitguard.main: FPS=27.6 | tracks=1 | alerts=0
2025-11-14 20:39:13,685 [INFO] gaitguard.main: FPS=21.1 | tracks=1 | alerts=0
2025-11-14 20:39:14,714 [INFO] gaitguard.main: FPS=21.6 | tracks=1 | alerts=0
2025-11-14 20:39:15,731 [INFO] gaitguard.main: FPS=22.1 | tracks=1 | alerts=0
2025-11-14 20:39:16,721 [INFO] gaitguard.main: FPS=22.6 | tracks=1 | alerts=0
2025-11-14 20:39:17,698 [INFO] gaitguard.main: FPS=23.0 | tracks=1 | alerts=0
2025-11-14 20:39:18,752 [INFO] gaitguard.main: FPS=23.3 | tracks=1 | alerts=0
2025-11-14 20:39:19,745 [INFO] gaitguard.main: FPS=23.7 | tracks=1 | alerts=0
2025-11-14 20:39:20,795 [INFO] gaitguard.main: FPS=23.9 | tracks=4 | alerts=0
2025-11-14 20:39:21,867 [INFO] gaitguard.main: FPS=24.1 | tracks=7 | alerts=0
2025-11-14 20:39:22,905 [INFO] gaitguard.main: FPS=24.3 | tracks=7 | alerts=0
2025-11-14 20:39:23,918 [INFO] gaitguard.main: FPS=24.5 | tracks=2 | alerts=0
2025-11-14 20:39:24,898 [INFO] gaitguard.main: FPS=24.8 | tracks=1 | alerts=0
2025-11-14 20:39:25,892 [INFO] gaitguard.main: FPS=25.0 | tracks=1 | alerts=0
2025-11-14 20:39:26,874 [INFO] gaitguard.main: FPS=25.2 | tracks=1 | alerts=0
2025-11-14 20:39:27,864 [INFO] gaitguard.main: FPS=25.3 | tracks=6 | alerts=0
2025-11-14 20:39:28,921 [INFO] gaitguard.main: FPS=25.5 | tracks=5 | alerts=0
2025-11-14 20:39:29,979 [INFO] gaitguard.main: FPS=25.6 | tracks=8 | alerts=0
2025-11-14 20:39:31,011 [INFO] gaitguard.main: FPS=25.7 | tracks=6 | alerts=0
2025-11-14 20:39:32,044 [INFO] gaitguard.main: FPS=25.8 | tracks=4 | alerts=0
2025-11-14 20:39:33,030 [INFO] gaitguard.main: FPS=25.9 | tracks=3 | alerts=0
2025-11-14 20:39:34,046 [INFO] gaitguard.main: FPS=26.0 | tracks=1 | alerts=0
2025-11-14 20:39:35,036 [INFO] gaitguard.main: FPS=26.1 | tracks=2 | alerts=0
2025-11-14 20:39:36,047 [INFO] gaitguard.main: FPS=26.2 | tracks=1 | alerts=0
2025-11-14 20:39:37,031 [INFO] gaitguard.main: FPS=26.3 | tracks=1 | alerts=0
2025-11-14 20:39:38,020 [INFO] gaitguard.main: FPS=26.4 | tracks=1 | alerts=0
2025-11-14 20:39:39,011 [INFO] gaitguard.main: FPS=26.5 | tracks=1 | alerts=0
2025-11-14 20:39:40,017 [INFO] gaitguard.main: FPS=26.6 | tracks=1 | alerts=0
2025-11-14 20:39:41,012 [INFO] gaitguard.main: FPS=26.7 | tracks=1 | alerts=0
2025-11-14 20:39:42,036 [INFO] gaitguard.main: FPS=26.8 | tracks=1 | alerts=0
2025-11-14 20:39:43,058 [INFO] gaitguard.main: FPS=26.8 | tracks=1 | alerts=0
2025-11-14 20:39:44,082 [INFO] gaitguard.main: FPS=26.9 | tracks=1 | alerts=0
2025-11-14 20:39:45,092 [INFO] gaitguard.main: FPS=27.0 | tracks=1 | alerts=0
2025-11-14 20:39:46,108 [INFO] gaitguard.main: FPS=27.0 | tracks=1 | alerts=0
2025-11-14 20:39:47,208 [INFO] gaitguard.main: FPS=27.0 | tracks=1 | alerts=0
2025-11-14 20:39:48,218 [INFO] gaitguard.main: FPS=27.1 | tracks=1 | alerts=0
2025-11-14 20:39:49,222 [INFO] gaitguard.main: FPS=27.1 | tracks=1 | alerts=0
2025-11-14 20:39:50,233 [INFO] gaitguard.main: FPS=27.2 | tracks=1 | alerts=0
2025-11-14 20:39:51,260 [INFO] gaitguard.main: FPS=27.2 | tracks=1 | alerts=0
2025-11-14 20:39:52,242 [INFO] gaitguard.main: FPS=27.3 | tracks=1 | alerts=0
2025-11-14 20:39:53,298 [INFO] gaitguard.main: FPS=27.3 | tracks=1 | alerts=0
2025-11-14 20:39:54,387 [INFO] gaitguard.main: FPS=27.3 | tracks=1 | alerts=0
2025-11-14 20:39:55,378 [INFO] gaitguard.main: FPS=27.4 | tracks=1 | alerts=0
2025-11-14 20:39:56,403 [INFO] gaitguard.main: FPS=27.4 | tracks=1 | alerts=0
2025-11-14 20:39:57,411 [INFO] gaitguard.main: FPS=27.4 | tracks=1 | alerts=0
2025-11-14 20:39:58,423 [INFO] gaitguard.main: FPS=27.5 | tracks=1 | alerts=0
2025-11-14 20:39:59,432 [INFO] gaitguard.main: FPS=27.5 | tracks=1 | alerts=0
2025-11-14 20:40:00,424 [INFO] gaitguard.main: FPS=27.6 | tracks=1 | alerts=0
2025-11-14 20:40:01,429 [INFO] gaitguard.main: FPS=27.6 | tracks=1 | alerts=0
2025-11-14 20:40:02,451 [INFO] gaitguard.main: FPS=27.6 | tracks=1 | alerts=0
2025-11-14 20:40:03,442 [INFO] gaitguard.main: FPS=27.7 | tracks=1 | alerts=0
2025-11-14 20:40:04,424 [INFO] gaitguard.main: FPS=27.7 | tracks=1 | alerts=0
2025-11-14 20:40:05,448 [INFO] gaitguard.main: FPS=27.7 | tracks=1 | alerts=0
2025-11-14 20:40:06,467 [INFO] gaitguard.main: FPS=27.8 | tracks=1 | alerts=0
2025-11-14 20:40:07,467 [INFO] gaitguard.main: FPS=27.8 | tracks=1 | alerts=0
2025-11-14 20:40:08,454 [INFO] gaitguard.main: FPS=27.8 | tracks=1 | alerts=0
2025-11-14 20:40:09,450 [INFO] gaitguard.main: FPS=27.9 | tracks=1 | alerts=0
2025-11-14 20:40:10,492 [INFO] gaitguard.main: FPS=27.9 | tracks=1 | alerts=0
2025-11-14 20:40:11,477 [INFO] gaitguard.main: FPS=27.9 | tracks=1 | alerts=0
2025-11-14 20:40:12,474 [INFO] gaitguard.main: FPS=27.9 | tracks=1 | alerts=0
2025-11-14 20:40:13,473 [INFO] gaitguard.main: FPS=28.0 | tracks=1 | alerts=0
2025-11-14 20:40:14,564 [INFO] gaitguard.main: FPS=28.0 | tracks=1 | alerts=0
2025-11-14 20:40:15,642 [INFO] gaitguard.main: FPS=28.0 | tracks=1 | alerts=0
2025-11-14 20:40:16,719 [INFO] gaitguard.main: FPS=28.0 | tracks=1 | alerts=0
2025-11-14 20:40:17,743 [INFO] gaitguard.main: FPS=28.0 | tracks=1 | alerts=0
2025-11-14 20:40:18,810 [INFO] gaitguard.main: FPS=28.0 | tracks=1 | alerts=0
2025-11-14 20:40:19,865 [INFO] gaitguard.main: FPS=28.0 | tracks=1 | alerts=0
2025-11-14 20:40:20,896 [INFO] gaitguard.main: FPS=28.0 | tracks=2 | alerts=0
2025-11-14 20:40:21,963 [INFO] gaitguard.main: FPS=28.0 | tracks=1 | alerts=0
2025-11-14 20:40:23,046 [INFO] gaitguard.main: FPS=28.0 | tracks=1 | alerts=0
2025-11-14 20:40:24,107 [INFO] gaitguard.main: FPS=28.0 | tracks=1 | alerts=0
2025-11-14 20:40:25,146 [INFO] gaitguard.main: FPS=28.0 | tracks=1 | alerts=0
2025-11-14 20:40:26,171 [INFO] gaitguard.main: FPS=28.0 | tracks=1 | alerts=0
2025-11-14 20:40:27,200 [INFO] gaitguard.main: FPS=28.0 | tracks=1 | alerts=0
2025-11-14 20:40:28,217 [INFO] gaitguard.main: FPS=28.1 | tracks=1 | alerts=0
2025-11-14 20:40:29,193 [INFO] gaitguard.main: FPS=28.1 | tracks=1 | alerts=0
2025-11-14 20:40:30,306 [INFO] gaitguard.main: FPS=28.1 | tracks=1 | alerts=0
2025-11-14 20:40:31,424 [INFO] gaitguard.main: FPS=28.1 | tracks=1 | alerts=0
2025-11-14 20:40:32,407 [INFO] gaitguard.main: FPS=28.1 | tracks=1 | alerts=0
2025-11-14 20:40:33,454 [INFO] gaitguard.main: FPS=28.1 | tracks=1 | alerts=0
2025-11-14 20:40:34,426 [INFO] gaitguard.main: FPS=28.1 | tracks=1 | alerts=0
2025-11-14 20:40:35,593 [INFO] gaitguard.main: FPS=28.1 | tracks=1 | alerts=0
2025-11-14 20:40:36,820 [INFO] gaitguard.main: FPS=28.0 | tracks=1 | alerts=0
2025-11-14 20:40:38,179 [INFO] gaitguard.main: FPS=28.0 | tracks=1 | alerts=0
2025-11-14 20:40:39,138 [INFO] gaitguard.main: FPS=28.0 | tracks=1 | alerts=0
2025-11-14 20:40:40,118 [INFO] gaitguard.main: FPS=28.0 | tracks=1 | alerts=0
2025-11-14 20:40:41,116 [INFO] gaitguard.main: FPS=28.0 | tracks=1 | alerts=0
2025-11-14 20:40:42,102 [INFO] gaitguard.main: FPS=28.1 | tracks=1 | alerts=0
2025-11-14 20:40:43,124 [INFO] gaitguard.main: FPS=28.1 | tracks=1 | alerts=0
2025-11-14 20:40:44,174 [INFO] gaitguard.main: FPS=28.1 | tracks=1 | alerts=0
2025-11-14 20:40:45,211 [INFO] gaitguard.main: FPS=28.1 | tracks=1 | alerts=0
2025-11-14 20:40:46,243 [INFO] gaitguard.main: FPS=28.1 | tracks=1 | alerts=0
2025-11-14 20:40:47,237 [INFO] gaitguard.main: FPS=28.1 | tracks=1 | alerts=0
2025-11-14 20:40:48,228 [INFO] gaitguard.main: FPS=28.1 | tracks=1 | alerts=0
2025-11-14 20:40:49,341 [INFO] gaitguard.main: FPS=28.1 | tracks=1 | alerts=0
2025-11-14 20:40:50,525 [INFO] gaitguard.main: FPS=28.1 | tracks=1 | alerts=0
2025-11-14 20:40:51,695 [INFO] gaitguard.main: FPS=28.1 | tracks=1 | alerts=0
2025-11-14 20:40:52,776 [INFO] gaitguard.main: FPS=28.1 | tracks=1 | alerts=0
2025-11-14 20:40:54,094 [INFO] gaitguard.main: FPS=28.0 | tracks=1 | alerts=0
2025-11-14 20:40:55,379 [INFO] gaitguard.main: FPS=28.0 | tracks=1 | alerts=0
2025-11-14 20:40:56,519 [INFO] gaitguard.main: FPS=27.9 | tracks=1 | alerts=0
2025-11-14 20:40:57,710 [INFO] gaitguard.main: FPS=27.9 | tracks=1 | alerts=0
2025-11-14 20:40:58,991 [INFO] gaitguard.main: FPS=27.9 | tracks=1 | alerts=0
2025-11-14 20:41:00,138 [INFO] gaitguard.main: FPS=27.8 | tracks=1 | alerts=0
2025-11-14 20:41:01,404 [INFO] gaitguard.main: FPS=27.8 | tracks=1 | alerts=0
2025-11-14 20:41:02,536 [INFO] gaitguard.main: FPS=27.8 | tracks=1 | alerts=0
2025-11-14 20:41:03,779 [INFO] gaitguard.main: FPS=27.8 | tracks=1 | alerts=0
2025-11-14 20:41:04,944 [INFO] gaitguard.main: FPS=27.7 | tracks=1 | alerts=0
2025-11-14 20:41:06,164 [INFO] gaitguard.main: FPS=27.7 | tracks=1 | alerts=0
2025-11-14 20:41:07,314 [INFO] gaitguard.main: FPS=27.7 | tracks=1 | alerts=0
2025-11-14 20:41:08,546 [INFO] gaitguard.main: FPS=27.7 | tracks=1 | alerts=0
2025-11-14 20:41:09,816 [INFO] gaitguard.main: FPS=27.6 | tracks=1 | alerts=0
2025-11-14 20:41:11,201 [INFO] gaitguard.main: FPS=27.6 | tracks=1 | alerts=0
2025-11-14 20:41:12,468 [INFO] gaitguard.main: FPS=27.5 | tracks=1 | alerts=0
2025-11-14 20:41:13,700 [INFO] gaitguard.main: FPS=27.5 | tracks=1 | alerts=0
2025-11-14 20:41:15,023 [INFO] gaitguard.main: FPS=27.4 | tracks=1 | alerts=0
2025-11-14 20:41:16,327 [INFO] gaitguard.main: FPS=27.4 | tracks=1 | alerts=0
2025-11-14 20:41:17,573 [INFO] gaitguard.main: FPS=27.4 | tracks=1 | alerts=0
2025-11-14 20:41:18,781 [INFO] gaitguard.main: FPS=27.3 | tracks=1 | alerts=0
2025-11-14 20:41:20,086 [INFO] gaitguard.main: FPS=27.3 | tracks=1 | alerts=0
2025-11-14 20:41:21,315 [INFO] gaitguard.main: FPS=27.3 | tracks=1 | alerts=0
2025-11-14 20:41:22,499 [INFO] gaitguard.main: FPS=27.3 | tracks=1 | alerts=0
2025-11-14 20:41:23,778 [INFO] gaitguard.main: FPS=27.2 | tracks=1 | alerts=0
2025-11-14 20:41:25,058 [INFO] gaitguard.main: FPS=27.2 | tracks=1 | alerts=0
2025-11-14 20:41:26,357 [INFO] gaitguard.main: FPS=27.2 | tracks=1 | alerts=0
2025-11-14 20:41:27,602 [INFO] gaitguard.main: FPS=27.1 | tracks=1 | alerts=0
2025-11-14 20:41:28,768 [INFO] gaitguard.main: FPS=27.1 | tracks=1 | alerts=0
2025-11-14 20:41:29,908 [INFO] gaitguard.main: FPS=27.1 | tracks=1 | alerts=0
2025-11-14 20:41:31,106 [INFO] gaitguard.main: FPS=27.1 | tracks=1 | alerts=0
2025-11-14 20:41:32,190 [INFO] gaitguard.main: FPS=27.1 | tracks=1 | alerts=0
2025-11-14 20:41:33,455 [INFO] gaitguard.main: FPS=27.1 | tracks=1 | alerts=0
2025-11-14 20:41:34,678 [INFO] gaitguard.main: FPS=27.1 | tracks=1 | alerts=0
2025-11-14 20:41:35,870 [INFO] gaitguard.main: FPS=27.0 | tracks=1 | alerts=0
2025-11-14 20:41:37,130 [INFO] gaitguard.main: FPS=27.0 | tracks=1 | alerts=0
2025-11-14 20:41:38,433 [INFO] gaitguard.main: FPS=27.0 | tracks=1 | alerts=0
2025-11-14 20:41:39,753 [INFO] gaitguard.main: FPS=26.9 | tracks=1 | alerts=0
2025-11-14 20:41:41,047 [INFO] gaitguard.main: FPS=26.9 | tracks=1 | alerts=0
2025-11-14 20:41:42,241 [INFO] gaitguard.main: FPS=26.9 | tracks=1 | alerts=0
2025-11-14 20:41:43,394 [INFO] gaitguard.main: FPS=26.9 | tracks=1 | alerts=0
2025-11-14 20:41:44,494 [INFO] gaitguard.main: FPS=26.9 | tracks=1 | alerts=0
2025-11-14 20:41:45,791 [INFO] gaitguard.main: FPS=26.9 | tracks=1 | alerts=0
2025-11-14 20:41:47,039 [INFO] gaitguard.main: FPS=26.9 | tracks=1 | alerts=0
2025-11-14 20:41:48,378 [INFO] gaitguard.main: FPS=26.8 | tracks=1 | alerts=0
2025-11-14 20:41:49,683 [INFO] gaitguard.main: FPS=26.8 | tracks=1 | alerts=0
2025-11-14 20:41:50,830 [INFO] gaitguard.main: FPS=26.8 | tracks=1 | alerts=0
2025-11-14 20:41:51,930 [INFO] gaitguard.main: FPS=26.8 | tracks=1 | alerts=0
2025-11-14 20:41:53,141 [INFO] gaitguard.main: FPS=26.8 | tracks=1 | alerts=0
2025-11-14 20:41:54,347 [INFO] gaitguard.main: FPS=26.8 | tracks=1 | alerts=0
2025-11-14 20:41:55,476 [INFO] gaitguard.main: FPS=26.8 | tracks=1 | alerts=0
2025-11-14 20:41:56,596 [INFO] gaitguard.main: FPS=26.8 | tracks=1 | alerts=0
2025-11-14 20:41:57,799 [INFO] gaitguard.main: FPS=26.7 | tracks=1 | alerts=0
2025-11-14 20:41:58,956 [INFO] gaitguard.main: FPS=26.7 | tracks=1 | alerts=0
2025-11-14 20:42:00,154 [INFO] gaitguard.main: FPS=26.7 | tracks=1 | alerts=0
2025-11-14 20:42:01,355 [INFO] gaitguard.main: FPS=26.7 | tracks=1 | alerts=0
2025-11-14 20:42:02,573 [INFO] gaitguard.main: FPS=26.7 | tracks=1 | alerts=0
2025-11-14 20:42:03,782 [INFO] gaitguard.main: FPS=26.7 | tracks=1 | alerts=0
2025-11-14 20:42:04,997 [INFO] gaitguard.main: FPS=26.7 | tracks=1 | alerts=0
2025-11-14 20:42:06,182 [INFO] gaitguard.main: FPS=26.7 | tracks=1 | alerts=0
2025-11-14 20:42:07,478 [INFO] gaitguard.main: FPS=26.6 | tracks=1 | alerts=0
2025-11-14 20:42:08,681 [INFO] gaitguard.main: FPS=26.6 | tracks=1 | alerts=0
2025-11-14 20:42:09,952 [INFO] gaitguard.main: FPS=26.6 | tracks=1 | alerts=0
2025-11-14 20:42:11,194 [INFO] gaitguard.main: FPS=26.6 | tracks=1 | alerts=0
2025-11-14 20:42:12,449 [INFO] gaitguard.main: FPS=26.6 | tracks=1 | alerts=0
2025-11-14 20:42:13,664 [INFO] gaitguard.main: FPS=26.6 | tracks=1 | alerts=0
2025-11-14 20:42:14,846 [INFO] gaitguard.main: FPS=26.6 | tracks=1 | alerts=0
2025-11-14 20:42:16,094 [INFO] gaitguard.main: FPS=26.5 | tracks=1 | alerts=0
2025-11-14 20:42:17,263 [INFO] gaitguard.main: FPS=26.5 | tracks=1 | alerts=0
2025-11-14 20:42:18,478 [INFO] gaitguard.main: FPS=26.5 | tracks=1 | alerts=0
2025-11-14 20:42:19,656 [INFO] gaitguard.main: FPS=26.5 | tracks=1 | alerts=0
2025-11-14 20:42:20,899 [INFO] gaitguard.main: FPS=26.5 | tracks=1 | alerts=0
2025-11-14 20:42:22,069 [INFO] gaitguard.main: FPS=26.5 | tracks=1 | alerts=0
2025-11-14 20:42:23,361 [INFO] gaitguard.main: FPS=26.5 | tracks=1 | alerts=0
2025-11-14 20:42:24,613 [INFO] gaitguard.main: FPS=26.5 | tracks=1 | alerts=0
2025-11-14 20:42:25,935 [INFO] gaitguard.main: FPS=26.4 | tracks=1 | alerts=0
2025-11-14 20:42:27,080 [INFO] gaitguard.main: FPS=26.4 | tracks=1 | alerts=0
2025-11-14 20:42:28,332 [INFO] gaitguard.main: FPS=26.4 | tracks=1 | alerts=0
2025-11-14 20:42:29,500 [INFO] gaitguard.main: FPS=26.4 | tracks=1 | alerts=0
2025-11-14 20:42:30,605 [INFO] gaitguard.main: FPS=26.4 | tracks=1 | alerts=0
2025-11-14 20:42:31,886 [INFO] gaitguard.main: FPS=26.4 | tracks=1 | alerts=0
2025-11-14 20:42:33,040 [INFO] gaitguard.main: FPS=26.4 | tracks=1 | alerts=0
2025-11-14 20:42:34,189 [INFO] gaitguard.main: FPS=26.4 | tracks=1 | alerts=0
2025-11-14 20:42:35,369 [INFO] gaitguard.main: FPS=26.4 | tracks=1 | alerts=0
2025-11-14 20:42:36,542 [INFO] gaitguard.main: FPS=26.4 | tracks=1 | alerts=0
2025-11-14 20:42:37,795 [INFO] gaitguard.main: FPS=26.4 | tracks=1 | alerts=0
2025-11-14 20:42:38,878 [INFO] gaitguard.main: FPS=26.4 | tracks=1 | alerts=0
2025-11-14 20:42:40,093 [INFO] gaitguard.main: FPS=26.4 | tracks=1 | alerts=0
2025-11-14 20:42:41,186 [INFO] gaitguard.main: FPS=26.4 | tracks=1 | alerts=0
2025-11-14 20:42:42,342 [INFO] gaitguard.main: FPS=26.4 | tracks=1 | alerts=0
2025-11-14 20:42:43,590 [INFO] gaitguard.main: FPS=26.4 | tracks=1 | alerts=0
2025-11-14 20:42:44,866 [INFO] gaitguard.main: FPS=26.4 | tracks=1 | alerts=0
2025-11-14 20:42:46,094 [INFO] gaitguard.main: FPS=26.3 | tracks=1 | alerts=0
2025-11-14 20:42:47,348 [INFO] gaitguard.main: FPS=26.3 | tracks=1 | alerts=0
2025-11-14 20:42:48,698 [INFO] gaitguard.main: FPS=26.3 | tracks=1 | alerts=0
2025-11-14 20:42:49,909 [INFO] gaitguard.main: FPS=26.3 | tracks=1 | alerts=0
2025-11-14 20:42:51,099 [INFO] gaitguard.main: FPS=26.3 | tracks=1 | alerts=0
2025-11-14 20:42:52,366 [INFO] gaitguard.main: FPS=26.3 | tracks=1 | alerts=0
2025-11-14 20:42:53,521 [INFO] gaitguard.main: FPS=26.3 | tracks=1 | alerts=0
2025-11-14 20:42:54,791 [INFO] gaitguard.main: FPS=26.3 | tracks=1 | alerts=0
2025-11-14 20:42:56,025 [INFO] gaitguard.main: FPS=26.2 | tracks=1 | alerts=0
2025-11-14 20:42:57,179 [INFO] gaitguard.main: FPS=26.2 | tracks=1 | alerts=0
2025-11-14 20:42:58,437 [INFO] gaitguard.main: FPS=26.2 | tracks=1 | alerts=0
2025-11-14 20:42:59,544 [INFO] gaitguard.main: FPS=26.2 | tracks=1 | alerts=0
2025-11-14 20:43:00,816 [INFO] gaitguard.main: FPS=26.2 | tracks=1 | alerts=0
2025-11-14 20:43:02,047 [INFO] gaitguard.main: FPS=26.2 | tracks=1 | alerts=0
2025-11-14 20:43:03,228 [INFO] gaitguard.main: FPS=26.2 | tracks=1 | alerts=0
2025-11-14 20:43:04,488 [INFO] gaitguard.main: FPS=26.2 | tracks=1 | alerts=0
2025-11-14 20:43:05,668 [INFO] gaitguard.main: FPS=26.2 | tracks=1 | alerts=0
2025-11-14 20:43:06,953 [INFO] gaitguard.main: FPS=26.2 | tracks=1 | alerts=0
2025-11-14 20:43:08,206 [INFO] gaitguard.main: FPS=26.2 | tracks=1 | alerts=0
2025-11-14 20:43:09,520 [INFO] gaitguard.main: FPS=26.2 | tracks=1 | alerts=0
2025-11-14 20:43:10,673 [INFO] gaitguard.main: FPS=26.2 | tracks=1 | alerts=0
2025-11-14 20:43:11,874 [INFO] gaitguard.main: FPS=26.1 | tracks=1 | alerts=0
2025-11-14 20:43:13,093 [INFO] gaitguard.main: FPS=26.1 | tracks=1 | alerts=0
2025-11-14 20:43:14,327 [INFO] gaitguard.main: FPS=26.1 | tracks=1 | alerts=0
2025-11-14 20:43:15,525 [INFO] gaitguard.main: FPS=26.1 | tracks=1 | alerts=0
2025-11-14 20:43:16,683 [INFO] gaitguard.main: FPS=26.1 | tracks=1 | alerts=0
2025-11-14 20:43:17,930 [INFO] gaitguard.main: FPS=26.1 | tracks=1 | alerts=0
2025-11-14 20:43:19,199 [INFO] gaitguard.main: FPS=26.1 | tracks=1 | alerts=0
2025-11-14 20:43:20,494 [INFO] gaitguard.main: FPS=26.1 | tracks=1 | alerts=0
2025-11-14 20:43:21,727 [INFO] gaitguard.main: FPS=26.1 | tracks=1 | alerts=0
2025-11-14 20:43:22,980 [INFO] gaitguard.main: FPS=26.1 | tracks=1 | alerts=0
2025-11-14 20:43:24,135 [INFO] gaitguard.main: FPS=26.1 | tracks=1 | alerts=0
2025-11-14 20:43:25,350 [INFO] gaitguard.main: FPS=26.1 | tracks=1 | alerts=0
2025-11-14 20:43:26,581 [INFO] gaitguard.main: FPS=26.1 | tracks=1 | alerts=0
2025-11-14 20:43:27,769 [INFO] gaitguard.main: FPS=26.1 | tracks=1 | alerts=0
2025-11-14 20:43:28,920 [INFO] gaitguard.main: FPS=26.1 | tracks=1 | alerts=0
2025-11-14 20:43:30,112 [INFO] gaitguard.main: FPS=26.0 | tracks=1 | alerts=0
2025-11-14 20:43:31,293 [INFO] gaitguard.main: FPS=26.0 | tracks=1 | alerts=0
2025-11-14 20:43:32,425 [INFO] gaitguard.main: FPS=26.0 | tracks=1 | alerts=0
2025-11-14 20:43:33,671 [INFO] gaitguard.main: FPS=26.0 | tracks=1 | alerts=0
2025-11-14 20:43:34,888 [INFO] gaitguard.main: FPS=26.0 | tracks=1 | alerts=0
2025-11-14 20:43:36,137 [INFO] gaitguard.main: FPS=26.0 | tracks=1 | alerts=0
2025-11-14 20:43:37,242 [INFO] gaitguard.main: FPS=26.0 | tracks=1 | alerts=0
2025-11-14 20:43:38,339 [INFO] gaitguard.main: FPS=26.0 | tracks=1 | alerts=0
2025-11-14 20:43:39,330 [INFO] gaitguard.main: FPS=26.0 | tracks=1 | alerts=0
2025-11-14 20:43:40,351 [INFO] gaitguard.main: FPS=26.1 | tracks=1 | alerts=0
2025-11-14 20:43:41,353 [INFO] gaitguard.main: FPS=26.1 | tracks=1 | alerts=0
2025-11-14 20:43:42,595 [INFO] gaitguard.main: FPS=26.1 | tracks=1 | alerts=0
2025-11-14 20:43:43,698 [INFO] gaitguard.main: FPS=26.1 | tracks=1 | alerts=0
2025-11-14 20:43:44,865 [INFO] gaitguard.main: FPS=26.1 | tracks=1 | alerts=0
2025-11-14 20:43:45,924 [INFO] gaitguard.main: FPS=26.1 | tracks=1 | alerts=0
2025-11-14 20:43:46,961 [INFO] gaitguard.main: FPS=26.1 | tracks=1 | alerts=0
2025-11-14 20:43:47,946 [INFO] gaitguard.main: FPS=26.1 | tracks=1 | alerts=0
2025-11-14 20:43:48,995 [INFO] gaitguard.main: FPS=26.1 | tracks=1 | alerts=0
2025-11-14 20:43:50,012 [INFO] gaitguard.main: FPS=26.1 | tracks=1 | alerts=0
2025-11-14 20:43:51,002 [INFO] gaitguard.main: FPS=26.1 | tracks=1 | alerts=0
2025-11-14 20:43:52,034 [INFO] gaitguard.main: FPS=26.1 | tracks=1 | alerts=0
2025-11-14 20:43:53,068 [INFO] gaitguard.main: FPS=26.2 | tracks=1 | alerts=0
2025-11-14 20:43:54,056 [INFO] gaitguard.main: FPS=26.2 | tracks=1 | alerts=0
2025-11-14 20:43:55,038 [INFO] gaitguard.main: FPS=26.2 | tracks=1 | alerts=0
2025-11-14 20:43:56,025 [INFO] gaitguard.main: FPS=26.2 | tracks=1 | alerts=0
2025-11-14 20:43:57,454 [INFO] gaitguard.main: FPS=26.2 | tracks=1 | alerts=0
2025-11-14 20:43:58,859 [INFO] gaitguard.main: FPS=26.2 | tracks=1 | alerts=0
2025-11-14 20:43:59,896 [INFO] gaitguard.main: FPS=26.2 | tracks=1 | alerts=0
2025-11-14 20:44:00,967 [INFO] gaitguard.main: FPS=26.2 | tracks=1 | alerts=0
2025-11-14 20:44:02,013 [INFO] gaitguard.main: FPS=26.2 | tracks=1 | alerts=0
2025-11-14 20:44:03,045 [INFO] gaitguard.main: FPS=26.2 | tracks=1 | alerts=0
2025-11-14 20:44:04,075 [INFO] gaitguard.main: FPS=26.2 | tracks=1 | alerts=0
2025-11-14 20:44:05,118 [INFO] gaitguard.main: FPS=26.2 | tracks=1 | alerts=0
2025-11-14 20:44:06,107 [INFO] gaitguard.main: FPS=26.2 | tracks=1 | alerts=0
2025-11-14 20:44:07,142 [INFO] gaitguard.main: FPS=26.2 | tracks=1 | alerts=0
2025-11-14 20:44:08,189 [INFO] gaitguard.main: FPS=26.2 | tracks=1 | alerts=0
2025-11-14 20:44:09,173 [INFO] gaitguard.main: FPS=26.2 | tracks=1 | alerts=0
2025-11-14 20:44:10,187 [INFO] gaitguard.main: FPS=26.3 | tracks=1 | alerts=0
2025-11-14 20:44:11,223 [INFO] gaitguard.main: FPS=26.3 | tracks=1 | alerts=0
2025-11-14 20:44:12,291 [INFO] gaitguard.main: FPS=26.3 | tracks=1 | alerts=0
2025-11-14 20:44:13,359 [INFO] gaitguard.main: FPS=26.3 | tracks=1 | alerts=0
2025-11-14 20:44:14,394 [INFO] gaitguard.main: FPS=26.3 | tracks=1 | alerts=0
2025-11-14 20:44:15,408 [INFO] gaitguard.main: FPS=26.3 | tracks=1 | alerts=0
2025-11-14 20:44:16,420 [INFO] gaitguard.main: FPS=26.3 | tracks=1 | alerts=0
2025-11-14 20:44:17,444 [INFO] gaitguard.main: FPS=26.3 | tracks=1 | alerts=0
2025-11-14 20:44:18,471 [INFO] gaitguard.main: FPS=26.3 | tracks=1 | alerts=0
2025-11-14 20:44:19,577 [INFO] gaitguard.main: FPS=26.3 | tracks=1 | alerts=0
2025-11-14 20:44:20,599 [INFO] gaitguard.main: FPS=26.3 | tracks=1 | alerts=0
2025-11-14 20:44:21,613 [INFO] gaitguard.main: FPS=26.4 | tracks=1 | alerts=0
2025-11-14 20:44:22,636 [INFO] gaitguard.main: FPS=26.4 | tracks=1 | alerts=0
2025-11-14 20:44:23,656 [INFO] gaitguard.main: FPS=26.4 | tracks=1 | alerts=0
2025-11-14 20:44:24,736 [INFO] gaitguard.main: FPS=26.4 | tracks=1 | alerts=0
2025-11-14 20:44:25,772 [INFO] gaitguard.main: FPS=26.4 | tracks=1 | alerts=0
2025-11-14 20:44:26,782 [INFO] gaitguard.main: FPS=26.4 | tracks=1 | alerts=0
2025-11-14 20:44:27,960 [INFO] gaitguard.main: FPS=26.4 | tracks=1 | alerts=0
2025-11-14 20:44:29,108 [INFO] gaitguard.main: FPS=26.4 | tracks=1 | alerts=0
2025-11-14 20:44:30,161 [INFO] gaitguard.main: FPS=26.4 | tracks=1 | alerts=0
2025-11-14 20:44:31,190 [INFO] gaitguard.main: FPS=26.4 | tracks=1 | alerts=0
2025-11-14 20:44:32,215 [INFO] gaitguard.main: FPS=26.4 | tracks=1 | alerts=0
2025-11-14 20:44:33,222 [INFO] gaitguard.main: FPS=26.4 | tracks=1 | alerts=0
2025-11-14 20:44:34,190 [INFO] gaitguard.main: FPS=26.4 | tracks=1 | alerts=0
2025-11-14 20:44:35,194 [INFO] gaitguard.main: FPS=26.4 | tracks=1 | alerts=0
2025-11-14 20:44:36,228 [INFO] gaitguard.main: FPS=26.5 | tracks=1 | alerts=0
2025-11-14 20:44:37,212 [INFO] gaitguard.main: FPS=26.5 | tracks=1 | alerts=0
2025-11-14 20:44:38,227 [INFO] gaitguard.main: FPS=26.5 | tracks=1 | alerts=0
2025-11-14 20:44:39,627 [INFO] gaitguard.main: FPS=26.5 | tracks=1 | alerts=0
2025-11-14 20:44:40,697 [INFO] gaitguard.main: FPS=26.5 | tracks=1 | alerts=0
2025-11-14 20:44:41,910 [INFO] gaitguard.main: FPS=26.5 | tracks=1 | alerts=0
2025-11-14 20:44:43,077 [INFO] gaitguard.main: FPS=26.5 | tracks=1 | alerts=0
2025-11-14 20:44:44,207 [INFO] gaitguard.main: FPS=26.5 | tracks=1 | alerts=0
2025-11-14 20:44:45,271 [INFO] gaitguard.main: FPS=26.5 | tracks=1 | alerts=0
2025-11-14 20:44:46,417 [INFO] gaitguard.main: FPS=26.5 | tracks=1 | alerts=0
2025-11-14 20:44:47,434 [INFO] gaitguard.main: FPS=26.5 | tracks=1 | alerts=0
2025-11-14 20:44:48,566 [INFO] gaitguard.main: FPS=26.5 | tracks=1 | alerts=0
2025-11-14 20:44:49,547 [INFO] gaitguard.main: FPS=26.5 | tracks=1 | alerts=0
2025-11-14 20:44:50,737 [INFO] gaitguard.main: FPS=26.5 | tracks=1 | alerts=0
2025-11-14 20:44:51,722 [INFO] gaitguard.main: FPS=26.5 | tracks=1 | alerts=0
2025-11-14 20:44:52,908 [INFO] gaitguard.main: FPS=26.5 | tracks=1 | alerts=0
2025-11-14 20:44:54,109 [INFO] gaitguard.main: FPS=26.5 | tracks=1 | alerts=0
2025-11-14 20:44:55,343 [INFO] gaitguard.main: FPS=26.5 | tracks=1 | alerts=0
2025-11-14 20:44:56,497 [INFO] gaitguard.main: FPS=26.5 | tracks=1 | alerts=0
2025-11-14 20:44:57,737 [INFO] gaitguard.main: FPS=26.5 | tracks=1 | alerts=0
2025-11-14 20:44:58,935 [INFO] gaitguard.main: FPS=26.5 | tracks=1 | alerts=0
2025-11-14 20:45:00,122 [INFO] gaitguard.main: FPS=26.5 | tracks=1 | alerts=0
2025-11-14 20:45:01,350 [INFO] gaitguard.main: FPS=26.4 | tracks=1 | alerts=0
2025-11-14 20:45:02,547 [INFO] gaitguard.main: FPS=26.4 | tracks=1 | alerts=0
2025-11-14 20:45:03,798 [INFO] gaitguard.main: FPS=26.4 | tracks=1 | alerts=0
2025-11-14 20:45:04,998 [INFO] gaitguard.main: FPS=26.4 | tracks=1 | alerts=0
2025-11-14 20:45:06,257 [INFO] gaitguard.main: FPS=26.4 | tracks=2 | alerts=0
2025-11-14 20:45:07,464 [INFO] gaitguard.main: FPS=26.4 | tracks=1 | alerts=0
2025-11-14 20:45:08,701 [INFO] gaitguard.main: FPS=26.4 | tracks=1 | alerts=0
2025-11-14 20:45:09,927 [INFO] gaitguard.main: FPS=26.4 | tracks=2 | alerts=0
2025-11-14 20:45:11,182 [INFO] gaitguard.main: FPS=26.4 | tracks=2 | alerts=0
2025-11-14 20:45:12,395 [INFO] gaitguard.main: FPS=26.4 | tracks=1 | alerts=0
2025-11-14 20:45:13,634 [INFO] gaitguard.main: FPS=26.4 | tracks=1 | alerts=0
2025-11-14 20:45:14,833 [INFO] gaitguard.main: FPS=26.4 | tracks=1 | alerts=0
2025-11-14 20:45:16,048 [INFO] gaitguard.main: FPS=26.4 | tracks=1 | alerts=0
2025-11-14 20:45:17,242 [INFO] gaitguard.main: FPS=26.4 | tracks=1 | alerts=0
2025-11-14 20:45:18,489 [INFO] gaitguard.main: FPS=26.4 | tracks=2 | alerts=0
2025-11-14 20:45:19,712 [INFO] gaitguard.main: FPS=26.4 | tracks=1 | alerts=0
2025-11-14 20:45:20,920 [INFO] gaitguard.main: FPS=26.3 | tracks=1 | alerts=0
2025-11-14 20:45:22,109 [INFO] gaitguard.main: FPS=26.3 | tracks=1 | alerts=0
2025-11-14 20:45:23,327 [INFO] gaitguard.main: FPS=26.3 | tracks=1 | alerts=0
2025-11-14 20:45:24,552 [INFO] gaitguard.main: FPS=26.3 | tracks=1 | alerts=0
2025-11-14 20:45:25,774 [INFO] gaitguard.main: FPS=26.3 | tracks=1 | alerts=0
2025-11-14 20:45:27,011 [INFO] gaitguard.main: FPS=26.3 | tracks=1 | alerts=0
2025-11-14 20:45:28,226 [INFO] gaitguard.main: FPS=26.3 | tracks=1 | alerts=0
2025-11-14 20:45:29,471 [INFO] gaitguard.main: FPS=26.3 | tracks=1 | alerts=0
2025-11-14 20:45:30,736 [INFO] gaitguard.main: FPS=26.3 | tracks=1 | alerts=0
2025-11-14 20:45:31,969 [INFO] gaitguard.main: FPS=26.3 | tracks=1 | alerts=0
2025-11-14 20:45:33,207 [INFO] gaitguard.main: FPS=26.3 | tracks=1 | alerts=0
2025-11-14 20:45:34,432 [INFO] gaitguard.main: FPS=26.3 | tracks=1 | alerts=0
2025-11-14 20:45:35,660 [INFO] gaitguard.main: FPS=26.3 | tracks=1 | alerts=0
2025-11-14 20:45:36,931 [INFO] gaitguard.main: FPS=26.3 | tracks=1 | alerts=0
2025-11-14 20:45:38,165 [INFO] gaitguard.main: FPS=26.3 | tracks=1 | alerts=0
2025-11-14 20:45:39,371 [INFO] gaitguard.main: FPS=26.3 | tracks=1 | alerts=0
2025-11-14 20:45:40,650 [INFO] gaitguard.main: FPS=26.2 | tracks=1 | alerts=0
2025-11-14 20:45:41,894 [INFO] gaitguard.main: FPS=26.2 | tracks=1 | alerts=0
2025-11-14 20:45:43,204 [INFO] gaitguard.main: FPS=26.2 | tracks=1 | alerts=0
2025-11-14 20:45:44,526 [INFO] gaitguard.main: FPS=26.2 | tracks=1 | alerts=0
2025-11-14 20:45:45,883 [INFO] gaitguard.main: FPS=26.2 | tracks=1 | alerts=0
2025-11-14 20:45:47,226 [INFO] gaitguard.main: FPS=26.2 | tracks=1 | alerts=0
2025-11-14 20:45:48,547 [INFO] gaitguard.main: FPS=26.2 | tracks=1 | alerts=0
2025-11-14 20:45:49,880 [INFO] gaitguard.main: FPS=26.2 | tracks=1 | alerts=0
2025-11-14 20:45:51,073 [INFO] gaitguard.main: FPS=26.2 | tracks=1 | alerts=0
2025-11-14 20:45:52,287 [INFO] gaitguard.main: FPS=26.2 | tracks=1 | alerts=0
2025-11-14 20:45:53,490 [INFO] gaitguard.main: FPS=26.2 | tracks=1 | alerts=0
2025-11-14 20:45:54,741 [INFO] gaitguard.main: FPS=26.2 | tracks=1 | alerts=0
2025-11-14 20:45:55,948 [INFO] gaitguard.main: FPS=26.1 | tracks=1 | alerts=0
2025-11-14 20:45:57,113 [INFO] gaitguard.main: FPS=26.1 | tracks=1 | alerts=0
2025-11-14 20:45:58,361 [INFO] gaitguard.main: FPS=26.1 | tracks=1 | alerts=0
2025-11-14 20:45:59,562 [INFO] gaitguard.main: FPS=26.1 | tracks=1 | alerts=0
2025-11-14 20:46:00,809 [INFO] gaitguard.main: FPS=26.1 | tracks=1 | alerts=0
2025-11-14 20:46:02,050 [INFO] gaitguard.main: FPS=26.1 | tracks=1 | alerts=0
2025-11-14 20:46:03,261 [INFO] gaitguard.main: FPS=26.1 | tracks=1 | alerts=0
2025-11-14 20:46:04,457 [INFO] gaitguard.main: FPS=26.1 | tracks=1 | alerts=0
2025-11-14 20:46:05,696 [INFO] gaitguard.main: FPS=26.1 | tracks=1 | alerts=0
2025-11-14 20:46:06,908 [INFO] gaitguard.main: FPS=26.1 | tracks=1 | alerts=0
2025-11-14 20:46:08,135 [INFO] gaitguard.main: FPS=26.1 | tracks=1 | alerts=0
2025-11-14 20:46:09,348 [INFO] gaitguard.main: FPS=26.1 | tracks=1 | alerts=0
2025-11-14 20:46:10,552 [INFO] gaitguard.main: FPS=26.1 | tracks=1 | alerts=0
2025-11-14 20:46:11,708 [INFO] gaitguard.main: FPS=26.1 | tracks=1 | alerts=0
2025-11-14 20:46:12,901 [INFO] gaitguard.main: FPS=26.1 | tracks=1 | alerts=0
2025-11-14 20:46:14,118 [INFO] gaitguard.main: FPS=26.1 | tracks=1 | alerts=0
2025-11-14 20:46:15,332 [INFO] gaitguard.main: FPS=26.1 | tracks=1 | alerts=0
2025-11-14 20:46:16,540 [INFO] gaitguard.main: FPS=26.1 | tracks=1 | alerts=0
2025-11-14 20:46:17,732 [INFO] gaitguard.main: FPS=26.1 | tracks=1 | alerts=0
2025-11-14 20:46:18,997 [INFO] gaitguard.main: FPS=26.1 | tracks=1 | alerts=0
2025-11-14 20:46:20,199 [INFO] gaitguard.main: FPS=26.1 | tracks=1 | alerts=0
2025-11-14 20:46:21,375 [INFO] gaitguard.main: FPS=26.1 | tracks=1 | alerts=0
2025-11-14 20:46:22,552 [INFO] gaitguard.main: FPS=26.1 | tracks=1 | alerts=0
2025-11-14 20:46:23,800 [INFO] gaitguard.main: FPS=26.1 | tracks=1 | alerts=0
2025-11-14 20:46:25,019 [INFO] gaitguard.main: FPS=26.1 | tracks=1 | alerts=0
2025-11-14 20:46:26,259 [INFO] gaitguard.main: FPS=26.1 | tracks=1 | alerts=0
2025-11-14 20:46:27,577 [INFO] gaitguard.main: FPS=26.0 | tracks=1 | alerts=0
2025-11-14 20:46:28,800 [INFO] gaitguard.main: FPS=26.0 | tracks=1 | alerts=0
2025-11-14 20:46:30,014 [INFO] gaitguard.main: FPS=26.0 | tracks=1 | alerts=0
2025-11-14 20:46:31,246 [INFO] gaitguard.main: FPS=26.0 | tracks=1 | alerts=0
2025-11-14 20:46:32,457 [INFO] gaitguard.main: FPS=26.0 | tracks=1 | alerts=0
2025-11-14 20:46:33,614 [INFO] gaitguard.main: FPS=26.0 | tracks=1 | alerts=0
2025-11-14 20:46:34,604 [INFO] gaitguard.main: FPS=26.0 | tracks=1 | alerts=0
2025-11-14 20:46:35,659 [INFO] gaitguard.main: FPS=26.0 | tracks=1 | alerts=0
2025-11-14 20:46:36,678 [INFO] gaitguard.main: FPS=26.0 | tracks=1 | alerts=0
2025-11-14 20:46:38,033 [INFO] gaitguard.main: GaitGuard Phase-1 pipeline stopped.
2025-11-14 20:48:14,598 [INFO] gaitguard.device: Using CUDA device: NVIDIA GeForce RTX 3050 6GB Laptop GPU
2025-11-14 20:48:14,598 [INFO] gaitguard.main: Runtime device=cuda | half=True
2025-11-14 20:48:14,598 [INFO] perception.detector: Loading YOLO model 'yolo11n.pt' on device 'cuda'
2025-11-14 20:48:15,529 [INFO] perception.detector: YOLO model loaded in FP16 on CUDA
2025-11-14 20:48:15,529 [INFO] perception.detector: YOLO model ready
2025-11-14 20:48:15,530 [INFO] perception.perception_engine: Phase-1 PerceptionEngine initialized.
2025-11-14 20:48:20,665 [INFO] gaitguard.main: GaitGuard Phase-1 pipeline started. Press ESC to exit.
2025-11-14 20:48:22,398 [INFO] gaitguard.main: FPS=17.6 | tracks=1 | alerts=0
2025-11-14 20:48:23,410 [INFO] gaitguard.main: FPS=22.1 | tracks=1 | alerts=0
2025-11-14 20:48:24,464 [INFO] gaitguard.main: FPS=23.8 | tracks=1 | alerts=0
2025-11-14 20:48:25,550 [INFO] gaitguard.main: FPS=24.8 | tracks=1 | alerts=0
2025-11-14 20:48:26,529 [INFO] gaitguard.main: FPS=25.7 | tracks=1 | alerts=0
2025-11-14 20:48:27,554 [INFO] gaitguard.main: FPS=26.2 | tracks=1 | alerts=0
2025-11-14 20:48:28,546 [INFO] gaitguard.main: FPS=26.7 | tracks=1 | alerts=0
2025-11-14 20:48:29,537 [INFO] gaitguard.main: FPS=27.1 | tracks=1 | alerts=0
2025-11-14 20:48:30,538 [INFO] gaitguard.main: FPS=27.4 | tracks=1 | alerts=0
2025-11-14 20:48:31,525 [INFO] gaitguard.main: FPS=27.7 | tracks=1 | alerts=0
2025-11-14 20:48:32,558 [INFO] gaitguard.main: FPS=27.8 | tracks=1 | alerts=0
2025-11-14 20:48:33,557 [INFO] gaitguard.main: FPS=28.0 | tracks=1 | alerts=0
2025-11-14 20:48:34,534 [INFO] gaitguard.main: FPS=28.2 | tracks=1 | alerts=0
2025-11-14 20:48:35,541 [INFO] gaitguard.main: FPS=28.3 | tracks=1 | alerts=0
2025-11-14 20:48:36,517 [INFO] gaitguard.main: FPS=28.4 | tracks=1 | alerts=0
2025-11-14 20:48:37,507 [INFO] gaitguard.main: FPS=28.5 | tracks=1 | alerts=0
2025-11-14 20:48:38,513 [INFO] gaitguard.main: FPS=28.6 | tracks=2 | alerts=0
2025-11-14 20:48:39,521 [INFO] gaitguard.main: FPS=28.7 | tracks=2 | alerts=0
2025-11-14 20:48:40,551 [INFO] gaitguard.main: FPS=28.7 | tracks=2 | alerts=0
2025-11-14 20:48:41,578 [INFO] gaitguard.main: FPS=28.7 | tracks=2 | alerts=0
2025-11-14 20:48:42,611 [INFO] gaitguard.main: FPS=28.7 | tracks=2 | alerts=0
2025-11-14 20:48:43,600 [INFO] gaitguard.main: FPS=28.8 | tracks=3 | alerts=0
2025-11-14 20:48:44,580 [INFO] gaitguard.main: FPS=28.9 | tracks=2 | alerts=0
2025-11-14 20:48:45,572 [INFO] gaitguard.main: FPS=28.9 | tracks=1 | alerts=0
2025-11-14 20:48:46,685 [INFO] gaitguard.main: FPS=28.9 | tracks=1 | alerts=0
2025-11-14 20:48:47,722 [INFO] gaitguard.main: FPS=28.9 | tracks=1 | alerts=0
2025-11-14 20:48:48,758 [INFO] gaitguard.main: FPS=28.9 | tracks=1 | alerts=0
2025-11-14 20:48:49,785 [INFO] gaitguard.main: FPS=28.9 | tracks=1 | alerts=0
2025-11-14 20:48:50,854 [INFO] gaitguard.main: FPS=28.8 | tracks=1 | alerts=0
2025-11-14 20:48:51,855 [INFO] gaitguard.main: FPS=28.9 | tracks=1 | alerts=0
2025-11-14 20:48:52,817 [INFO] gaitguard.main: FPS=28.9 | tracks=1 | alerts=0
2025-11-14 20:48:53,877 [INFO] gaitguard.main: FPS=28.9 | tracks=1 | alerts=0
2025-11-14 20:48:54,863 [INFO] gaitguard.main: FPS=29.0 | tracks=1 | alerts=0
2025-11-14 20:48:55,839 [INFO] gaitguard.main: FPS=29.0 | tracks=0 | alerts=0
2025-11-14 20:48:56,847 [INFO] gaitguard.main: FPS=29.0 | tracks=0 | alerts=0
2025-11-14 20:48:57,842 [INFO] gaitguard.main: FPS=29.1 | tracks=0 | alerts=0
2025-11-14 20:48:58,799 [INFO] gaitguard.main: FPS=29.1 | tracks=0 | alerts=0
2025-11-14 20:48:59,791 [INFO] gaitguard.main: FPS=29.2 | tracks=0 | alerts=0
2025-11-14 20:49:00,833 [INFO] gaitguard.main: FPS=29.1 | tracks=1 | alerts=0
2025-11-14 20:49:01,885 [INFO] gaitguard.main: FPS=29.1 | tracks=1 | alerts=0
2025-11-14 20:49:02,868 [INFO] gaitguard.main: FPS=29.2 | tracks=1 | alerts=0
2025-11-14 20:49:03,843 [INFO] gaitguard.main: FPS=29.2 | tracks=1 | alerts=0
2025-11-14 20:49:04,861 [INFO] gaitguard.main: FPS=29.2 | tracks=1 | alerts=0
2025-11-14 20:49:05,844 [INFO] gaitguard.main: FPS=29.2 | tracks=1 | alerts=0
2025-11-14 20:49:06,834 [INFO] gaitguard.main: FPS=29.3 | tracks=1 | alerts=0
2025-11-14 20:49:07,833 [INFO] gaitguard.main: FPS=29.3 | tracks=1 | alerts=0
2025-11-14 20:49:08,818 [INFO] gaitguard.main: FPS=29.3 | tracks=2 | alerts=0
2025-11-14 20:49:09,796 [INFO] gaitguard.main: FPS=29.3 | tracks=1 | alerts=0
2025-11-14 20:49:10,800 [INFO] gaitguard.main: FPS=29.3 | tracks=1 | alerts=0
2025-11-14 20:49:11,780 [INFO] gaitguard.main: FPS=29.4 | tracks=1 | alerts=0
2025-11-14 20:49:12,804 [INFO] gaitguard.main: FPS=29.4 | tracks=1 | alerts=0
2025-11-14 20:49:13,894 [INFO] gaitguard.main: FPS=29.3 | tracks=1 | alerts=0
2025-11-14 20:49:14,874 [INFO] gaitguard.main: FPS=29.3 | tracks=1 | alerts=0
2025-11-14 20:49:16,209 [INFO] gaitguard.main: GaitGuard Phase-1 pipeline stopped.
2025-11-14 22:02:27,551 [INFO] gaitguard.device: Using CUDA device: NVIDIA GeForce RTX 3050 6GB Laptop GPU
2025-11-14 22:02:27,551 [INFO] gaitguard.main: Runtime device=cuda | half=True
2025-11-14 22:02:27,551 [INFO] perception.detector: Loading YOLO model 'yolo11n.pt' on device 'cuda'
2025-11-14 22:02:28,486 [INFO] perception.detector: YOLO model loaded in FP16 on CUDA
2025-11-14 22:02:28,486 [INFO] perception.detector: YOLO model ready
2025-11-14 22:02:28,494 [INFO] perception.perception_engine: Phase-1 PerceptionEngine initialized.
2025-11-14 22:02:33,421 [INFO] gaitguard.main: GaitGuard Phase-1 pipeline started. Press ESC to exit.
2025-11-14 22:02:35,014 [INFO] gaitguard.main: FPS=19.2 | tracks=1 | alerts=0
2025-11-14 22:02:36,056 [INFO] gaitguard.main: FPS=23.0 | tracks=1 | alerts=0
2025-11-14 22:02:37,125 [INFO] gaitguard.main: FPS=24.6 | tracks=1 | alerts=0
2025-11-14 22:02:38,231 [INFO] gaitguard.main: FPS=25.1 | tracks=1 | alerts=0
2025-11-14 22:02:39,250 [INFO] gaitguard.main: FPS=25.9 | tracks=1 | alerts=0
2025-11-14 22:02:40,280 [INFO] gaitguard.main: FPS=26.4 | tracks=1 | alerts=0
2025-11-14 22:02:41,559 [INFO] gaitguard.main: FPS=25.9 | tracks=3 | alerts=0
2025-11-14 22:02:42,751 [INFO] gaitguard.main: FPS=25.8 | tracks=2 | alerts=0
2025-11-14 22:02:44,065 [INFO] gaitguard.main: FPS=25.4 | tracks=3 | alerts=0
2025-11-14 22:02:45,854 [INFO] gaitguard.main: FPS=24.2 | tracks=2 | alerts=0
2025-11-14 22:02:47,671 [INFO] gaitguard.main: FPS=23.2 | tracks=1 | alerts=0
2025-11-14 22:02:49,465 [INFO] gaitguard.main: FPS=22.5 | tracks=1 | alerts=0
2025-11-14 22:02:51,278 [INFO] gaitguard.main: FPS=21.9 | tracks=1 | alerts=0
2025-11-14 22:02:53,085 [INFO] gaitguard.main: FPS=21.4 | tracks=1 | alerts=0
2025-11-14 22:02:55,002 [INFO] gaitguard.main: FPS=20.9 | tracks=1 | alerts=0
2025-11-14 22:02:57,003 [INFO] gaitguard.main: FPS=20.4 | tracks=1 | alerts=0
2025-11-14 22:02:59,345 [INFO] gaitguard.main: FPS=19.7 | tracks=1 | alerts=0
2025-11-14 22:03:01,140 [INFO] gaitguard.main: FPS=19.5 | tracks=2 | alerts=0
2025-11-14 22:03:02,955 [INFO] gaitguard.main: FPS=19.3 | tracks=3 | alerts=0
2025-11-14 22:03:04,749 [INFO] gaitguard.main: FPS=19.2 | tracks=2 | alerts=0
2025-11-14 22:03:06,554 [INFO] gaitguard.main: FPS=19.0 | tracks=1 | alerts=0
2025-11-14 22:03:08,355 [INFO] gaitguard.main: FPS=18.9 | tracks=1 | alerts=0
2025-11-14 22:03:10,162 [INFO] gaitguard.main: FPS=18.8 | tracks=1 | alerts=0
2025-11-14 22:03:11,967 [INFO] gaitguard.main: FPS=18.7 | tracks=1 | alerts=0
2025-11-14 22:03:13,774 [INFO] gaitguard.main: FPS=18.6 | tracks=1 | alerts=0
2025-11-14 22:03:15,577 [INFO] gaitguard.main: FPS=18.5 | tracks=1 | alerts=0
2025-11-14 22:03:17,370 [INFO] gaitguard.main: FPS=18.4 | tracks=1 | alerts=0
2025-11-14 22:03:19,186 [INFO] gaitguard.main: FPS=18.4 | tracks=1 | alerts=0
2025-11-14 22:03:20,986 [INFO] gaitguard.main: FPS=18.3 | tracks=1 | alerts=0
2025-11-14 22:03:22,799 [INFO] gaitguard.main: FPS=18.2 | tracks=1 | alerts=0
2025-11-14 22:03:24,594 [INFO] gaitguard.main: FPS=18.2 | tracks=1 | alerts=0
2025-11-14 22:03:25,801 [INFO] gaitguard.main: FPS=18.3 | tracks=1 | alerts=0
2025-11-14 22:03:26,809 [INFO] gaitguard.main: FPS=18.6 | tracks=0 | alerts=0
2025-11-14 22:03:27,768 [INFO] gaitguard.main: FPS=18.8 | tracks=0 | alerts=0
2025-11-14 22:03:28,760 [INFO] gaitguard.main: FPS=19.0 | tracks=0 | alerts=0
2025-11-14 22:03:29,752 [INFO] gaitguard.main: FPS=19.2 | tracks=0 | alerts=0
2025-11-14 22:03:30,763 [INFO] gaitguard.main: FPS=19.4 | tracks=0 | alerts=0
2025-11-14 22:03:31,720 [INFO] gaitguard.main: FPS=19.6 | tracks=0 | alerts=0
2025-11-14 22:03:32,714 [INFO] gaitguard.main: FPS=19.7 | tracks=0 | alerts=0
2025-11-14 22:03:33,719 [INFO] gaitguard.main: FPS=19.9 | tracks=0 | alerts=0
2025-11-14 22:03:34,697 [INFO] gaitguard.main: FPS=20.1 | tracks=0 | alerts=0
2025-11-14 22:03:35,671 [INFO] gaitguard.main: FPS=20.2 | tracks=0 | alerts=0
2025-11-14 22:03:36,665 [INFO] gaitguard.main: FPS=20.4 | tracks=0 | alerts=0
2025-11-14 22:03:37,654 [INFO] gaitguard.main: FPS=20.6 | tracks=0 | alerts=0
2025-11-14 22:03:38,631 [INFO] gaitguard.main: FPS=20.7 | tracks=0 | alerts=0
2025-11-14 22:03:39,624 [INFO] gaitguard.main: FPS=20.9 | tracks=0 | alerts=0
2025-11-14 22:03:40,615 [INFO] gaitguard.main: FPS=21.0 | tracks=0 | alerts=0
2025-11-14 22:03:41,608 [INFO] gaitguard.main: FPS=21.1 | tracks=0 | alerts=0
2025-11-14 22:03:42,608 [INFO] gaitguard.main: FPS=21.3 | tracks=1 | alerts=0
2025-11-14 22:03:43,667 [INFO] gaitguard.main: FPS=21.4 | tracks=1 | alerts=0
2025-11-14 22:03:44,719 [INFO] gaitguard.main: FPS=21.5 | tracks=1 | alerts=0
2025-11-14 22:03:45,756 [INFO] gaitguard.main: FPS=21.6 | tracks=1 | alerts=0
2025-11-14 22:03:46,820 [INFO] gaitguard.main: FPS=21.7 | tracks=1 | alerts=0
2025-11-14 22:03:47,836 [INFO] gaitguard.main: FPS=21.8 | tracks=1 | alerts=0
2025-11-14 22:03:48,881 [INFO] gaitguard.main: FPS=21.9 | tracks=1 | alerts=0
2025-11-14 22:03:49,941 [INFO] gaitguard.main: FPS=22.0 | tracks=1 | alerts=0
2025-11-14 22:03:50,920 [INFO] gaitguard.main: FPS=22.1 | tracks=0 | alerts=0
2025-11-14 22:03:51,918 [INFO] gaitguard.main: FPS=22.2 | tracks=0 | alerts=0
2025-11-14 22:03:52,934 [INFO] gaitguard.main: FPS=22.3 | tracks=0 | alerts=0
2025-11-14 22:03:53,923 [INFO] gaitguard.main: FPS=22.4 | tracks=0 | alerts=0
2025-11-14 22:03:54,905 [INFO] gaitguard.main: FPS=22.5 | tracks=0 | alerts=0
2025-11-14 22:03:55,899 [INFO] gaitguard.main: FPS=22.6 | tracks=0 | alerts=0
2025-11-14 22:03:56,887 [INFO] gaitguard.main: FPS=22.7 | tracks=0 | alerts=0
2025-11-14 22:03:57,880 [INFO] gaitguard.main: FPS=22.7 | tracks=0 | alerts=0
2025-11-14 22:03:58,896 [INFO] gaitguard.main: FPS=22.8 | tracks=1 | alerts=0
2025-11-14 22:03:59,913 [INFO] gaitguard.main: FPS=22.9 | tracks=0 | alerts=0
2025-11-14 22:04:00,949 [INFO] gaitguard.main: FPS=23.0 | tracks=1 | alerts=0
2025-11-14 22:04:01,931 [INFO] gaitguard.main: FPS=23.1 | tracks=1 | alerts=0
2025-11-14 22:04:02,954 [INFO] gaitguard.main: FPS=23.1 | tracks=1 | alerts=0
2025-11-14 22:04:03,964 [INFO] gaitguard.main: FPS=23.2 | tracks=1 | alerts=0
2025-11-14 22:04:04,996 [INFO] gaitguard.main: FPS=23.3 | tracks=1 | alerts=0
2025-11-14 22:04:06,002 [INFO] gaitguard.main: FPS=23.3 | tracks=1 | alerts=0
2025-11-14 22:04:06,987 [INFO] gaitguard.main: FPS=23.4 | tracks=1 | alerts=0
2025-11-14 22:04:07,954 [INFO] gaitguard.main: FPS=23.5 | tracks=1 | alerts=0
2025-11-14 22:04:09,035 [INFO] gaitguard.main: FPS=23.5 | tracks=1 | alerts=0
2025-11-14 22:04:10,060 [INFO] gaitguard.main: FPS=23.6 | tracks=1 | alerts=0
2025-11-14 22:04:11,139 [INFO] gaitguard.main: FPS=23.6 | tracks=1 | alerts=0
2025-11-14 22:04:12,211 [INFO] gaitguard.main: FPS=23.7 | tracks=1 | alerts=0
2025-11-14 22:04:13,232 [INFO] gaitguard.main: FPS=23.8 | tracks=2 | alerts=0
2025-11-14 22:04:14,257 [INFO] gaitguard.main: FPS=23.8 | tracks=2 | alerts=0
2025-11-14 22:04:15,380 [INFO] gaitguard.main: FPS=23.8 | tracks=2 | alerts=0
2025-11-14 22:04:16,378 [INFO] gaitguard.main: FPS=23.9 | tracks=1 | alerts=0
2025-11-14 22:04:17,368 [INFO] gaitguard.main: FPS=24.0 | tracks=1 | alerts=0
2025-11-14 22:04:18,346 [INFO] gaitguard.main: FPS=24.0 | tracks=0 | alerts=0
2025-11-14 22:04:19,338 [INFO] gaitguard.main: FPS=24.1 | tracks=0 | alerts=0
2025-11-14 22:04:20,330 [INFO] gaitguard.main: FPS=24.1 | tracks=1 | alerts=0
2025-11-14 22:04:21,325 [INFO] gaitguard.main: FPS=24.2 | tracks=0 | alerts=0
2025-11-14 22:04:22,301 [INFO] gaitguard.main: FPS=24.3 | tracks=0 | alerts=0
2025-11-14 22:04:23,296 [INFO] gaitguard.main: FPS=24.3 | tracks=1 | alerts=0
2025-11-14 22:04:24,281 [INFO] gaitguard.main: FPS=24.4 | tracks=1 | alerts=0
2025-11-14 22:04:25,273 [INFO] gaitguard.main: FPS=24.4 | tracks=0 | alerts=0
2025-11-14 22:04:26,252 [INFO] gaitguard.main: FPS=24.5 | tracks=0 | alerts=0
2025-11-14 22:04:27,250 [INFO] gaitguard.main: FPS=24.5 | tracks=1 | alerts=0
2025-11-14 22:04:28,239 [INFO] gaitguard.main: FPS=24.6 | tracks=1 | alerts=0
2025-11-14 22:04:29,214 [INFO] gaitguard.main: FPS=24.6 | tracks=0 | alerts=0
2025-11-14 22:04:30,213 [INFO] gaitguard.main: FPS=24.7 | tracks=0 | alerts=0
2025-11-14 22:04:31,192 [INFO] gaitguard.main: FPS=24.7 | tracks=0 | alerts=0
2025-11-14 22:04:32,198 [INFO] gaitguard.main: FPS=24.8 | tracks=0 | alerts=0
2025-11-14 22:04:33,167 [INFO] gaitguard.main: FPS=24.8 | tracks=0 | alerts=0
2025-11-14 22:04:34,211 [INFO] gaitguard.main: FPS=24.8 | tracks=1 | alerts=0
2025-11-14 22:04:35,239 [INFO] gaitguard.main: FPS=24.9 | tracks=3 | alerts=0
2025-11-14 22:04:36,283 [INFO] gaitguard.main: FPS=24.9 | tracks=3 | alerts=0
2025-11-14 22:04:37,320 [INFO] gaitguard.main: FPS=24.9 | tracks=2 | alerts=0
2025-11-14 22:04:38,409 [INFO] gaitguard.main: FPS=25.0 | tracks=1 | alerts=0
2025-11-14 22:04:39,466 [INFO] gaitguard.main: FPS=25.0 | tracks=2 | alerts=0
2025-11-14 22:04:40,569 [INFO] gaitguard.main: FPS=25.0 | tracks=5 | alerts=0
2025-11-14 22:04:41,658 [INFO] gaitguard.main: FPS=25.0 | tracks=3 | alerts=0
2025-11-14 22:04:42,768 [INFO] gaitguard.main: FPS=25.1 | tracks=2 | alerts=0
2025-11-14 22:04:43,771 [INFO] gaitguard.main: FPS=25.1 | tracks=1 | alerts=0
2025-11-14 22:04:44,786 [INFO] gaitguard.main: FPS=25.1 | tracks=1 | alerts=0
2025-11-14 22:04:45,784 [INFO] gaitguard.main: FPS=25.2 | tracks=1 | alerts=0
2025-11-14 22:04:46,763 [INFO] gaitguard.main: FPS=25.2 | tracks=0 | alerts=0
2025-11-14 22:04:47,778 [INFO] gaitguard.main: FPS=25.2 | tracks=0 | alerts=0
2025-11-14 22:04:48,745 [INFO] gaitguard.main: FPS=25.3 | tracks=0 | alerts=0
2025-11-14 22:04:49,743 [INFO] gaitguard.main: FPS=25.3 | tracks=0 | alerts=0
2025-11-14 22:04:50,744 [INFO] gaitguard.main: FPS=25.4 | tracks=0 | alerts=0
2025-11-14 22:04:51,805 [INFO] gaitguard.main: FPS=25.4 | tracks=0 | alerts=0
2025-11-14 22:04:52,779 [INFO] gaitguard.main: FPS=25.4 | tracks=0 | alerts=0
2025-11-14 22:04:53,818 [INFO] gaitguard.main: FPS=25.4 | tracks=0 | alerts=0
2025-11-14 22:04:54,936 [INFO] gaitguard.main: FPS=25.4 | tracks=0 | alerts=0
2025-11-14 22:04:56,017 [INFO] gaitguard.main: FPS=25.5 | tracks=0 | alerts=0
2025-11-14 22:04:56,970 [INFO] gaitguard.main: FPS=25.5 | tracks=0 | alerts=0
2025-11-14 22:04:57,966 [INFO] gaitguard.main: FPS=25.5 | tracks=0 | alerts=0
2025-11-14 22:04:58,973 [INFO] gaitguard.main: FPS=25.6 | tracks=0 | alerts=0
2025-11-14 22:04:59,993 [INFO] gaitguard.main: FPS=25.6 | tracks=0 | alerts=0
2025-11-14 22:05:00,962 [INFO] gaitguard.main: FPS=25.6 | tracks=0 | alerts=0
2025-11-14 22:05:01,956 [INFO] gaitguard.main: FPS=25.7 | tracks=0 | alerts=0
2025-11-14 22:05:03,064 [INFO] gaitguard.main: FPS=25.7 | tracks=0 | alerts=0
2025-11-14 22:05:04,092 [INFO] gaitguard.main: FPS=25.7 | tracks=0 | alerts=0
2025-11-14 22:05:05,210 [INFO] gaitguard.main: FPS=25.7 | tracks=0 | alerts=0
2025-11-14 22:05:06,232 [INFO] gaitguard.main: FPS=25.7 | tracks=0 | alerts=0
2025-11-14 22:05:07,213 [INFO] gaitguard.main: FPS=25.8 | tracks=0 | alerts=0
2025-11-14 22:05:08,243 [INFO] gaitguard.main: FPS=25.8 | tracks=1 | alerts=0
2025-11-14 22:05:09,225 [INFO] gaitguard.main: FPS=25.8 | tracks=0 | alerts=0
2025-11-14 22:05:10,274 [INFO] gaitguard.main: FPS=25.8 | tracks=1 | alerts=0
2025-11-14 22:05:11,225 [INFO] gaitguard.main: FPS=25.9 | tracks=1 | alerts=0
2025-11-14 22:05:12,221 [INFO] gaitguard.main: FPS=25.9 | tracks=2 | alerts=0
2025-11-14 22:05:13,209 [INFO] gaitguard.main: FPS=25.9 | tracks=1 | alerts=0
2025-11-14 22:05:14,207 [INFO] gaitguard.main: FPS=25.9 | tracks=1 | alerts=0
2025-11-14 22:05:15,182 [INFO] gaitguard.main: FPS=26.0 | tracks=1 | alerts=0
2025-11-14 22:05:16,178 [INFO] gaitguard.main: FPS=26.0 | tracks=1 | alerts=0
2025-11-14 22:05:17,185 [INFO] gaitguard.main: FPS=26.0 | tracks=0 | alerts=0
2025-11-14 22:05:18,200 [INFO] gaitguard.main: FPS=26.0 | tracks=0 | alerts=0
2025-11-14 22:05:19,161 [INFO] gaitguard.main: FPS=26.1 | tracks=0 | alerts=0
2025-11-14 22:05:20,157 [INFO] gaitguard.main: FPS=26.1 | tracks=1 | alerts=0
2025-11-14 22:05:21,148 [INFO] gaitguard.main: FPS=26.1 | tracks=1 | alerts=0
2025-11-14 22:05:22,177 [INFO] gaitguard.main: FPS=26.1 | tracks=1 | alerts=0
2025-11-14 22:05:23,185 [INFO] gaitguard.main: FPS=26.2 | tracks=1 | alerts=0
2025-11-14 22:05:24,178 [INFO] gaitguard.main: FPS=26.2 | tracks=1 | alerts=0
2025-11-14 22:05:25,160 [INFO] gaitguard.main: FPS=26.2 | tracks=0 | alerts=0
2025-11-14 22:05:26,154 [INFO] gaitguard.main: FPS=26.2 | tracks=0 | alerts=0
2025-11-14 22:05:27,130 [INFO] gaitguard.main: FPS=26.3 | tracks=0 | alerts=0
2025-11-14 22:05:28,143 [INFO] gaitguard.main: FPS=26.3 | tracks=0 | alerts=0
2025-11-14 22:05:29,113 [INFO] gaitguard.main: FPS=26.3 | tracks=0 | alerts=0
2025-11-14 22:05:30,108 [INFO] gaitguard.main: FPS=26.3 | tracks=0 | alerts=0
2025-11-14 22:05:31,089 [INFO] gaitguard.main: FPS=26.3 | tracks=0 | alerts=0
2025-11-14 22:05:32,087 [INFO] gaitguard.main: FPS=26.4 | tracks=0 | alerts=0
2025-11-14 22:05:33,083 [INFO] gaitguard.main: FPS=26.4 | tracks=0 | alerts=0
2025-11-14 22:05:34,141 [INFO] gaitguard.main: FPS=26.4 | tracks=1 | alerts=0
2025-11-14 22:05:35,163 [INFO] gaitguard.main: FPS=26.4 | tracks=2 | alerts=0
2025-11-14 22:05:36,221 [INFO] gaitguard.main: FPS=26.4 | tracks=2 | alerts=0
2025-11-14 22:05:37,248 [INFO] gaitguard.main: FPS=26.4 | tracks=2 | alerts=0
2025-11-14 22:05:38,323 [INFO] gaitguard.main: FPS=26.5 | tracks=2 | alerts=0
2025-11-14 22:05:39,354 [INFO] gaitguard.main: FPS=26.5 | tracks=3 | alerts=0
2025-11-14 22:05:40,430 [INFO] gaitguard.main: FPS=26.5 | tracks=1 | alerts=0
2025-11-14 22:05:41,451 [INFO] gaitguard.main: FPS=26.5 | tracks=1 | alerts=0
2025-11-14 22:05:42,478 [INFO] gaitguard.main: FPS=26.5 | tracks=1 | alerts=0
2025-11-14 22:05:43,490 [INFO] gaitguard.main: FPS=26.5 | tracks=2 | alerts=0
2025-11-14 22:05:44,558 [INFO] gaitguard.main: FPS=26.5 | tracks=1 | alerts=0
2025-11-14 22:05:45,552 [INFO] gaitguard.main: FPS=26.5 | tracks=1 | alerts=0
2025-11-14 22:05:46,584 [INFO] gaitguard.main: FPS=26.6 | tracks=1 | alerts=0
2025-11-14 22:05:47,598 [INFO] gaitguard.main: FPS=26.6 | tracks=1 | alerts=0
2025-11-14 22:05:48,605 [INFO] gaitguard.main: FPS=26.6 | tracks=1 | alerts=0
2025-11-14 22:05:49,626 [INFO] gaitguard.main: FPS=26.6 | tracks=1 | alerts=0
2025-11-14 22:05:50,658 [INFO] gaitguard.main: FPS=26.6 | tracks=1 | alerts=0
2025-11-14 22:05:51,645 [INFO] gaitguard.main: FPS=26.6 | tracks=3 | alerts=0
2025-11-14 22:05:52,621 [INFO] gaitguard.main: FPS=26.7 | tracks=2 | alerts=0
2025-11-14 22:05:53,651 [INFO] gaitguard.main: FPS=26.7 | tracks=1 | alerts=0
2025-11-14 22:05:54,744 [INFO] gaitguard.main: FPS=26.7 | tracks=2 | alerts=0
2025-11-14 22:05:55,779 [INFO] gaitguard.main: FPS=26.7 | tracks=1 | alerts=0
2025-11-14 22:05:56,814 [INFO] gaitguard.main: FPS=26.7 | tracks=2 | alerts=0
2025-11-14 22:05:57,786 [INFO] gaitguard.main: FPS=26.7 | tracks=1 | alerts=0
2025-11-14 22:05:58,793 [INFO] gaitguard.main: FPS=26.7 | tracks=1 | alerts=0
2025-11-14 22:05:59,818 [INFO] gaitguard.main: FPS=26.7 | tracks=1 | alerts=0
2025-11-14 22:06:00,896 [INFO] gaitguard.main: FPS=26.8 | tracks=2 | alerts=0
2025-11-14 22:06:01,953 [INFO] gaitguard.main: FPS=26.8 | tracks=1 | alerts=0
2025-11-14 22:06:02,926 [INFO] gaitguard.main: FPS=26.8 | tracks=1 | alerts=0
2025-11-14 22:06:04,048 [INFO] gaitguard.main: FPS=26.8 | tracks=1 | alerts=0
2025-11-14 22:06:05,077 [INFO] gaitguard.main: FPS=26.8 | tracks=2 | alerts=0
2025-11-14 22:06:06,079 [INFO] gaitguard.main: FPS=26.8 | tracks=3 | alerts=0
2025-11-14 22:06:07,137 [INFO] gaitguard.main: FPS=26.8 | tracks=3 | alerts=0
2025-11-14 22:06:08,175 [INFO] gaitguard.main: FPS=26.8 | tracks=2 | alerts=0
2025-11-14 22:06:09,133 [INFO] gaitguard.main: FPS=26.8 | tracks=2 | alerts=0
2025-11-14 22:06:10,266 [INFO] gaitguard.main: FPS=26.8 | tracks=3 | alerts=0
2025-11-14 22:06:11,293 [INFO] gaitguard.main: FPS=26.9 | tracks=3 | alerts=0
2025-11-14 22:06:12,306 [INFO] gaitguard.main: FPS=26.9 | tracks=4 | alerts=0
2025-11-14 22:06:13,331 [INFO] gaitguard.main: FPS=26.9 | tracks=3 | alerts=0
2025-11-14 22:06:14,337 [INFO] gaitguard.main: FPS=26.9 | tracks=2 | alerts=0
2025-11-14 22:06:15,467 [INFO] gaitguard.main: FPS=26.9 | tracks=1 | alerts=0
2025-11-14 22:06:16,450 [INFO] gaitguard.main: FPS=26.9 | tracks=1 | alerts=0
2025-11-14 22:06:18,050 [INFO] gaitguard.main: FPS=26.8 | tracks=1 | alerts=0
2025-11-14 22:06:19,056 [INFO] gaitguard.main: FPS=26.9 | tracks=1 | alerts=0
2025-11-14 22:06:20,066 [INFO] gaitguard.main: FPS=26.9 | tracks=1 | alerts=0
2025-11-14 22:06:21,071 [INFO] gaitguard.main: FPS=26.9 | tracks=1 | alerts=0
2025-11-14 22:06:22,144 [INFO] gaitguard.main: FPS=26.9 | tracks=2 | alerts=0
2025-11-14 22:06:23,240 [INFO] gaitguard.main: FPS=26.9 | tracks=3 | alerts=0
2025-11-14 22:06:24,316 [INFO] gaitguard.main: FPS=26.9 | tracks=3 | alerts=0
2025-11-14 22:06:25,452 [INFO] gaitguard.main: FPS=26.9 | tracks=2 | alerts=0
2025-11-14 22:06:26,571 [INFO] gaitguard.main: FPS=26.9 | tracks=2 | alerts=0
2025-11-14 22:06:27,664 [INFO] gaitguard.main: FPS=26.9 | tracks=2 | alerts=0
2025-11-14 22:06:28,709 [INFO] gaitguard.main: FPS=26.9 | tracks=2 | alerts=0
2025-11-14 22:06:29,716 [INFO] gaitguard.main: FPS=26.9 | tracks=3 | alerts=0
2025-11-14 22:06:30,750 [INFO] gaitguard.main: FPS=26.9 | tracks=2 | alerts=0
2025-11-14 22:06:31,782 [INFO] gaitguard.main: FPS=26.9 | tracks=3 | alerts=0
2025-11-14 22:06:32,857 [INFO] gaitguard.main: FPS=26.9 | tracks=1 | alerts=0
2025-11-14 22:06:33,854 [INFO] gaitguard.main: FPS=27.0 | tracks=2 | alerts=0
2025-11-14 22:06:34,911 [INFO] gaitguard.main: FPS=27.0 | tracks=1 | alerts=0
2025-11-14 22:06:35,888 [INFO] gaitguard.main: FPS=27.0 | tracks=1 | alerts=0
2025-11-14 22:06:36,880 [INFO] gaitguard.main: FPS=27.0 | tracks=2 | alerts=0
2025-11-14 22:06:37,871 [INFO] gaitguard.main: FPS=27.0 | tracks=2 | alerts=0
2025-11-14 22:06:38,917 [INFO] gaitguard.main: FPS=27.0 | tracks=1 | alerts=0
2025-11-14 22:06:40,210 [INFO] gaitguard.main: FPS=27.0 | tracks=1 | alerts=0
2025-11-14 22:06:41,324 [INFO] gaitguard.main: FPS=27.0 | tracks=3 | alerts=0
2025-11-14 22:06:42,305 [INFO] gaitguard.main: FPS=27.0 | tracks=3 | alerts=0
2025-11-14 22:06:43,374 [INFO] gaitguard.main: FPS=27.0 | tracks=4 | alerts=0
2025-11-14 22:06:44,400 [INFO] gaitguard.main: FPS=27.0 | tracks=3 | alerts=0
2025-11-14 22:06:45,392 [INFO] gaitguard.main: FPS=27.0 | tracks=1 | alerts=0
2025-11-14 22:06:46,423 [INFO] gaitguard.main: FPS=27.0 | tracks=1 | alerts=0
2025-11-14 22:06:47,493 [INFO] gaitguard.main: FPS=27.0 | tracks=1 | alerts=0
2025-11-14 22:06:48,559 [INFO] gaitguard.main: FPS=27.0 | tracks=2 | alerts=0
2025-11-14 22:06:49,663 [INFO] gaitguard.main: FPS=27.0 | tracks=2 | alerts=0
2025-11-14 22:06:50,714 [INFO] gaitguard.main: FPS=27.1 | tracks=1 | alerts=0
2025-11-14 22:06:51,743 [INFO] gaitguard.main: FPS=27.1 | tracks=2 | alerts=0
2025-11-14 22:06:52,791 [INFO] gaitguard.main: FPS=27.1 | tracks=2 | alerts=0
2025-11-14 22:06:53,804 [INFO] gaitguard.main: FPS=27.1 | tracks=2 | alerts=0
2025-11-14 22:06:54,897 [INFO] gaitguard.main: FPS=27.1 | tracks=2 | alerts=0
2025-11-14 22:06:55,878 [INFO] gaitguard.main: FPS=27.1 | tracks=1 | alerts=0
2025-11-14 22:06:56,895 [INFO] gaitguard.main: FPS=27.1 | tracks=1 | alerts=0
2025-11-14 22:06:58,059 [INFO] gaitguard.main: FPS=27.1 | tracks=1 | alerts=0
2025-11-14 22:06:59,179 [INFO] gaitguard.main: FPS=27.1 | tracks=1 | alerts=0
2025-11-14 22:07:00,192 [INFO] gaitguard.main: FPS=27.1 | tracks=1 | alerts=0
2025-11-14 22:07:01,876 [INFO] gaitguard.main: FPS=27.0 | tracks=1 | alerts=0
2025-11-14 22:07:03,699 [INFO] gaitguard.main: FPS=27.0 | tracks=2 | alerts=0
2025-11-14 22:07:05,505 [INFO] gaitguard.main: FPS=26.9 | tracks=2 | alerts=0
2025-11-14 22:07:07,293 [INFO] gaitguard.main: FPS=26.8 | tracks=1 | alerts=0
2025-11-14 22:07:09,097 [INFO] gaitguard.main: FPS=26.8 | tracks=1 | alerts=0
2025-11-14 22:07:11,175 [INFO] gaitguard.main: GaitGuard Phase-1 pipeline stopped.
2025-11-14 22:25:36,309 [INFO] gaitguard.device: Using CUDA device: NVIDIA GeForce RTX 3050 6GB Laptop GPU
2025-11-14 22:25:36,309 [INFO] gaitguard.main: Runtime device=cuda | half=True
2025-11-14 22:25:36,309 [INFO] perception.detector: Loading YOLO model 'yolo11n.pt' on device 'cuda'
2025-11-14 22:25:37,307 [INFO] perception.detector: YOLO model loaded in FP16 on CUDA
2025-11-14 22:25:37,307 [INFO] perception.detector: YOLO model ready
2025-11-14 22:25:37,312 [INFO] perception.perception_engine: Phase-1 PerceptionEngine initialized.
2025-11-14 22:25:42,250 [INFO] gaitguard.main: GaitGuard Phase-1 pipeline started. Press ESC to exit.
2025-11-14 22:25:44,116 [INFO] gaitguard.main: FPS=16.4 | tracks=1 | alerts=0
2025-11-14 22:25:45,246 [INFO] gaitguard.main: FPS=20.3 | tracks=1 | alerts=0
2025-11-14 22:25:46,351 [INFO] gaitguard.main: FPS=22.1 | tracks=1 | alerts=0
2025-11-14 22:25:47,505 [INFO] gaitguard.main: FPS=23.0 | tracks=1 | alerts=0
2025-11-14 22:25:48,720 [INFO] gaitguard.main: FPS=23.3 | tracks=2 | alerts=0
2025-11-14 22:25:49,802 [INFO] gaitguard.main: FPS=23.9 | tracks=2 | alerts=0
2025-11-14 22:25:50,821 [INFO] gaitguard.main: FPS=24.6 | tracks=2 | alerts=0
2025-11-14 22:25:51,873 [INFO] gaitguard.main: FPS=25.0 | tracks=3 | alerts=0
2025-11-14 22:25:52,944 [INFO] gaitguard.main: FPS=25.3 | tracks=3 | alerts=0
2025-11-14 22:25:54,025 [INFO] gaitguard.main: FPS=25.5 | tracks=4 | alerts=0
2025-11-14 22:25:55,025 [INFO] gaitguard.main: FPS=25.9 | tracks=1 | alerts=0
2025-11-14 22:25:56,069 [INFO] gaitguard.main: FPS=26.1 | tracks=1 | alerts=0
2025-11-14 22:25:57,654 [INFO] gaitguard.main: FPS=25.4 | tracks=1 | alerts=0
2025-11-14 22:25:59,486 [INFO] gaitguard.main: FPS=24.4 | tracks=1 | alerts=0
2025-11-14 22:26:01,283 [INFO] gaitguard.main: FPS=23.7 | tracks=1 | alerts=0
2025-11-14 22:26:03,096 [INFO] gaitguard.main: FPS=23.1 | tracks=1 | alerts=0
2025-11-14 22:26:04,896 [INFO] gaitguard.main: FPS=22.6 | tracks=2 | alerts=0
2025-11-14 22:26:06,700 [INFO] gaitguard.main: FPS=22.1 | tracks=2 | alerts=0
2025-11-14 22:26:08,493 [INFO] gaitguard.main: FPS=21.7 | tracks=2 | alerts=0
2025-11-14 22:26:10,301 [INFO] gaitguard.main: FPS=21.4 | tracks=1 | alerts=0
2025-11-14 22:26:12,117 [INFO] gaitguard.main: FPS=21.1 | tracks=1 | alerts=0
2025-11-14 22:26:13,920 [INFO] gaitguard.main: FPS=20.9 | tracks=2 | alerts=0
2025-11-14 22:26:15,707 [INFO] gaitguard.main: FPS=20.6 | tracks=2 | alerts=0
2025-11-14 22:26:17,530 [INFO] gaitguard.main: FPS=20.4 | tracks=2 | alerts=0
2025-11-14 22:26:19,320 [INFO] gaitguard.main: FPS=20.2 | tracks=3 | alerts=0
2025-11-14 22:26:21,125 [INFO] gaitguard.main: FPS=20.1 | tracks=2 | alerts=0
2025-11-14 22:26:22,920 [INFO] gaitguard.main: FPS=19.9 | tracks=1 | alerts=0
2025-11-14 22:26:24,749 [INFO] gaitguard.main: FPS=19.8 | tracks=1 | alerts=0
2025-11-14 22:26:26,532 [INFO] gaitguard.main: FPS=19.7 | tracks=1 | alerts=0
2025-11-14 22:26:28,348 [INFO] gaitguard.main: FPS=19.5 | tracks=1 | alerts=0
2025-11-14 22:26:30,159 [INFO] gaitguard.main: FPS=19.4 | tracks=1 | alerts=0
2025-11-14 22:26:31,942 [INFO] gaitguard.main: FPS=19.3 | tracks=3 | alerts=0
2025-11-14 22:26:33,751 [INFO] gaitguard.main: FPS=19.2 | tracks=1 | alerts=0
2025-11-14 22:26:35,556 [INFO] gaitguard.main: FPS=19.1 | tracks=1 | alerts=0
2025-11-14 22:26:37,369 [INFO] gaitguard.main: FPS=19.1 | tracks=1 | alerts=0
2025-11-14 22:26:39,156 [INFO] gaitguard.main: FPS=19.0 | tracks=1 | alerts=0
2025-11-14 22:26:40,966 [INFO] gaitguard.main: FPS=18.9 | tracks=2 | alerts=0
2025-11-14 22:26:42,788 [INFO] gaitguard.main: FPS=18.8 | tracks=1 | alerts=0
2025-11-14 22:26:44,581 [INFO] gaitguard.main: FPS=18.8 | tracks=1 | alerts=0
2025-11-14 22:26:46,388 [INFO] gaitguard.main: FPS=18.7 | tracks=2 | alerts=0
2025-11-14 22:26:48,186 [INFO] gaitguard.main: FPS=18.7 | tracks=1 | alerts=0
2025-11-14 22:26:49,988 [INFO] gaitguard.main: FPS=18.6 | tracks=1 | alerts=0
2025-11-14 22:26:51,802 [INFO] gaitguard.main: FPS=18.6 | tracks=1 | alerts=0
2025-11-14 22:26:53,612 [INFO] gaitguard.main: FPS=18.5 | tracks=1 | alerts=0
2025-11-14 22:26:55,403 [INFO] gaitguard.main: FPS=18.5 | tracks=1 | alerts=0
2025-11-14 22:26:57,205 [INFO] gaitguard.main: FPS=18.4 | tracks=1 | alerts=0
2025-11-14 22:26:58,525 [INFO] gaitguard.main: FPS=18.5 | tracks=1 | alerts=0
2025-11-14 22:26:59,523 [INFO] gaitguard.main: FPS=18.6 | tracks=0 | alerts=0
2025-11-14 22:27:00,598 [INFO] gaitguard.main: FPS=18.8 | tracks=1 | alerts=0
2025-11-14 22:27:01,670 [INFO] gaitguard.main: FPS=18.9 | tracks=1 | alerts=0
2025-11-14 22:27:02,805 [INFO] gaitguard.main: FPS=19.0 | tracks=1 | alerts=0
2025-11-14 22:27:03,797 [INFO] gaitguard.main: FPS=19.1 | tracks=1 | alerts=0
2025-11-14 22:27:04,853 [INFO] gaitguard.main: FPS=19.3 | tracks=1 | alerts=0
2025-11-14 22:27:05,863 [INFO] gaitguard.main: FPS=19.4 | tracks=1 | alerts=0
2025-11-14 22:27:06,940 [INFO] gaitguard.main: FPS=19.5 | tracks=1 | alerts=0
2025-11-14 22:27:07,981 [INFO] gaitguard.main: FPS=19.6 | tracks=1 | alerts=0
2025-11-14 22:27:09,151 [INFO] gaitguard.main: FPS=19.7 | tracks=1 | alerts=0
2025-11-14 22:27:10,188 [INFO] gaitguard.main: FPS=19.8 | tracks=2 | alerts=0
2025-11-14 22:27:11,286 [INFO] gaitguard.main: FPS=19.9 | tracks=1 | alerts=0
2025-11-14 22:27:12,352 [INFO] gaitguard.main: FPS=20.0 | tracks=1 | alerts=0
2025-11-14 22:27:13,558 [INFO] gaitguard.main: FPS=20.1 | tracks=1 | alerts=0
2025-11-14 22:27:14,742 [INFO] gaitguard.main: FPS=20.1 | tracks=1 | alerts=0
2025-11-14 22:27:15,886 [INFO] gaitguard.main: FPS=20.2 | tracks=1 | alerts=0
2025-11-14 22:27:16,933 [INFO] gaitguard.main: FPS=20.3 | tracks=1 | alerts=0
2025-11-14 22:27:18,107 [INFO] gaitguard.main: FPS=20.4 | tracks=1 | alerts=0
2025-11-14 22:27:19,221 [INFO] gaitguard.main: FPS=20.4 | tracks=1 | alerts=0
2025-11-14 22:27:20,417 [INFO] gaitguard.main: FPS=20.5 | tracks=1 | alerts=0
2025-11-14 22:27:21,514 [INFO] gaitguard.main: FPS=20.6 | tracks=1 | alerts=0
2025-11-14 22:27:22,911 [INFO] gaitguard.main: FPS=20.6 | tracks=1 | alerts=0
2025-11-14 22:27:24,268 [INFO] gaitguard.main: FPS=20.6 | tracks=1 | alerts=0
2025-11-14 22:27:25,747 [INFO] gaitguard.main: FPS=20.6 | tracks=1 | alerts=0
2025-11-14 22:27:27,139 [INFO] gaitguard.main: FPS=20.6 | tracks=1 | alerts=0
2025-11-14 22:27:28,605 [INFO] gaitguard.main: FPS=20.6 | tracks=1 | alerts=0
2025-11-14 22:27:30,049 [INFO] gaitguard.main: FPS=20.6 | tracks=1 | alerts=0
2025-11-14 22:27:31,552 [INFO] gaitguard.main: FPS=20.6 | tracks=1 | alerts=0
2025-11-14 22:27:32,976 [INFO] gaitguard.main: FPS=20.6 | tracks=1 | alerts=0
2025-11-14 22:27:34,434 [INFO] gaitguard.main: FPS=20.6 | tracks=1 | alerts=0
2025-11-14 22:27:35,973 [INFO] gaitguard.main: FPS=20.6 | tracks=1 | alerts=0
2025-11-14 22:27:37,499 [INFO] gaitguard.main: FPS=20.6 | tracks=1 | alerts=0
2025-11-14 22:27:39,030 [INFO] gaitguard.main: FPS=20.6 | tracks=1 | alerts=0
2025-11-14 22:27:40,592 [INFO] gaitguard.main: FPS=20.5 | tracks=1 | alerts=0
2025-11-14 22:27:41,980 [INFO] gaitguard.main: FPS=20.6 | tracks=1 | alerts=0
2025-11-14 22:27:42,957 [INFO] gaitguard.main: FPS=20.6 | tracks=1 | alerts=0
2025-11-14 22:27:43,955 [INFO] gaitguard.main: FPS=20.7 | tracks=1 | alerts=0
2025-11-14 22:27:44,954 [INFO] gaitguard.main: FPS=20.8 | tracks=1 | alerts=0
2025-11-14 22:27:46,059 [INFO] gaitguard.main: FPS=20.8 | tracks=1 | alerts=0
2025-11-14 22:27:47,096 [INFO] gaitguard.main: FPS=20.9 | tracks=1 | alerts=0
2025-11-14 22:27:48,114 [INFO] gaitguard.main: FPS=21.0 | tracks=1 | alerts=0
2025-11-14 22:27:49,206 [INFO] gaitguard.main: FPS=21.0 | tracks=1 | alerts=0
2025-11-14 22:27:50,247 [INFO] gaitguard.main: FPS=21.1 | tracks=1 | alerts=0
2025-11-14 22:27:51,404 [INFO] gaitguard.main: FPS=21.1 | tracks=1 | alerts=0
2025-11-14 22:27:52,182 [INFO] gaitguard.main: GaitGuard Phase-1 pipeline stopped.
2025-11-14 22:28:02,341 [INFO] gaitguard.device: Using CUDA device: NVIDIA GeForce RTX 3050 6GB Laptop GPU
2025-11-14 22:28:02,341 [INFO] gaitguard.main: Runtime device=cuda | half=True
2025-11-14 22:28:02,341 [INFO] perception.detector: Loading YOLO model 'yolo11n.pt' on device 'cuda'
2025-11-14 22:28:03,322 [INFO] perception.detector: YOLO model loaded in FP16 on CUDA
2025-11-14 22:28:03,322 [INFO] perception.detector: YOLO model ready
2025-11-14 22:28:03,322 [INFO] perception.perception_engine: Phase-1 PerceptionEngine initialized.
2025-11-14 22:28:08,097 [INFO] gaitguard.main: GaitGuard Phase-1 pipeline started. Press ESC to exit.
2025-11-14 22:28:09,610 [INFO] gaitguard.main: FPS=20.2 | tracks=0 | alerts=0
2025-11-14 22:28:10,568 [INFO] gaitguard.main: FPS=24.5 | tracks=0 | alerts=0
2025-11-14 22:28:11,629 [INFO] gaitguard.main: FPS=25.7 | tracks=0 | alerts=0
2025-11-14 22:28:12,637 [INFO] gaitguard.main: FPS=26.6 | tracks=0 | alerts=0
2025-11-14 22:28:13,640 [INFO] gaitguard.main: FPS=27.2 | tracks=0 | alerts=0
2025-11-14 22:28:14,640 [INFO] gaitguard.main: FPS=27.6 | tracks=0 | alerts=0
2025-11-14 22:28:15,627 [INFO] gaitguard.main: FPS=28.0 | tracks=0 | alerts=0
2025-11-14 22:28:16,599 [INFO] gaitguard.main: FPS=28.3 | tracks=1 | alerts=0
2025-11-14 22:28:17,603 [INFO] gaitguard.main: FPS=28.5 | tracks=1 | alerts=0
2025-11-14 22:28:18,585 [INFO] gaitguard.main: FPS=28.7 | tracks=1 | alerts=0
2025-11-14 22:28:19,617 [INFO] gaitguard.main: FPS=28.7 | tracks=2 | alerts=0
2025-11-14 22:28:20,618 [INFO] gaitguard.main: FPS=28.8 | tracks=1 | alerts=0
2025-11-14 22:28:21,619 [INFO] gaitguard.main: FPS=28.9 | tracks=1 | alerts=0
2025-11-14 22:28:22,607 [INFO] gaitguard.main: FPS=29.0 | tracks=1 | alerts=0
2025-11-14 22:28:23,631 [INFO] gaitguard.main: FPS=29.0 | tracks=1 | alerts=0
2025-11-14 22:28:24,616 [INFO] gaitguard.main: FPS=29.1 | tracks=1 | alerts=0
2025-11-14 22:28:25,622 [INFO] gaitguard.main: FPS=29.2 | tracks=1 | alerts=0
2025-11-14 22:28:26,622 [INFO] gaitguard.main: FPS=29.2 | tracks=1 | alerts=0
2025-11-14 22:28:27,641 [INFO] gaitguard.main: FPS=29.2 | tracks=1 | alerts=0
2025-11-14 22:28:28,619 [INFO] gaitguard.main: FPS=29.3 | tracks=1 | alerts=0
2025-11-14 22:28:29,610 [INFO] gaitguard.main: FPS=29.3 | tracks=1 | alerts=0
2025-11-14 22:28:30,605 [INFO] gaitguard.main: FPS=29.4 | tracks=1 | alerts=0
2025-11-14 22:28:31,655 [INFO] gaitguard.main: FPS=29.3 | tracks=1 | alerts=0
2025-11-14 22:28:32,784 [INFO] gaitguard.main: FPS=29.2 | tracks=1 | alerts=0
2025-11-14 22:28:33,786 [INFO] gaitguard.main: FPS=29.2 | tracks=2 | alerts=0
2025-11-14 22:28:34,901 [INFO] gaitguard.main: FPS=29.1 | tracks=1 | alerts=0
2025-11-14 22:28:36,079 [INFO] gaitguard.main: FPS=29.0 | tracks=1 | alerts=0
2025-11-14 22:28:37,284 [INFO] gaitguard.main: FPS=28.8 | tracks=1 | alerts=0
2025-11-14 22:28:38,352 [INFO] gaitguard.main: FPS=28.8 | tracks=1 | alerts=0
2025-11-14 22:28:39,420 [INFO] gaitguard.main: FPS=28.8 | tracks=1 | alerts=0
2025-11-14 22:28:40,567 [INFO] gaitguard.main: FPS=28.7 | tracks=1 | alerts=0
2025-11-14 22:28:41,722 [INFO] gaitguard.main: FPS=28.6 | tracks=1 | alerts=0
2025-11-14 22:28:42,746 [INFO] gaitguard.main: FPS=28.6 | tracks=1 | alerts=0
2025-11-14 22:28:43,762 [INFO] gaitguard.main: FPS=28.6 | tracks=1 | alerts=0
2025-11-14 22:28:45,088 [INFO] gaitguard.main: FPS=28.4 | tracks=1 | alerts=0
2025-11-14 22:28:46,560 [INFO] gaitguard.main: FPS=28.1 | tracks=1 | alerts=0
2025-11-14 22:28:48,069 [INFO] gaitguard.main: FPS=27.8 | tracks=1 | alerts=0
2025-11-14 22:28:49,617 [INFO] gaitguard.main: FPS=27.5 | tracks=1 | alerts=0
2025-11-14 22:28:51,107 [INFO] gaitguard.main: FPS=27.2 | tracks=1 | alerts=0
2025-11-14 22:28:52,498 [INFO] gaitguard.main: FPS=27.1 | tracks=1 | alerts=0
2025-11-14 22:28:53,874 [INFO] gaitguard.main: FPS=26.9 | tracks=1 | alerts=0
2025-11-14 22:28:55,454 [INFO] gaitguard.main: FPS=26.6 | tracks=1 | alerts=0
2025-11-14 22:28:56,885 [INFO] gaitguard.main: FPS=26.5 | tracks=1 | alerts=0
2025-11-14 22:28:58,375 [INFO] gaitguard.main: FPS=26.3 | tracks=1 | alerts=0
2025-11-14 22:28:59,837 [INFO] gaitguard.main: FPS=26.1 | tracks=1 | alerts=0
2025-11-14 22:29:01,642 [INFO] gaitguard.main: FPS=25.8 | tracks=1 | alerts=0
2025-11-14 22:29:03,422 [INFO] gaitguard.main: FPS=25.5 | tracks=1 | alerts=0
2025-11-14 22:29:05,228 [INFO] gaitguard.main: FPS=25.2 | tracks=1 | alerts=0
2025-11-14 22:29:07,036 [INFO] gaitguard.main: FPS=25.0 | tracks=1 | alerts=0
2025-11-14 22:29:08,653 [INFO] gaitguard.main: FPS=24.8 | tracks=1 | alerts=0
2025-11-14 22:29:09,687 [INFO] gaitguard.main: FPS=24.9 | tracks=0 | alerts=0
2025-11-14 22:29:10,669 [INFO] gaitguard.main: FPS=24.9 | tracks=0 | alerts=0
2025-11-14 22:29:11,647 [INFO] gaitguard.main: FPS=25.0 | tracks=0 | alerts=0
2025-11-14 22:29:12,661 [INFO] gaitguard.main: FPS=25.1 | tracks=0 | alerts=0
2025-11-14 22:29:13,629 [INFO] gaitguard.main: FPS=25.2 | tracks=0 | alerts=0
2025-11-14 22:29:14,615 [INFO] gaitguard.main: FPS=25.3 | tracks=1 | alerts=0
2025-11-14 22:29:15,615 [INFO] gaitguard.main: FPS=25.3 | tracks=1 | alerts=0
2025-11-14 22:29:16,597 [INFO] gaitguard.main: FPS=25.4 | tracks=0 | alerts=0
2025-11-14 22:29:17,589 [INFO] gaitguard.main: FPS=25.5 | tracks=0 | alerts=0
2025-11-14 22:29:18,604 [INFO] gaitguard.main: FPS=25.5 | tracks=1 | alerts=0
2025-11-14 22:29:19,646 [INFO] gaitguard.main: FPS=25.6 | tracks=1 | alerts=0
2025-11-14 22:29:20,605 [INFO] gaitguard.main: FPS=25.7 | tracks=1 | alerts=0
2025-11-14 22:29:21,692 [INFO] gaitguard.main: FPS=25.7 | tracks=1 | alerts=0
2025-11-14 22:29:22,757 [INFO] gaitguard.main: FPS=25.7 | tracks=1 | alerts=0
2025-11-14 22:29:24,710 [INFO] gaitguard.main: FPS=25.5 | tracks=1 | alerts=0
2025-11-14 22:29:25,720 [INFO] gaitguard.main: FPS=25.5 | tracks=1 | alerts=0
2025-11-14 22:29:26,706 [INFO] gaitguard.main: FPS=25.6 | tracks=1 | alerts=0
2025-11-14 22:29:27,735 [INFO] gaitguard.main: FPS=25.6 | tracks=2 | alerts=0
2025-11-14 22:29:28,755 [INFO] gaitguard.main: FPS=25.7 | tracks=2 | alerts=0
2025-11-14 22:29:29,780 [INFO] gaitguard.main: FPS=25.7 | tracks=2 | alerts=0
2025-11-14 22:29:30,815 [INFO] gaitguard.main: FPS=25.8 | tracks=2 | alerts=0
2025-11-14 22:29:31,908 [INFO] gaitguard.main: FPS=25.8 | tracks=2 | alerts=0
2025-11-14 22:29:33,048 [INFO] gaitguard.main: FPS=25.8 | tracks=2 | alerts=0
2025-11-14 22:29:34,126 [INFO] gaitguard.main: FPS=25.8 | tracks=2 | alerts=0
2025-11-14 22:29:35,196 [INFO] gaitguard.main: FPS=25.8 | tracks=1 | alerts=0
2025-11-14 22:29:36,229 [INFO] gaitguard.main: FPS=25.9 | tracks=1 | alerts=0
2025-11-14 22:29:37,279 [INFO] gaitguard.main: FPS=25.9 | tracks=2 | alerts=0
2025-11-14 22:29:38,342 [INFO] gaitguard.main: FPS=25.9 | tracks=2 | alerts=0
2025-11-14 22:29:39,373 [INFO] gaitguard.main: FPS=26.0 | tracks=2 | alerts=0
2025-11-14 22:29:40,421 [INFO] gaitguard.main: FPS=26.0 | tracks=2 | alerts=0
2025-11-14 22:29:41,947 [INFO] gaitguard.main: FPS=25.9 | tracks=2 | alerts=0
2025-11-14 22:29:43,756 [INFO] gaitguard.main: FPS=25.7 | tracks=2 | alerts=0
2025-11-14 22:29:45,575 [INFO] gaitguard.main: FPS=25.6 | tracks=3 | alerts=0
2025-11-14 22:29:46,682 [INFO] gaitguard.main: FPS=25.6 | tracks=2 | alerts=0
2025-11-14 22:29:47,784 [INFO] gaitguard.main: FPS=25.6 | tracks=2 | alerts=0
2025-11-14 22:29:48,935 [INFO] gaitguard.main: FPS=25.6 | tracks=2 | alerts=0
2025-11-14 22:29:49,984 [INFO] gaitguard.main: FPS=25.6 | tracks=2 | alerts=0
2025-11-14 22:29:50,998 [INFO] gaitguard.main: FPS=25.7 | tracks=2 | alerts=0
2025-11-14 22:29:52,016 [INFO] gaitguard.main: FPS=25.7 | tracks=2 | alerts=0
2025-11-14 22:29:53,043 [INFO] gaitguard.main: FPS=25.7 | tracks=2 | alerts=0
2025-11-14 22:29:54,043 [INFO] gaitguard.main: FPS=25.8 | tracks=2 | alerts=0
2025-11-14 22:29:55,089 [INFO] gaitguard.main: FPS=25.8 | tracks=2 | alerts=0
2025-11-14 22:29:56,075 [INFO] gaitguard.main: FPS=25.8 | tracks=2 | alerts=0
2025-11-14 22:29:57,123 [INFO] gaitguard.main: FPS=25.9 | tracks=2 | alerts=0
2025-11-14 22:29:58,249 [INFO] gaitguard.main: FPS=25.9 | tracks=2 | alerts=0
2025-11-14 22:29:59,309 [INFO] gaitguard.main: FPS=25.9 | tracks=2 | alerts=0
2025-11-14 22:30:00,371 [INFO] gaitguard.main: FPS=25.9 | tracks=2 | alerts=0
2025-11-14 22:30:01,433 [INFO] gaitguard.main: FPS=25.9 | tracks=2 | alerts=0
2025-11-14 22:30:02,567 [INFO] gaitguard.main: FPS=26.0 | tracks=2 | alerts=0
2025-11-14 22:30:03,756 [INFO] gaitguard.main: FPS=25.9 | tracks=2 | alerts=0
2025-11-14 22:30:04,865 [INFO] gaitguard.main: FPS=26.0 | tracks=2 | alerts=0
2025-11-14 22:30:05,918 [INFO] gaitguard.main: FPS=26.0 | tracks=2 | alerts=0
2025-11-14 22:30:07,024 [INFO] gaitguard.main: FPS=26.0 | tracks=3 | alerts=0
2025-11-14 22:30:08,765 [INFO] gaitguard.main: FPS=25.9 | tracks=1 | alerts=0
2025-11-14 22:30:10,584 [INFO] gaitguard.main: FPS=25.7 | tracks=1 | alerts=0
2025-11-14 22:30:12,389 [INFO] gaitguard.main: FPS=25.6 | tracks=1 | alerts=0
2025-11-14 22:30:14,182 [INFO] gaitguard.main: FPS=25.5 | tracks=1 | alerts=0
2025-11-14 22:30:15,981 [INFO] gaitguard.main: FPS=25.3 | tracks=2 | alerts=0
2025-11-14 22:30:17,789 [INFO] gaitguard.main: FPS=25.2 | tracks=3 | alerts=0
2025-11-14 22:30:19,621 [INFO] gaitguard.main: FPS=25.1 | tracks=2 | alerts=0
2025-11-14 22:30:21,409 [INFO] gaitguard.main: FPS=25.0 | tracks=2 | alerts=0
2025-11-14 22:30:23,209 [INFO] gaitguard.main: FPS=24.9 | tracks=2 | alerts=0
2025-11-14 22:30:24,206 [INFO] gaitguard.main: FPS=24.9 | tracks=2 | alerts=0
2025-11-14 22:30:25,737 [INFO] gaitguard.main: FPS=24.9 | tracks=2 | alerts=0
2025-11-14 22:30:27,343 [INFO] gaitguard.main: FPS=24.8 | tracks=2 | alerts=0
2025-11-14 22:30:28,407 [INFO] gaitguard.main: FPS=24.8 | tracks=2 | alerts=0
2025-11-14 22:30:29,445 [INFO] gaitguard.main: FPS=24.8 | tracks=2 | alerts=0
2025-11-14 22:30:30,624 [INFO] gaitguard.main: FPS=24.8 | tracks=2 | alerts=0
2025-11-14 22:30:31,774 [INFO] gaitguard.main: FPS=24.9 | tracks=2 | alerts=0
2025-11-14 22:30:32,888 [INFO] gaitguard.main: FPS=24.9 | tracks=2 | alerts=0
2025-11-14 22:30:33,922 [INFO] gaitguard.main: FPS=24.9 | tracks=2 | alerts=0
2025-11-14 22:30:35,424 [INFO] gaitguard.main: FPS=24.8 | tracks=2 | alerts=0
2025-11-14 22:30:37,237 [INFO] gaitguard.main: FPS=24.7 | tracks=2 | alerts=0
2025-11-14 22:30:38,926 [INFO] gaitguard.main: FPS=24.7 | tracks=2 | alerts=0
2025-11-14 22:30:39,979 [INFO] gaitguard.main: FPS=24.7 | tracks=2 | alerts=0
2025-11-14 22:30:41,027 [INFO] gaitguard.main: FPS=24.7 | tracks=3 | alerts=0
2025-11-14 22:30:42,317 [INFO] gaitguard.main: FPS=24.7 | tracks=2 | alerts=0
2025-11-14 22:30:43,972 [INFO] gaitguard.main: FPS=24.6 | tracks=2 | alerts=0
2025-11-14 22:30:45,777 [INFO] gaitguard.main: FPS=24.5 | tracks=2 | alerts=0
2025-11-14 22:30:47,584 [INFO] gaitguard.main: FPS=24.5 | tracks=2 | alerts=0
2025-11-14 22:30:49,383 [INFO] gaitguard.main: FPS=24.4 | tracks=2 | alerts=0
2025-11-14 22:30:51,219 [INFO] gaitguard.main: FPS=24.3 | tracks=2 | alerts=0
2025-11-14 22:30:53,062 [INFO] gaitguard.main: FPS=24.2 | tracks=2 | alerts=0
2025-11-14 22:30:54,856 [INFO] gaitguard.main: FPS=24.1 | tracks=3 | alerts=0
2025-11-14 22:30:56,681 [INFO] gaitguard.main: FPS=24.0 | tracks=2 | alerts=0
2025-11-14 22:30:58,455 [INFO] gaitguard.main: FPS=24.0 | tracks=3 | alerts=0
2025-11-14 22:31:00,267 [INFO] gaitguard.main: FPS=23.9 | tracks=3 | alerts=0
2025-11-14 22:31:02,073 [INFO] gaitguard.main: FPS=23.8 | tracks=3 | alerts=0
2025-11-14 22:31:03,902 [INFO] gaitguard.main: FPS=23.7 | tracks=3 | alerts=0
2025-11-14 22:31:05,695 [INFO] gaitguard.main: FPS=23.7 | tracks=3 | alerts=0
2025-11-14 22:31:07,509 [INFO] gaitguard.main: FPS=23.6 | tracks=3 | alerts=0
2025-11-14 22:31:09,284 [INFO] gaitguard.main: FPS=23.5 | tracks=2 | alerts=0
2025-11-14 22:31:11,102 [INFO] gaitguard.main: FPS=23.4 | tracks=2 | alerts=0
2025-11-14 22:31:12,915 [INFO] gaitguard.main: FPS=23.4 | tracks=2 | alerts=0
2025-11-14 22:31:14,696 [INFO] gaitguard.main: FPS=23.3 | tracks=2 | alerts=0
2025-11-14 22:31:16,496 [INFO] gaitguard.main: FPS=23.3 | tracks=3 | alerts=0
2025-11-14 22:31:18,316 [INFO] gaitguard.main: FPS=23.2 | tracks=2 | alerts=0
2025-11-14 22:31:20,119 [INFO] gaitguard.main: FPS=23.1 | tracks=2 | alerts=0
2025-11-14 22:31:21,989 [INFO] gaitguard.main: FPS=23.1 | tracks=2 | alerts=0
2025-11-14 22:31:23,783 [INFO] gaitguard.main: FPS=23.0 | tracks=3 | alerts=0
2025-11-14 22:31:25,611 [INFO] gaitguard.main: FPS=22.9 | tracks=2 | alerts=0
2025-11-14 22:31:27,399 [INFO] gaitguard.main: FPS=22.9 | tracks=3 | alerts=0
2025-11-14 22:31:29,208 [INFO] gaitguard.main: FPS=22.8 | tracks=2 | alerts=0
2025-11-14 22:31:31,002 [INFO] gaitguard.main: FPS=22.8 | tracks=2 | alerts=0
2025-11-14 22:31:32,830 [INFO] gaitguard.main: FPS=22.7 | tracks=2 | alerts=0
2025-11-14 22:31:34,614 [INFO] gaitguard.main: FPS=22.7 | tracks=3 | alerts=0
2025-11-14 22:31:36,441 [INFO] gaitguard.main: FPS=22.6 | tracks=2 | alerts=0
2025-11-14 22:31:38,231 [INFO] gaitguard.main: FPS=22.6 | tracks=2 | alerts=0
2025-11-14 22:31:40,045 [INFO] gaitguard.main: FPS=22.5 | tracks=2 | alerts=0
2025-11-14 22:31:41,831 [INFO] gaitguard.main: FPS=22.5 | tracks=2 | alerts=0
2025-11-14 22:31:43,655 [INFO] gaitguard.main: FPS=22.4 | tracks=2 | alerts=0
2025-11-14 22:31:45,427 [INFO] gaitguard.main: FPS=22.4 | tracks=2 | alerts=0
2025-11-14 22:31:47,259 [INFO] gaitguard.main: FPS=22.3 | tracks=1 | alerts=0
2025-11-14 22:31:49,043 [INFO] gaitguard.main: FPS=22.3 | tracks=2 | alerts=0
2025-11-14 22:31:50,876 [INFO] gaitguard.main: FPS=22.2 | tracks=3 | alerts=0
2025-11-14 22:31:52,665 [INFO] gaitguard.main: FPS=22.2 | tracks=2 | alerts=0
2025-11-14 22:31:54,474 [INFO] gaitguard.main: FPS=22.1 | tracks=2 | alerts=0
2025-11-14 22:31:56,273 [INFO] gaitguard.main: FPS=22.1 | tracks=2 | alerts=0
2025-11-14 22:31:58,079 [INFO] gaitguard.main: FPS=22.0 | tracks=2 | alerts=0
2025-11-14 22:31:59,879 [INFO] gaitguard.main: FPS=22.0 | tracks=2 | alerts=0
2025-11-14 22:32:01,678 [INFO] gaitguard.main: FPS=22.0 | tracks=3 | alerts=0
2025-11-14 22:32:03,472 [INFO] gaitguard.main: FPS=21.9 | tracks=3 | alerts=0
2025-11-14 22:32:05,279 [INFO] gaitguard.main: FPS=21.9 | tracks=2 | alerts=0
2025-11-14 22:32:07,086 [INFO] gaitguard.main: FPS=21.8 | tracks=1 | alerts=0
2025-11-14 22:32:08,895 [INFO] gaitguard.main: FPS=21.8 | tracks=1 | alerts=0
2025-11-14 22:32:10,699 [INFO] gaitguard.main: FPS=21.8 | tracks=1 | alerts=0
2025-11-14 22:32:12,507 [INFO] gaitguard.main: FPS=21.7 | tracks=1 | alerts=0
2025-11-14 22:32:14,321 [INFO] gaitguard.main: FPS=21.7 | tracks=1 | alerts=0
2025-11-14 22:32:16,111 [INFO] gaitguard.main: FPS=21.7 | tracks=1 | alerts=0
2025-11-14 22:32:17,761 [INFO] gaitguard.main: FPS=21.6 | tracks=1 | alerts=0
2025-11-14 22:32:18,892 [INFO] gaitguard.main: FPS=21.7 | tracks=1 | alerts=0
2025-11-14 22:32:20,109 [INFO] gaitguard.main: FPS=21.7 | tracks=1 | alerts=0
2025-11-14 22:32:21,171 [INFO] gaitguard.main: FPS=21.7 | tracks=1 | alerts=0
2025-11-14 22:32:22,864 [INFO] gaitguard.main: FPS=21.7 | tracks=1 | alerts=0
2025-11-14 22:32:24,682 [INFO] gaitguard.main: FPS=21.6 | tracks=1 | alerts=0
2025-11-14 22:32:26,600 [INFO] gaitguard.main: FPS=21.6 | tracks=1 | alerts=0
2025-11-14 22:32:28,421 [INFO] gaitguard.main: FPS=21.6 | tracks=1 | alerts=0
2025-11-14 22:32:30,232 [INFO] gaitguard.main: FPS=21.5 | tracks=1 | alerts=0
2025-11-14 22:32:32,022 [INFO] gaitguard.main: FPS=21.5 | tracks=1 | alerts=0
2025-11-14 22:32:33,827 [INFO] gaitguard.main: FPS=21.5 | tracks=1 | alerts=0
2025-11-14 22:32:35,622 [INFO] gaitguard.main: FPS=21.4 | tracks=1 | alerts=0
2025-11-14 22:32:37,530 [INFO] gaitguard.main: FPS=21.4 | tracks=1 | alerts=0
2025-11-14 22:32:39,311 [INFO] gaitguard.main: FPS=21.4 | tracks=1 | alerts=0
2025-11-14 22:32:41,096 [INFO] gaitguard.main: FPS=21.3 | tracks=1 | alerts=0
2025-11-14 22:32:42,915 [INFO] gaitguard.main: FPS=21.3 | tracks=1 | alerts=0
2025-11-14 22:32:44,715 [INFO] gaitguard.main: FPS=21.3 | tracks=1 | alerts=0
2025-11-14 22:32:46,526 [INFO] gaitguard.main: FPS=21.2 | tracks=1 | alerts=0
2025-11-14 22:32:48,311 [INFO] gaitguard.main: FPS=21.2 | tracks=1 | alerts=0
2025-11-14 22:32:50,126 [INFO] gaitguard.main: FPS=21.2 | tracks=1 | alerts=0
2025-11-14 22:32:51,939 [INFO] gaitguard.main: FPS=21.1 | tracks=1 | alerts=0
2025-11-14 22:32:53,728 [INFO] gaitguard.main: FPS=21.1 | tracks=1 | alerts=0
2025-11-14 22:32:55,548 [INFO] gaitguard.main: FPS=21.1 | tracks=1 | alerts=0
2025-11-14 22:32:57,335 [INFO] gaitguard.main: FPS=21.1 | tracks=1 | alerts=0
2025-11-14 22:32:59,142 [INFO] gaitguard.main: FPS=21.0 | tracks=1 | alerts=0
2025-11-14 22:33:00,954 [INFO] gaitguard.main: FPS=21.0 | tracks=1 | alerts=0
2025-11-14 22:33:02,788 [INFO] gaitguard.main: FPS=21.0 | tracks=1 | alerts=0
2025-11-14 22:33:04,586 [INFO] gaitguard.main: FPS=20.9 | tracks=1 | alerts=0
2025-11-14 22:33:06,371 [INFO] gaitguard.main: FPS=20.9 | tracks=1 | alerts=0
2025-11-14 22:33:08,183 [INFO] gaitguard.main: FPS=20.9 | tracks=1 | alerts=0
2025-11-14 22:33:09,991 [INFO] gaitguard.main: FPS=20.9 | tracks=1 | alerts=0
2025-11-14 22:33:11,853 [INFO] gaitguard.main: FPS=20.8 | tracks=1 | alerts=0
2025-11-14 22:33:13,657 [INFO] gaitguard.main: FPS=20.8 | tracks=1 | alerts=0
2025-11-14 22:33:15,445 [INFO] gaitguard.main: FPS=20.8 | tracks=1 | alerts=0
2025-11-14 22:33:17,264 [INFO] gaitguard.main: FPS=20.8 | tracks=1 | alerts=0
2025-11-14 22:33:19,044 [INFO] gaitguard.main: FPS=20.7 | tracks=1 | alerts=0
2025-11-14 22:33:20,870 [INFO] gaitguard.main: FPS=20.7 | tracks=1 | alerts=0
2025-11-14 22:33:22,663 [INFO] gaitguard.main: FPS=20.7 | tracks=1 | alerts=0
2025-11-14 22:33:24,480 [INFO] gaitguard.main: FPS=20.7 | tracks=1 | alerts=0
2025-11-14 22:33:26,280 [INFO] gaitguard.main: FPS=20.7 | tracks=1 | alerts=0
2025-11-14 22:33:28,090 [INFO] gaitguard.main: FPS=20.6 | tracks=1 | alerts=0
2025-11-14 22:33:29,871 [INFO] gaitguard.main: FPS=20.6 | tracks=1 | alerts=0
2025-11-14 22:33:31,700 [INFO] gaitguard.main: FPS=20.6 | tracks=1 | alerts=0
2025-11-14 22:33:33,497 [INFO] gaitguard.main: FPS=20.6 | tracks=1 | alerts=0
2025-11-14 22:33:35,310 [INFO] gaitguard.main: FPS=20.5 | tracks=1 | alerts=0
2025-11-14 22:33:37,097 [INFO] gaitguard.main: FPS=20.5 | tracks=1 | alerts=0
2025-11-14 22:33:38,903 [INFO] gaitguard.main: FPS=20.5 | tracks=1 | alerts=0
2025-11-14 22:33:40,725 [INFO] gaitguard.main: FPS=20.5 | tracks=1 | alerts=0
2025-11-14 22:33:42,521 [INFO] gaitguard.main: FPS=20.5 | tracks=1 | alerts=0
2025-11-14 22:33:44,184 [INFO] gaitguard.main: FPS=20.4 | tracks=1 | alerts=0
2025-11-14 22:33:45,683 [INFO] gaitguard.main: FPS=20.4 | tracks=1 | alerts=0
2025-11-14 22:33:47,318 [INFO] gaitguard.main: FPS=20.4 | tracks=1 | alerts=0
2025-11-14 22:33:49,127 [INFO] gaitguard.main: FPS=20.4 | tracks=1 | alerts=0
2025-11-14 22:33:50,948 [INFO] gaitguard.main: FPS=20.4 | tracks=1 | alerts=0
2025-11-14 22:33:52,741 [INFO] gaitguard.main: FPS=20.4 | tracks=1 | alerts=0
2025-11-14 22:33:54,543 [INFO] gaitguard.main: FPS=20.4 | tracks=1 | alerts=0
2025-11-14 22:33:56,348 [INFO] gaitguard.main: FPS=20.3 | tracks=1 | alerts=0
2025-11-14 22:33:58,149 [INFO] gaitguard.main: FPS=20.3 | tracks=1 | alerts=0
2025-11-14 22:33:59,962 [INFO] gaitguard.main: FPS=20.3 | tracks=1 | alerts=0
2025-11-14 22:34:01,760 [INFO] gaitguard.main: FPS=20.3 | tracks=1 | alerts=0
2025-11-14 22:34:03,564 [INFO] gaitguard.main: FPS=20.3 | tracks=1 | alerts=0
2025-11-14 22:34:05,356 [INFO] gaitguard.main: FPS=20.2 | tracks=1 | alerts=0
2025-11-14 22:34:07,179 [INFO] gaitguard.main: FPS=20.2 | tracks=1 | alerts=0
2025-11-14 22:34:08,988 [INFO] gaitguard.main: FPS=20.2 | tracks=1 | alerts=0
2025-11-14 22:34:10,790 [INFO] gaitguard.main: FPS=20.2 | tracks=1 | alerts=0
2025-11-14 22:34:12,593 [INFO] gaitguard.main: FPS=20.2 | tracks=1 | alerts=0
2025-11-14 22:34:14,402 [INFO] gaitguard.main: FPS=20.1 | tracks=1 | alerts=0
2025-11-14 22:34:16,185 [INFO] gaitguard.main: FPS=20.1 | tracks=1 | alerts=0
2025-11-14 22:34:18,010 [INFO] gaitguard.main: FPS=20.1 | tracks=1 | alerts=0
2025-11-14 22:34:19,806 [INFO] gaitguard.main: FPS=20.1 | tracks=1 | alerts=0
2025-11-14 22:34:21,608 [INFO] gaitguard.main: FPS=20.1 | tracks=1 | alerts=0
2025-11-14 22:34:23,284 [INFO] gaitguard.main: FPS=20.1 | tracks=1 | alerts=0
2025-11-14 22:34:24,795 [INFO] gaitguard.main: FPS=20.1 | tracks=1 | alerts=0
2025-11-14 22:34:26,321 [INFO] gaitguard.main: FPS=20.1 | tracks=1 | alerts=0
2025-11-14 22:34:27,841 [INFO] gaitguard.main: FPS=20.1 | tracks=1 | alerts=0
2025-11-14 22:34:29,364 [INFO] gaitguard.main: FPS=20.1 | tracks=1 | alerts=0
2025-11-14 22:34:30,868 [INFO] gaitguard.main: FPS=20.1 | tracks=1 | alerts=0
2025-11-14 22:34:32,420 [INFO] gaitguard.main: FPS=20.1 | tracks=1 | alerts=0
2025-11-14 22:34:33,949 [INFO] gaitguard.main: FPS=20.1 | tracks=1 | alerts=0
2025-11-14 22:34:35,574 [INFO] gaitguard.main: FPS=20.1 | tracks=1 | alerts=0
2025-11-14 22:34:37,374 [INFO] gaitguard.main: FPS=20.0 | tracks=1 | alerts=0
2025-11-14 22:34:38,878 [INFO] gaitguard.main: FPS=20.0 | tracks=1 | alerts=0
2025-11-14 22:34:40,393 [INFO] gaitguard.main: FPS=20.0 | tracks=1 | alerts=0
2025-11-14 22:34:41,904 [INFO] gaitguard.main: FPS=20.0 | tracks=1 | alerts=0
2025-11-14 22:34:43,435 [INFO] gaitguard.main: FPS=20.0 | tracks=1 | alerts=0
2025-11-14 22:34:44,938 [INFO] gaitguard.main: FPS=20.0 | tracks=1 | alerts=0
2025-11-14 22:34:46,505 [INFO] gaitguard.main: FPS=20.0 | tracks=1 | alerts=0
2025-11-14 22:34:48,028 [INFO] gaitguard.main: FPS=20.0 | tracks=1 | alerts=0
2025-11-14 22:34:49,610 [INFO] gaitguard.main: FPS=20.0 | tracks=1 | alerts=0
2025-11-14 22:34:51,167 [INFO] gaitguard.main: FPS=20.0 | tracks=1 | alerts=0
2025-11-14 22:34:52,753 [INFO] gaitguard.main: FPS=20.0 | tracks=1 | alerts=0
2025-11-14 22:34:54,449 [INFO] gaitguard.main: FPS=20.0 | tracks=1 | alerts=0
2025-11-14 22:34:56,258 [INFO] gaitguard.main: FPS=20.0 | tracks=1 | alerts=0
2025-11-14 22:34:58,056 [INFO] gaitguard.main: FPS=20.0 | tracks=1 | alerts=0
2025-11-14 22:34:59,866 [INFO] gaitguard.main: FPS=20.0 | tracks=1 | alerts=0
2025-11-14 22:35:01,659 [INFO] gaitguard.main: FPS=20.0 | tracks=1 | alerts=0
2025-11-14 22:35:03,465 [INFO] gaitguard.main: FPS=19.9 | tracks=1 | alerts=0
2025-11-14 22:35:05,278 [INFO] gaitguard.main: FPS=19.9 | tracks=1 | alerts=0
2025-11-14 22:35:07,087 [INFO] gaitguard.main: FPS=19.9 | tracks=1 | alerts=0
2025-11-14 22:35:08,890 [INFO] gaitguard.main: FPS=19.9 | tracks=1 | alerts=0
2025-11-14 22:35:10,688 [INFO] gaitguard.main: FPS=19.9 | tracks=1 | alerts=0
2025-11-14 22:35:12,496 [INFO] gaitguard.main: FPS=19.9 | tracks=1 | alerts=0
2025-11-14 22:35:14,320 [INFO] gaitguard.main: FPS=19.9 | tracks=1 | alerts=0
2025-11-14 22:35:16,107 [INFO] gaitguard.main: FPS=19.8 | tracks=1 | alerts=0
2025-11-14 22:35:17,913 [INFO] gaitguard.main: FPS=19.8 | tracks=1 | alerts=0
2025-11-14 22:35:19,718 [INFO] gaitguard.main: FPS=19.8 | tracks=1 | alerts=0
2025-11-14 22:35:21,308 [INFO] gaitguard.main: FPS=19.8 | tracks=1 | alerts=0
2025-11-14 22:35:22,794 [INFO] gaitguard.main: FPS=19.8 | tracks=1 | alerts=0
2025-11-14 22:35:24,315 [INFO] gaitguard.main: FPS=19.8 | tracks=1 | alerts=0
2025-11-14 22:35:25,907 [INFO] gaitguard.main: FPS=19.8 | tracks=1 | alerts=0
2025-11-14 22:35:27,433 [INFO] gaitguard.main: FPS=19.8 | tracks=1 | alerts=0
2025-11-14 22:35:29,020 [INFO] gaitguard.main: FPS=19.8 | tracks=1 | alerts=0
2025-11-14 22:35:30,622 [INFO] gaitguard.main: FPS=19.8 | tracks=1 | alerts=0
2025-11-14 22:35:32,170 [INFO] gaitguard.main: FPS=19.8 | tracks=1 | alerts=0
2025-11-14 22:35:33,771 [INFO] gaitguard.main: FPS=19.8 | tracks=1 | alerts=0
2025-11-14 22:35:35,576 [INFO] gaitguard.main: FPS=19.8 | tracks=1 | alerts=0
2025-11-14 22:35:37,372 [INFO] gaitguard.main: FPS=19.8 | tracks=1 | alerts=0
2025-11-14 22:35:39,118 [INFO] gaitguard.main: FPS=19.8 | tracks=1 | alerts=0
2025-11-14 22:35:40,779 [INFO] gaitguard.main: FPS=19.8 | tracks=1 | alerts=0
2025-11-14 22:35:42,580 [INFO] gaitguard.main: FPS=19.7 | tracks=1 | alerts=0
2025-11-14 22:35:44,434 [INFO] gaitguard.main: FPS=19.7 | tracks=1 | alerts=0
2025-11-14 22:35:46,202 [INFO] gaitguard.main: FPS=19.7 | tracks=1 | alerts=0
2025-11-14 22:35:48,022 [INFO] gaitguard.main: FPS=19.7 | tracks=1 | alerts=0
2025-11-14 22:35:49,805 [INFO] gaitguard.main: FPS=19.7 | tracks=1 | alerts=0
2025-11-14 22:35:51,635 [INFO] gaitguard.main: FPS=19.7 | tracks=1 | alerts=0
2025-11-14 22:35:53,437 [INFO] gaitguard.main: FPS=19.7 | tracks=1 | alerts=0
2025-11-14 22:35:55,299 [INFO] gaitguard.main: FPS=19.7 | tracks=1 | alerts=0
2025-11-14 22:35:57,094 [INFO] gaitguard.main: FPS=19.6 | tracks=1 | alerts=0
2025-11-14 22:35:58,895 [INFO] gaitguard.main: FPS=19.6 | tracks=1 | alerts=0
2025-11-14 22:36:00,684 [INFO] gaitguard.main: FPS=19.6 | tracks=1 | alerts=0
2025-11-14 22:36:02,319 [INFO] gaitguard.main: FPS=19.6 | tracks=1 | alerts=0
2025-11-14 22:36:03,859 [INFO] gaitguard.main: FPS=19.6 | tracks=1 | alerts=0
2025-11-14 22:36:05,338 [INFO] gaitguard.main: FPS=19.6 | tracks=2 | alerts=0
2025-11-14 22:36:06,818 [INFO] gaitguard.main: FPS=19.6 | tracks=1 | alerts=0
2025-11-14 22:36:08,249 [INFO] gaitguard.main: FPS=19.6 | tracks=2 | alerts=0
2025-11-14 22:36:09,777 [INFO] gaitguard.main: FPS=19.6 | tracks=2 | alerts=0
2025-11-14 22:36:11,286 [INFO] gaitguard.main: FPS=19.6 | tracks=1 | alerts=0
2025-11-14 22:36:12,980 [INFO] gaitguard.main: FPS=19.6 | tracks=1 | alerts=0
2025-11-14 22:36:14,777 [INFO] gaitguard.main: FPS=19.6 | tracks=1 | alerts=0
2025-11-14 22:36:16,599 [INFO] gaitguard.main: FPS=19.6 | tracks=1 | alerts=0
2025-11-14 22:36:18,454 [INFO] gaitguard.main: FPS=19.6 | tracks=1 | alerts=0
2025-11-14 22:36:20,252 [INFO] gaitguard.main: FPS=19.6 | tracks=1 | alerts=0
2025-11-14 22:36:22,057 [INFO] gaitguard.main: FPS=19.6 | tracks=1 | alerts=0
2025-11-14 22:36:23,878 [INFO] gaitguard.main: FPS=19.5 | tracks=1 | alerts=0
2025-11-14 22:36:25,659 [INFO] gaitguard.main: FPS=19.5 | tracks=1 | alerts=0
2025-11-14 22:36:27,480 [INFO] gaitguard.main: FPS=19.5 | tracks=1 | alerts=0
2025-11-14 22:36:29,277 [INFO] gaitguard.main: FPS=19.5 | tracks=1 | alerts=0
2025-11-14 22:36:31,084 [INFO] gaitguard.main: FPS=19.5 | tracks=1 | alerts=0
2025-11-14 22:36:32,878 [INFO] gaitguard.main: FPS=19.5 | tracks=1 | alerts=0
2025-11-14 22:36:34,685 [INFO] gaitguard.main: FPS=19.5 | tracks=1 | alerts=0
2025-11-14 22:36:36,512 [INFO] gaitguard.main: FPS=19.5 | tracks=1 | alerts=0
2025-11-14 22:36:38,308 [INFO] gaitguard.main: FPS=19.5 | tracks=1 | alerts=0
2025-11-14 22:36:40,106 [INFO] gaitguard.main: FPS=19.5 | tracks=1 | alerts=0
2025-11-14 22:36:41,900 [INFO] gaitguard.main: FPS=19.4 | tracks=1 | alerts=0
2025-11-14 22:36:43,711 [INFO] gaitguard.main: FPS=19.4 | tracks=1 | alerts=0
2025-11-14 22:36:45,531 [INFO] gaitguard.main: FPS=19.4 | tracks=1 | alerts=0
2025-11-14 22:36:47,326 [INFO] gaitguard.main: FPS=19.4 | tracks=1 | alerts=0
2025-11-14 22:36:49,116 [INFO] gaitguard.main: FPS=19.4 | tracks=1 | alerts=0
2025-11-14 22:36:50,935 [INFO] gaitguard.main: FPS=19.4 | tracks=1 | alerts=0
2025-11-14 22:36:52,735 [INFO] gaitguard.main: FPS=19.4 | tracks=1 | alerts=0
2025-11-14 22:36:54,541 [INFO] gaitguard.main: FPS=19.4 | tracks=1 | alerts=0
2025-11-14 22:36:56,362 [INFO] gaitguard.main: FPS=19.4 | tracks=1 | alerts=0
2025-11-14 22:36:58,191 [INFO] gaitguard.main: FPS=19.4 | tracks=1 | alerts=0
2025-11-14 22:37:00,028 [INFO] gaitguard.main: FPS=19.3 | tracks=1 | alerts=0
2025-11-14 22:37:01,848 [INFO] gaitguard.main: FPS=19.3 | tracks=1 | alerts=0
2025-11-14 22:37:03,616 [INFO] gaitguard.main: FPS=19.3 | tracks=1 | alerts=0
2025-11-14 22:37:05,422 [INFO] gaitguard.main: FPS=19.3 | tracks=1 | alerts=0
2025-11-14 22:37:07,230 [INFO] gaitguard.main: FPS=19.3 | tracks=1 | alerts=0
2025-11-14 22:37:09,039 [INFO] gaitguard.main: FPS=19.3 | tracks=1 | alerts=0
2025-11-14 22:37:10,849 [INFO] gaitguard.main: FPS=19.3 | tracks=1 | alerts=0
2025-11-14 22:37:12,660 [INFO] gaitguard.main: FPS=19.3 | tracks=1 | alerts=0
2025-11-14 22:37:14,446 [INFO] gaitguard.main: FPS=19.3 | tracks=1 | alerts=0
2025-11-14 22:37:16,263 [INFO] gaitguard.main: FPS=19.3 | tracks=1 | alerts=0
2025-11-14 22:37:18,062 [INFO] gaitguard.main: FPS=19.3 | tracks=1 | alerts=0
2025-11-14 22:37:19,858 [INFO] gaitguard.main: FPS=19.2 | tracks=1 | alerts=0
2025-11-14 22:37:21,672 [INFO] gaitguard.main: FPS=19.2 | tracks=1 | alerts=0
2025-11-14 22:37:23,470 [INFO] gaitguard.main: FPS=19.2 | tracks=1 | alerts=0
2025-11-14 22:37:25,279 [INFO] gaitguard.main: FPS=19.2 | tracks=1 | alerts=0
2025-11-14 22:37:27,113 [INFO] gaitguard.main: FPS=19.2 | tracks=1 | alerts=0
2025-11-14 22:37:28,899 [INFO] gaitguard.main: FPS=19.2 | tracks=1 | alerts=0
2025-11-14 22:37:30,713 [INFO] gaitguard.main: FPS=19.2 | tracks=1 | alerts=0
2025-11-14 22:37:32,556 [INFO] gaitguard.main: FPS=19.2 | tracks=1 | alerts=0
2025-11-14 22:37:34,358 [INFO] gaitguard.main: FPS=19.2 | tracks=1 | alerts=0
2025-11-14 22:37:36,161 [INFO] gaitguard.main: FPS=19.2 | tracks=1 | alerts=0
2025-11-14 22:37:37,828 [INFO] gaitguard.main: FPS=19.2 | tracks=1 | alerts=0
2025-11-14 22:37:39,394 [INFO] gaitguard.main: FPS=19.2 | tracks=1 | alerts=0
2025-11-14 22:37:40,974 [INFO] gaitguard.main: FPS=19.2 | tracks=1 | alerts=0
2025-11-14 22:37:42,442 [INFO] gaitguard.main: FPS=19.2 | tracks=1 | alerts=0
2025-11-14 22:37:43,855 [INFO] gaitguard.main: FPS=19.2 | tracks=1 | alerts=0
2025-11-14 22:37:45,408 [INFO] gaitguard.main: FPS=19.2 | tracks=1 | alerts=0
2025-11-14 22:37:46,948 [INFO] gaitguard.main: FPS=19.2 | tracks=1 | alerts=0
2025-11-14 22:37:48,480 [INFO] gaitguard.main: FPS=19.2 | tracks=1 | alerts=0
2025-11-14 22:37:50,052 [INFO] gaitguard.main: FPS=19.2 | tracks=1 | alerts=0
2025-11-14 22:37:51,515 [INFO] gaitguard.main: FPS=19.2 | tracks=1 | alerts=0
2025-11-14 22:37:52,944 [INFO] gaitguard.main: FPS=19.2 | tracks=1 | alerts=0
2025-11-14 22:37:54,449 [INFO] gaitguard.main: FPS=19.2 | tracks=1 | alerts=0
2025-11-14 22:37:55,936 [INFO] gaitguard.main: FPS=19.2 | tracks=1 | alerts=0
2025-11-14 22:37:57,457 [INFO] gaitguard.main: FPS=19.2 | tracks=1 | alerts=0
2025-11-14 22:37:59,025 [INFO] gaitguard.main: FPS=19.2 | tracks=1 | alerts=0
2025-11-14 22:38:00,571 [INFO] gaitguard.main: FPS=19.2 | tracks=1 | alerts=0
2025-11-14 22:38:02,081 [INFO] gaitguard.main: FPS=19.2 | tracks=1 | alerts=0
2025-11-14 22:38:03,512 [INFO] gaitguard.main: FPS=19.2 | tracks=1 | alerts=0
2025-11-14 22:38:05,033 [INFO] gaitguard.main: FPS=19.2 | tracks=1 | alerts=0
2025-11-14 22:38:06,611 [INFO] gaitguard.main: FPS=19.2 | tracks=1 | alerts=0
2025-11-14 22:38:08,109 [INFO] gaitguard.main: FPS=19.2 | tracks=1 | alerts=0
2025-11-14 22:38:09,606 [INFO] gaitguard.main: FPS=19.2 | tracks=1 | alerts=0
2025-11-14 22:38:11,090 [INFO] gaitguard.main: FPS=19.2 | tracks=1 | alerts=0
2025-11-14 22:38:12,619 [INFO] gaitguard.main: FPS=19.2 | tracks=1 | alerts=0
2025-11-14 22:38:14,026 [INFO] gaitguard.main: FPS=19.2 | tracks=1 | alerts=0
2025-11-14 22:38:15,509 [INFO] gaitguard.main: FPS=19.2 | tracks=1 | alerts=0
2025-11-14 22:38:17,028 [INFO] gaitguard.main: FPS=19.2 | tracks=1 | alerts=0
2025-11-14 22:38:18,489 [INFO] gaitguard.main: FPS=19.2 | tracks=1 | alerts=0
2025-11-14 22:38:19,919 [INFO] gaitguard.main: FPS=19.2 | tracks=1 | alerts=0
2025-11-14 22:38:21,426 [INFO] gaitguard.main: FPS=19.2 | tracks=1 | alerts=0
2025-11-14 22:38:22,854 [INFO] gaitguard.main: FPS=19.2 | tracks=1 | alerts=0
2025-11-14 22:38:24,304 [INFO] gaitguard.main: FPS=19.2 | tracks=1 | alerts=0
2025-11-14 22:38:25,706 [INFO] gaitguard.main: FPS=19.2 | tracks=1 | alerts=0
2025-11-14 22:38:27,238 [INFO] gaitguard.main: FPS=19.2 | tracks=1 | alerts=0
2025-11-14 22:38:28,720 [INFO] gaitguard.main: FPS=19.2 | tracks=1 | alerts=0
2025-11-14 22:38:30,334 [INFO] gaitguard.main: FPS=19.2 | tracks=1 | alerts=0
2025-11-14 22:38:31,874 [INFO] gaitguard.main: FPS=19.2 | tracks=1 | alerts=0
2025-11-14 22:38:33,284 [INFO] gaitguard.main: FPS=19.2 | tracks=1 | alerts=0
2025-11-14 22:38:34,724 [INFO] gaitguard.main: FPS=19.2 | tracks=1 | alerts=0
2025-11-14 22:38:36,221 [INFO] gaitguard.main: FPS=19.2 | tracks=1 | alerts=0
2025-11-14 22:38:37,750 [INFO] gaitguard.main: FPS=19.2 | tracks=1 | alerts=0
2025-11-14 22:38:39,219 [INFO] gaitguard.main: FPS=19.3 | tracks=1 | alerts=0
2025-11-14 22:38:40,746 [INFO] gaitguard.main: FPS=19.3 | tracks=1 | alerts=0
2025-11-14 22:38:42,266 [INFO] gaitguard.main: FPS=19.3 | tracks=1 | alerts=0
2025-11-14 22:38:43,799 [INFO] gaitguard.main: FPS=19.3 | tracks=1 | alerts=0
2025-11-14 22:38:45,232 [INFO] gaitguard.main: FPS=19.3 | tracks=1 | alerts=0
2025-11-14 22:38:46,751 [INFO] gaitguard.main: FPS=19.3 | tracks=1 | alerts=0
2025-11-14 22:38:48,339 [INFO] gaitguard.main: FPS=19.3 | tracks=1 | alerts=0
2025-11-14 22:38:49,828 [INFO] gaitguard.main: FPS=19.3 | tracks=1 | alerts=0
2025-11-14 22:38:51,286 [INFO] gaitguard.main: FPS=19.3 | tracks=1 | alerts=0
2025-11-14 22:38:52,864 [INFO] gaitguard.main: FPS=19.3 | tracks=1 | alerts=0
2025-11-14 22:38:54,382 [INFO] gaitguard.main: FPS=19.3 | tracks=1 | alerts=0
2025-11-14 22:38:55,763 [INFO] gaitguard.main: FPS=19.3 | tracks=1 | alerts=0
2025-11-14 22:38:57,314 [INFO] gaitguard.main: FPS=19.3 | tracks=1 | alerts=0
2025-11-14 22:38:58,805 [INFO] gaitguard.main: FPS=19.3 | tracks=1 | alerts=0
2025-11-14 22:39:00,386 [INFO] gaitguard.main: FPS=19.3 | tracks=1 | alerts=0
2025-11-14 22:39:01,936 [INFO] gaitguard.main: FPS=19.3 | tracks=1 | alerts=0
2025-11-14 22:39:03,394 [INFO] gaitguard.main: FPS=19.3 | tracks=1 | alerts=0
2025-11-14 22:39:04,800 [INFO] gaitguard.main: FPS=19.3 | tracks=1 | alerts=0
2025-11-14 22:39:06,232 [INFO] gaitguard.main: FPS=19.3 | tracks=1 | alerts=0
2025-11-14 22:39:07,824 [INFO] gaitguard.main: FPS=19.3 | tracks=1 | alerts=0
2025-11-14 22:39:09,358 [INFO] gaitguard.main: FPS=19.3 | tracks=1 | alerts=0
2025-11-14 22:39:10,887 [INFO] gaitguard.main: FPS=19.3 | tracks=1 | alerts=0
2025-11-14 22:39:12,333 [INFO] gaitguard.main: FPS=19.3 | tracks=1 | alerts=0
2025-11-14 22:39:13,900 [INFO] gaitguard.main: FPS=19.3 | tracks=1 | alerts=0
2025-11-14 22:39:15,402 [INFO] gaitguard.main: FPS=19.3 | tracks=1 | alerts=0
2025-11-14 22:39:16,988 [INFO] gaitguard.main: FPS=19.3 | tracks=1 | alerts=0
2025-11-14 22:39:18,502 [INFO] gaitguard.main: FPS=19.3 | tracks=1 | alerts=0
2025-11-14 22:39:20,152 [INFO] gaitguard.main: FPS=19.3 | tracks=1 | alerts=0
2025-11-14 22:39:21,982 [INFO] gaitguard.main: FPS=19.3 | tracks=1 | alerts=0
2025-11-14 22:39:23,767 [INFO] gaitguard.main: FPS=19.3 | tracks=1 | alerts=0
2025-11-14 22:39:25,574 [INFO] gaitguard.main: FPS=19.3 | tracks=1 | alerts=0
2025-11-14 22:39:27,388 [INFO] gaitguard.main: FPS=19.3 | tracks=1 | alerts=0
2025-11-14 22:39:29,167 [INFO] gaitguard.main: FPS=19.2 | tracks=1 | alerts=0
2025-11-14 22:39:30,966 [INFO] gaitguard.main: FPS=19.2 | tracks=1 | alerts=0
2025-11-14 22:39:32,785 [INFO] gaitguard.main: FPS=19.2 | tracks=1 | alerts=0
2025-11-14 22:39:34,658 [INFO] gaitguard.main: FPS=19.2 | tracks=1 | alerts=0
2025-11-14 22:39:36,454 [INFO] gaitguard.main: FPS=19.2 | tracks=1 | alerts=0
2025-11-14 22:39:38,274 [INFO] gaitguard.main: FPS=19.2 | tracks=1 | alerts=0
2025-11-14 22:39:40,048 [INFO] gaitguard.main: FPS=19.2 | tracks=1 | alerts=0
2025-11-14 22:39:41,866 [INFO] gaitguard.main: FPS=19.2 | tracks=1 | alerts=0
2025-11-14 22:39:43,701 [INFO] gaitguard.main: FPS=19.2 | tracks=1 | alerts=0
2025-11-14 22:39:45,535 [INFO] gaitguard.main: FPS=19.2 | tracks=1 | alerts=0
2025-11-14 22:39:47,346 [INFO] gaitguard.main: FPS=19.2 | tracks=1 | alerts=0
2025-11-14 22:39:49,150 [INFO] gaitguard.main: FPS=19.2 | tracks=1 | alerts=0
2025-11-14 22:39:50,944 [INFO] gaitguard.main: FPS=19.2 | tracks=1 | alerts=0
2025-11-14 22:39:52,754 [INFO] gaitguard.main: FPS=19.2 | tracks=1 | alerts=0
2025-11-14 22:39:54,552 [INFO] gaitguard.main: FPS=19.2 | tracks=1 | alerts=0
2025-11-14 22:39:56,337 [INFO] gaitguard.main: FPS=19.1 | tracks=1 | alerts=0
2025-11-14 22:39:58,163 [INFO] gaitguard.main: FPS=19.1 | tracks=1 | alerts=0
2025-11-14 22:39:59,968 [INFO] gaitguard.main: FPS=19.1 | tracks=1 | alerts=0
2025-11-14 22:40:01,787 [INFO] gaitguard.main: FPS=19.1 | tracks=1 | alerts=0
2025-11-14 22:40:03,584 [INFO] gaitguard.main: FPS=19.1 | tracks=1 | alerts=0
2025-11-14 22:40:05,387 [INFO] gaitguard.main: FPS=19.1 | tracks=1 | alerts=0
2025-11-14 22:40:07,185 [INFO] gaitguard.main: FPS=19.1 | tracks=1 | alerts=0
2025-11-14 22:40:09,022 [INFO] gaitguard.main: FPS=19.1 | tracks=1 | alerts=0
2025-11-14 22:40:10,777 [INFO] gaitguard.main: FPS=19.1 | tracks=1 | alerts=0
2025-11-14 22:40:12,594 [INFO] gaitguard.main: FPS=19.1 | tracks=1 | alerts=0
2025-11-14 22:40:14,386 [INFO] gaitguard.main: FPS=19.1 | tracks=1 | alerts=0
2025-11-14 22:40:16,214 [INFO] gaitguard.main: FPS=19.1 | tracks=1 | alerts=0
2025-11-14 22:40:18,026 [INFO] gaitguard.main: FPS=19.1 | tracks=1 | alerts=0
2025-11-14 22:40:19,811 [INFO] gaitguard.main: FPS=19.1 | tracks=1 | alerts=0
2025-11-14 22:40:21,619 [INFO] gaitguard.main: FPS=19.1 | tracks=1 | alerts=0
2025-11-14 22:40:23,436 [INFO] gaitguard.main: FPS=19.1 | tracks=2 | alerts=0
2025-11-14 22:40:25,255 [INFO] gaitguard.main: FPS=19.0 | tracks=1 | alerts=0
2025-11-14 22:40:27,024 [INFO] gaitguard.main: FPS=19.0 | tracks=1 | alerts=0
2025-11-14 22:40:28,843 [INFO] gaitguard.main: FPS=19.0 | tracks=1 | alerts=0
2025-11-14 22:40:30,660 [INFO] gaitguard.main: FPS=19.0 | tracks=1 | alerts=0
2025-11-14 22:40:32,454 [INFO] gaitguard.main: FPS=19.0 | tracks=1 | alerts=0
2025-11-14 22:40:34,271 [INFO] gaitguard.main: FPS=19.0 | tracks=2 | alerts=0
2025-11-14 22:40:36,053 [INFO] gaitguard.main: FPS=19.0 | tracks=1 | alerts=0
2025-11-14 22:40:37,860 [INFO] gaitguard.main: FPS=19.0 | tracks=1 | alerts=0
2025-11-14 22:40:39,661 [INFO] gaitguard.main: FPS=19.0 | tracks=1 | alerts=0
2025-11-14 22:40:41,474 [INFO] gaitguard.main: FPS=19.0 | tracks=1 | alerts=0
2025-11-14 22:40:43,299 [INFO] gaitguard.main: FPS=19.0 | tracks=1 | alerts=0
2025-11-14 22:40:45,089 [INFO] gaitguard.main: FPS=19.0 | tracks=1 | alerts=0
2025-11-14 22:40:46,893 [INFO] gaitguard.main: FPS=19.0 | tracks=1 | alerts=0
2025-11-14 22:40:48,684 [INFO] gaitguard.main: FPS=19.0 | tracks=1 | alerts=0
2025-11-14 22:40:50,507 [INFO] gaitguard.main: FPS=19.0 | tracks=1 | alerts=0
2025-11-14 22:40:52,302 [INFO] gaitguard.main: FPS=19.0 | tracks=1 | alerts=0
2025-11-14 22:40:54,089 [INFO] gaitguard.main: FPS=19.0 | tracks=1 | alerts=0
2025-11-14 22:40:55,918 [INFO] gaitguard.main: FPS=19.0 | tracks=1 | alerts=0
2025-11-14 22:40:57,715 [INFO] gaitguard.main: FPS=18.9 | tracks=1 | alerts=0
2025-11-14 22:40:59,543 [INFO] gaitguard.main: FPS=18.9 | tracks=1 | alerts=0
2025-11-14 22:41:01,365 [INFO] gaitguard.main: FPS=18.9 | tracks=1 | alerts=0
2025-11-14 22:41:03,120 [INFO] gaitguard.main: FPS=18.9 | tracks=1 | alerts=0
2025-11-14 22:41:04,935 [INFO] gaitguard.main: FPS=18.9 | tracks=1 | alerts=0
2025-11-14 22:41:06,750 [INFO] gaitguard.main: FPS=18.9 | tracks=1 | alerts=0
2025-11-14 22:41:08,532 [INFO] gaitguard.main: FPS=18.9 | tracks=1 | alerts=0
2025-11-14 22:41:10,355 [INFO] gaitguard.main: FPS=18.9 | tracks=1 | alerts=0
2025-11-14 22:41:12,158 [INFO] gaitguard.main: FPS=18.9 | tracks=1 | alerts=0
2025-11-14 22:41:13,956 [INFO] gaitguard.main: FPS=18.9 | tracks=1 | alerts=0
2025-11-14 22:41:15,762 [INFO] gaitguard.main: FPS=18.9 | tracks=1 | alerts=0
2025-11-14 22:41:17,558 [INFO] gaitguard.main: FPS=18.9 | tracks=1 | alerts=0
2025-11-14 22:41:19,365 [INFO] gaitguard.main: FPS=18.9 | tracks=1 | alerts=0
2025-11-14 22:41:21,173 [INFO] gaitguard.main: FPS=18.9 | tracks=1 | alerts=0
2025-11-14 22:41:22,977 [INFO] gaitguard.main: FPS=18.9 | tracks=1 | alerts=0
2025-11-14 22:41:24,785 [INFO] gaitguard.main: FPS=18.9 | tracks=1 | alerts=0
2025-11-14 22:41:26,584 [INFO] gaitguard.main: FPS=18.9 | tracks=1 | alerts=0
2025-11-14 22:41:28,410 [INFO] gaitguard.main: FPS=18.9 | tracks=1 | alerts=0
2025-11-14 22:41:30,196 [INFO] gaitguard.main: FPS=18.9 | tracks=1 | alerts=0
2025-11-14 22:41:32,007 [INFO] gaitguard.main: FPS=18.8 | tracks=1 | alerts=0
2025-11-14 22:41:33,805 [INFO] gaitguard.main: FPS=18.8 | tracks=1 | alerts=0
2025-11-14 22:41:35,601 [INFO] gaitguard.main: FPS=18.8 | tracks=1 | alerts=0
2025-11-14 22:41:37,403 [INFO] gaitguard.main: FPS=18.8 | tracks=1 | alerts=0
2025-11-14 22:41:39,246 [INFO] gaitguard.main: FPS=18.8 | tracks=1 | alerts=0
2025-11-14 22:41:41,014 [INFO] gaitguard.main: FPS=18.8 | tracks=1 | alerts=0
2025-11-14 22:41:42,849 [INFO] gaitguard.main: FPS=18.8 | tracks=1 | alerts=0
2025-11-14 22:41:44,631 [INFO] gaitguard.main: FPS=18.8 | tracks=1 | alerts=0
2025-11-14 22:41:46,197 [INFO] gaitguard.main: FPS=18.8 | tracks=1 | alerts=0
2025-11-14 22:41:47,764 [INFO] gaitguard.main: FPS=18.8 | tracks=1 | alerts=0
2025-11-14 22:41:49,343 [INFO] gaitguard.main: FPS=18.8 | tracks=1 | alerts=0
2025-11-14 22:41:51,149 [INFO] gaitguard.main: FPS=18.8 | tracks=1 | alerts=0
2025-11-14 22:41:52,955 [INFO] gaitguard.main: FPS=18.8 | tracks=1 | alerts=0
2025-11-14 22:41:54,765 [INFO] gaitguard.main: FPS=18.8 | tracks=1 | alerts=0
2025-11-14 22:41:56,577 [INFO] gaitguard.main: FPS=18.8 | tracks=1 | alerts=0
2025-11-14 22:41:58,356 [INFO] gaitguard.main: FPS=18.8 | tracks=1 | alerts=0
2025-11-14 22:42:00,179 [INFO] gaitguard.main: FPS=18.8 | tracks=1 | alerts=0
2025-11-14 22:42:02,013 [INFO] gaitguard.main: FPS=18.8 | tracks=1 | alerts=0
2025-11-14 22:42:03,777 [INFO] gaitguard.main: FPS=18.8 | tracks=1 | alerts=0
2025-11-14 22:42:05,574 [INFO] gaitguard.main: FPS=18.8 | tracks=1 | alerts=0
2025-11-14 22:42:07,380 [INFO] gaitguard.main: FPS=18.8 | tracks=1 | alerts=0
2025-11-14 22:42:09,199 [INFO] gaitguard.main: FPS=18.8 | tracks=1 | alerts=0
2025-11-14 22:42:11,016 [INFO] gaitguard.main: FPS=18.8 | tracks=1 | alerts=0
2025-11-14 22:42:12,812 [INFO] gaitguard.main: FPS=18.8 | tracks=1 | alerts=0
2025-11-14 22:42:14,607 [INFO] gaitguard.main: FPS=18.7 | tracks=1 | alerts=0
2025-11-14 22:42:16,410 [INFO] gaitguard.main: FPS=18.7 | tracks=1 | alerts=0
2025-11-14 22:42:18,217 [INFO] gaitguard.main: FPS=18.7 | tracks=1 | alerts=0
2025-11-14 22:42:20,039 [INFO] gaitguard.main: FPS=18.7 | tracks=1 | alerts=0
2025-11-14 22:42:21,846 [INFO] gaitguard.main: FPS=18.7 | tracks=1 | alerts=0
2025-11-14 22:42:23,637 [INFO] gaitguard.main: FPS=18.7 | tracks=1 | alerts=0
2025-11-14 22:42:25,511 [INFO] gaitguard.main: FPS=18.7 | tracks=1 | alerts=0
2025-11-14 22:42:27,306 [INFO] gaitguard.main: FPS=18.7 | tracks=1 | alerts=0
2025-11-14 22:42:29,103 [INFO] gaitguard.main: FPS=18.7 | tracks=1 | alerts=0
2025-11-14 22:42:30,905 [INFO] gaitguard.main: FPS=18.7 | tracks=1 | alerts=0
2025-11-14 22:42:32,718 [INFO] gaitguard.main: FPS=18.7 | tracks=1 | alerts=0
2025-11-14 22:42:34,534 [INFO] gaitguard.main: FPS=18.7 | tracks=1 | alerts=0
2025-11-14 22:42:36,332 [INFO] gaitguard.main: FPS=18.7 | tracks=1 | alerts=0
2025-11-14 22:42:38,134 [INFO] gaitguard.main: FPS=18.7 | tracks=1 | alerts=0
2025-11-14 22:42:39,933 [INFO] gaitguard.main: FPS=18.7 | tracks=1 | alerts=0
2025-11-14 22:42:41,734 [INFO] gaitguard.main: FPS=18.7 | tracks=1 | alerts=0
2025-11-14 22:42:43,564 [INFO] gaitguard.main: FPS=18.7 | tracks=1 | alerts=0
2025-11-14 22:42:45,337 [INFO] gaitguard.main: FPS=18.7 | tracks=1 | alerts=0
2025-11-14 22:42:47,151 [INFO] gaitguard.main: FPS=18.7 | tracks=1 | alerts=0
2025-11-14 22:42:48,966 [INFO] gaitguard.main: FPS=18.7 | tracks=1 | alerts=0
2025-11-14 22:42:50,758 [INFO] gaitguard.main: FPS=18.7 | tracks=1 | alerts=0
2025-11-14 22:42:52,583 [INFO] gaitguard.main: FPS=18.7 | tracks=1 | alerts=0
2025-11-14 22:42:54,363 [INFO] gaitguard.main: FPS=18.7 | tracks=1 | alerts=0
2025-11-14 22:42:56,184 [INFO] gaitguard.main: FPS=18.6 | tracks=1 | alerts=0
2025-11-14 22:42:57,984 [INFO] gaitguard.main: FPS=18.6 | tracks=1 | alerts=0
2025-11-14 22:42:59,787 [INFO] gaitguard.main: FPS=18.6 | tracks=1 | alerts=0
2025-11-14 22:43:01,592 [INFO] gaitguard.main: FPS=18.6 | tracks=1 | alerts=0
2025-11-14 22:43:03,388 [INFO] gaitguard.main: FPS=18.6 | tracks=1 | alerts=0
2025-11-14 22:43:05,185 [INFO] gaitguard.main: FPS=18.6 | tracks=1 | alerts=0
2025-11-14 22:43:06,996 [INFO] gaitguard.main: FPS=18.6 | tracks=1 | alerts=0
2025-11-14 22:43:08,807 [INFO] gaitguard.main: FPS=18.6 | tracks=1 | alerts=0
2025-11-14 22:43:10,616 [INFO] gaitguard.main: FPS=18.6 | tracks=1 | alerts=0
2025-11-14 22:43:12,403 [INFO] gaitguard.main: FPS=18.6 | tracks=1 | alerts=0
2025-11-14 22:43:14,230 [INFO] gaitguard.main: FPS=18.6 | tracks=1 | alerts=0
2025-11-14 22:43:16,071 [INFO] gaitguard.main: FPS=18.6 | tracks=1 | alerts=0
2025-11-14 22:43:17,833 [INFO] gaitguard.main: FPS=18.6 | tracks=1 | alerts=0
2025-11-14 22:43:19,626 [INFO] gaitguard.main: FPS=18.6 | tracks=1 | alerts=0
2025-11-14 22:43:21,447 [INFO] gaitguard.main: FPS=18.6 | tracks=1 | alerts=0
2025-11-14 22:43:23,240 [INFO] gaitguard.main: FPS=18.6 | tracks=1 | alerts=0
2025-11-14 22:43:25,046 [INFO] gaitguard.main: FPS=18.6 | tracks=1 | alerts=0
2025-11-14 22:43:26,676 [INFO] gaitguard.main: FPS=18.6 | tracks=1 | alerts=0
2025-11-14 22:43:28,490 [INFO] gaitguard.main: FPS=18.6 | tracks=1 | alerts=0
2025-11-14 22:43:30,296 [INFO] gaitguard.main: FPS=18.6 | tracks=1 | alerts=0
2025-11-14 22:43:32,121 [INFO] gaitguard.main: FPS=18.6 | tracks=1 | alerts=0
2025-11-14 22:43:33,894 [INFO] gaitguard.main: FPS=18.6 | tracks=1 | alerts=0
2025-11-14 22:43:35,700 [INFO] gaitguard.main: FPS=18.6 | tracks=1 | alerts=0
2025-11-14 22:43:37,528 [INFO] gaitguard.main: FPS=18.6 | tracks=1 | alerts=0
2025-11-14 22:43:39,315 [INFO] gaitguard.main: FPS=18.6 | tracks=1 | alerts=0
2025-11-14 22:43:41,119 [INFO] gaitguard.main: FPS=18.6 | tracks=1 | alerts=0
2025-11-14 22:43:42,926 [INFO] gaitguard.main: FPS=18.5 | tracks=1 | alerts=0
2025-11-14 22:43:44,733 [INFO] gaitguard.main: FPS=18.5 | tracks=1 | alerts=0
2025-11-14 22:43:46,559 [INFO] gaitguard.main: FPS=18.5 | tracks=1 | alerts=0
2025-11-14 22:43:48,334 [INFO] gaitguard.main: FPS=18.5 | tracks=1 | alerts=0
2025-11-14 22:43:50,135 [INFO] gaitguard.main: FPS=18.5 | tracks=1 | alerts=0
2025-11-14 22:43:51,965 [INFO] gaitguard.main: FPS=18.5 | tracks=1 | alerts=0
2025-11-14 22:43:53,775 [INFO] gaitguard.main: FPS=18.5 | tracks=1 | alerts=0
2025-11-14 22:43:55,566 [INFO] gaitguard.main: FPS=18.5 | tracks=1 | alerts=0
2025-11-14 22:43:57,371 [INFO] gaitguard.main: FPS=18.5 | tracks=1 | alerts=0
2025-11-14 22:43:59,152 [INFO] gaitguard.main: FPS=18.5 | tracks=1 | alerts=0
2025-11-14 22:44:00,982 [INFO] gaitguard.main: FPS=18.5 | tracks=1 | alerts=0
2025-11-14 22:44:02,780 [INFO] gaitguard.main: FPS=18.5 | tracks=1 | alerts=0
2025-11-14 22:44:04,584 [INFO] gaitguard.main: FPS=18.5 | tracks=1 | alerts=0
2025-11-14 22:44:06,441 [INFO] gaitguard.main: FPS=18.5 | tracks=1 | alerts=0
2025-11-14 22:44:08,256 [INFO] gaitguard.main: FPS=18.5 | tracks=1 | alerts=0
2025-11-14 22:44:10,042 [INFO] gaitguard.main: FPS=18.5 | tracks=1 | alerts=0
2025-11-14 22:44:11,858 [INFO] gaitguard.main: FPS=18.5 | tracks=1 | alerts=0
2025-11-14 22:44:13,669 [INFO] gaitguard.main: FPS=18.5 | tracks=1 | alerts=0
2025-11-14 22:44:15,468 [INFO] gaitguard.main: FPS=18.5 | tracks=1 | alerts=0
2025-11-14 22:44:17,292 [INFO] gaitguard.main: FPS=18.5 | tracks=1 | alerts=0
2025-11-14 22:44:19,067 [INFO] gaitguard.main: FPS=18.5 | tracks=1 | alerts=0
2025-11-14 22:44:20,879 [INFO] gaitguard.main: FPS=18.5 | tracks=1 | alerts=0
2025-11-14 22:44:22,686 [INFO] gaitguard.main: FPS=18.5 | tracks=1 | alerts=0
2025-11-14 22:44:24,509 [INFO] gaitguard.main: FPS=18.5 | tracks=1 | alerts=0
2025-11-14 22:44:26,294 [INFO] gaitguard.main: FPS=18.5 | tracks=1 | alerts=0
2025-11-14 22:44:28,090 [INFO] gaitguard.main: FPS=18.5 | tracks=1 | alerts=0
2025-11-14 22:44:29,914 [INFO] gaitguard.main: FPS=18.5 | tracks=1 | alerts=0
2025-11-14 22:44:31,762 [INFO] gaitguard.main: FPS=18.5 | tracks=1 | alerts=0
2025-11-14 22:44:33,560 [INFO] gaitguard.main: FPS=18.4 | tracks=1 | alerts=0
2025-11-14 22:44:35,374 [INFO] gaitguard.main: FPS=18.4 | tracks=1 | alerts=0
2025-11-14 22:44:37,174 [INFO] gaitguard.main: FPS=18.4 | tracks=1 | alerts=0
2025-11-14 22:44:38,986 [INFO] gaitguard.main: FPS=18.4 | tracks=1 | alerts=0
2025-11-14 22:44:40,777 [INFO] gaitguard.main: FPS=18.4 | tracks=1 | alerts=0
2025-11-14 22:44:42,584 [INFO] gaitguard.main: FPS=18.4 | tracks=1 | alerts=0
2025-11-14 22:44:44,414 [INFO] gaitguard.main: FPS=18.4 | tracks=1 | alerts=0
2025-11-14 22:44:46,211 [INFO] gaitguard.main: FPS=18.4 | tracks=1 | alerts=0
2025-11-14 22:44:48,028 [INFO] gaitguard.main: FPS=18.4 | tracks=1 | alerts=0
2025-11-14 22:44:49,814 [INFO] gaitguard.main: FPS=18.4 | tracks=1 | alerts=0
2025-11-14 22:44:51,630 [INFO] gaitguard.main: FPS=18.4 | tracks=1 | alerts=0
2025-11-14 22:44:53,423 [INFO] gaitguard.main: FPS=18.4 | tracks=1 | alerts=0
2025-11-14 22:44:55,077 [INFO] gaitguard.main: FPS=18.4 | tracks=1 | alerts=0
2025-11-14 22:44:56,867 [INFO] gaitguard.main: FPS=18.4 | tracks=2 | alerts=0
2025-11-14 22:44:58,668 [INFO] gaitguard.main: FPS=18.4 | tracks=2 | alerts=0
2025-11-14 22:45:00,464 [INFO] gaitguard.main: FPS=18.4 | tracks=2 | alerts=0
2025-11-14 22:45:02,280 [INFO] gaitguard.main: FPS=18.4 | tracks=3 | alerts=0
2025-11-14 22:45:04,093 [INFO] gaitguard.main: FPS=18.4 | tracks=2 | alerts=0
2025-11-14 22:45:05,631 [INFO] gaitguard.main: FPS=18.4 | tracks=2 | alerts=0
2025-11-14 22:45:07,123 [INFO] gaitguard.main: FPS=18.4 | tracks=3 | alerts=0
2025-11-14 22:45:08,696 [INFO] gaitguard.main: FPS=18.4 | tracks=2 | alerts=0
2025-11-14 22:45:10,353 [INFO] gaitguard.main: FPS=18.4 | tracks=3 | alerts=0
2025-11-14 22:45:11,955 [INFO] gaitguard.main: FPS=18.4 | tracks=2 | alerts=0
2025-11-14 22:45:13,552 [INFO] gaitguard.main: FPS=18.4 | tracks=2 | alerts=0
2025-11-14 22:45:15,004 [INFO] gaitguard.main: FPS=18.4 | tracks=1 | alerts=0
2025-11-14 22:45:16,439 [INFO] gaitguard.main: FPS=18.4 | tracks=2 | alerts=0
2025-11-14 22:45:17,986 [INFO] gaitguard.main: FPS=18.4 | tracks=2 | alerts=0
2025-11-14 22:45:19,458 [INFO] gaitguard.main: FPS=18.4 | tracks=2 | alerts=0
2025-11-14 22:45:20,894 [INFO] gaitguard.main: FPS=18.4 | tracks=2 | alerts=0
2025-11-14 22:45:22,378 [INFO] gaitguard.main: FPS=18.4 | tracks=2 | alerts=0
2025-11-14 22:45:23,846 [INFO] gaitguard.main: FPS=18.4 | tracks=2 | alerts=0
2025-11-14 22:45:25,258 [INFO] gaitguard.main: FPS=18.4 | tracks=3 | alerts=0
2025-11-14 22:45:26,646 [INFO] gaitguard.main: FPS=18.4 | tracks=2 | alerts=0
2025-11-14 22:45:28,025 [INFO] gaitguard.main: FPS=18.4 | tracks=2 | alerts=0
2025-11-14 22:45:29,410 [INFO] gaitguard.main: FPS=18.4 | tracks=2 | alerts=0
2025-11-14 22:45:30,799 [INFO] gaitguard.main: FPS=18.4 | tracks=3 | alerts=0
2025-11-14 22:45:32,176 [INFO] gaitguard.main: FPS=18.4 | tracks=3 | alerts=0
2025-11-14 22:45:33,575 [INFO] gaitguard.main: FPS=18.5 | tracks=2 | alerts=0
2025-11-14 22:45:35,055 [INFO] gaitguard.main: FPS=18.5 | tracks=2 | alerts=0
2025-11-14 22:45:36,631 [INFO] gaitguard.main: FPS=18.5 | tracks=2 | alerts=0
2025-11-14 22:45:38,367 [INFO] gaitguard.main: FPS=18.5 | tracks=3 | alerts=0
2025-11-14 22:45:40,034 [INFO] gaitguard.main: FPS=18.5 | tracks=2 | alerts=0
2025-11-14 22:45:41,585 [INFO] gaitguard.main: FPS=18.5 | tracks=2 | alerts=0
2025-11-14 22:45:43,170 [INFO] gaitguard.main: FPS=18.5 | tracks=3 | alerts=0
2025-11-14 22:45:44,635 [INFO] gaitguard.main: FPS=18.5 | tracks=3 | alerts=0
2025-11-14 22:45:46,031 [INFO] gaitguard.main: FPS=18.5 | tracks=2 | alerts=0
2025-11-14 22:45:47,504 [INFO] gaitguard.main: FPS=18.5 | tracks=2 | alerts=0
2025-11-14 22:45:49,073 [INFO] gaitguard.main: FPS=18.5 | tracks=2 | alerts=0
2025-11-14 22:45:50,587 [INFO] gaitguard.main: FPS=18.5 | tracks=2 | alerts=0
2025-11-14 22:45:52,222 [INFO] gaitguard.main: FPS=18.5 | tracks=2 | alerts=0
2025-11-14 22:45:53,844 [INFO] gaitguard.main: FPS=18.5 | tracks=2 | alerts=0
2025-11-14 22:45:55,331 [INFO] gaitguard.main: FPS=18.5 | tracks=2 | alerts=0
2025-11-14 22:45:56,851 [INFO] gaitguard.main: FPS=18.5 | tracks=2 | alerts=0
2025-11-14 22:45:58,327 [INFO] gaitguard.main: FPS=18.5 | tracks=2 | alerts=0
2025-11-14 22:45:59,825 [INFO] gaitguard.main: FPS=18.5 | tracks=3 | alerts=0
2025-11-14 22:46:01,234 [INFO] gaitguard.main: FPS=18.5 | tracks=3 | alerts=0
2025-11-14 22:46:02,721 [INFO] gaitguard.main: FPS=18.5 | tracks=2 | alerts=0
2025-11-14 22:46:04,224 [INFO] gaitguard.main: FPS=18.5 | tracks=2 | alerts=0
2025-11-14 22:46:05,787 [INFO] gaitguard.main: FPS=18.5 | tracks=4 | alerts=0
2025-11-14 22:46:07,344 [INFO] gaitguard.main: FPS=18.5 | tracks=2 | alerts=0
2025-11-14 22:46:08,845 [INFO] gaitguard.main: FPS=18.5 | tracks=3 | alerts=0
2025-11-14 22:46:10,328 [INFO] gaitguard.main: FPS=18.5 | tracks=3 | alerts=0
2025-11-14 22:46:11,790 [INFO] gaitguard.main: FPS=18.5 | tracks=2 | alerts=0
2025-11-14 22:46:13,214 [INFO] gaitguard.main: FPS=18.5 | tracks=3 | alerts=0
2025-11-14 22:46:14,743 [INFO] gaitguard.main: FPS=18.5 | tracks=2 | alerts=0
2025-11-14 22:46:16,280 [INFO] gaitguard.main: FPS=18.5 | tracks=3 | alerts=0
2025-11-14 22:46:17,730 [INFO] gaitguard.main: FPS=18.5 | tracks=3 | alerts=0
2025-11-14 22:46:19,313 [INFO] gaitguard.main: FPS=18.5 | tracks=2 | alerts=0
2025-11-14 22:46:20,936 [INFO] gaitguard.main: FPS=18.5 | tracks=3 | alerts=0
2025-11-14 22:46:22,521 [INFO] gaitguard.main: FPS=18.5 | tracks=2 | alerts=0
2025-11-14 22:46:24,050 [INFO] gaitguard.main: FPS=18.5 | tracks=2 | alerts=0
2025-11-14 22:46:25,551 [INFO] gaitguard.main: FPS=18.5 | tracks=2 | alerts=0
2025-11-14 22:46:26,969 [INFO] gaitguard.main: FPS=18.5 | tracks=3 | alerts=0
2025-11-14 22:46:28,550 [INFO] gaitguard.main: FPS=18.5 | tracks=2 | alerts=0
2025-11-14 22:46:30,146 [INFO] gaitguard.main: FPS=18.5 | tracks=3 | alerts=0
2025-11-14 22:46:31,793 [INFO] gaitguard.main: FPS=18.5 | tracks=2 | alerts=0
2025-11-14 22:46:33,295 [INFO] gaitguard.main: FPS=18.5 | tracks=3 | alerts=0
2025-11-14 22:46:34,850 [INFO] gaitguard.main: FPS=18.5 | tracks=2 | alerts=0
2025-11-14 22:46:36,343 [INFO] gaitguard.main: FPS=18.5 | tracks=2 | alerts=0
2025-11-14 22:46:37,924 [INFO] gaitguard.main: FPS=18.5 | tracks=2 | alerts=0
2025-11-14 22:46:39,522 [INFO] gaitguard.main: FPS=18.5 | tracks=2 | alerts=0
2025-11-14 22:46:41,056 [INFO] gaitguard.main: FPS=18.5 | tracks=3 | alerts=0
2025-11-14 22:46:42,525 [INFO] gaitguard.main: FPS=18.5 | tracks=3 | alerts=0
2025-11-14 22:46:43,985 [INFO] gaitguard.main: FPS=18.5 | tracks=3 | alerts=0
2025-11-14 22:46:45,554 [INFO] gaitguard.main: FPS=18.5 | tracks=2 | alerts=0
2025-11-14 22:46:47,041 [INFO] gaitguard.main: FPS=18.5 | tracks=2 | alerts=0
2025-11-14 22:46:48,563 [INFO] gaitguard.main: FPS=18.5 | tracks=2 | alerts=0
2025-11-14 22:46:50,127 [INFO] gaitguard.main: FPS=18.5 | tracks=2 | alerts=0
2025-11-14 22:46:51,588 [INFO] gaitguard.main: FPS=18.5 | tracks=2 | alerts=0
2025-11-14 22:46:53,114 [INFO] gaitguard.main: FPS=18.5 | tracks=2 | alerts=0
2025-11-14 22:46:54,638 [INFO] gaitguard.main: FPS=18.5 | tracks=2 | alerts=0
2025-11-14 22:46:56,041 [INFO] gaitguard.main: FPS=18.5 | tracks=2 | alerts=0
2025-11-14 22:46:57,533 [INFO] gaitguard.main: FPS=18.5 | tracks=3 | alerts=0
2025-11-14 22:46:59,104 [INFO] gaitguard.main: FPS=18.5 | tracks=2 | alerts=0
2025-11-14 22:47:00,680 [INFO] gaitguard.main: FPS=18.5 | tracks=3 | alerts=0
2025-11-14 22:47:02,205 [INFO] gaitguard.main: FPS=18.5 | tracks=3 | alerts=0
2025-11-14 22:47:03,688 [INFO] gaitguard.main: FPS=18.5 | tracks=3 | alerts=0
2025-11-14 22:47:05,191 [INFO] gaitguard.main: FPS=18.5 | tracks=3 | alerts=0
2025-11-14 22:47:06,615 [INFO] gaitguard.main: FPS=18.6 | tracks=3 | alerts=0
2025-11-14 22:47:08,077 [INFO] gaitguard.main: FPS=18.6 | tracks=2 | alerts=0
2025-11-14 22:47:09,610 [INFO] gaitguard.main: FPS=18.6 | tracks=2 | alerts=0
2025-11-14 22:47:11,016 [INFO] gaitguard.main: FPS=18.6 | tracks=2 | alerts=0
2025-11-14 22:47:12,477 [INFO] gaitguard.main: FPS=18.6 | tracks=2 | alerts=0
2025-11-14 22:47:13,973 [INFO] gaitguard.main: FPS=18.6 | tracks=2 | alerts=0
2025-11-14 22:47:15,534 [INFO] gaitguard.main: FPS=18.6 | tracks=2 | alerts=0
2025-11-14 22:47:16,960 [INFO] gaitguard.main: FPS=18.6 | tracks=2 | alerts=0
2025-11-14 22:47:18,460 [INFO] gaitguard.main: FPS=18.6 | tracks=1 | alerts=0
2025-11-14 22:47:19,932 [INFO] gaitguard.main: FPS=18.6 | tracks=2 | alerts=0
2025-11-14 22:47:21,445 [INFO] gaitguard.main: FPS=18.6 | tracks=2 | alerts=0
2025-11-14 22:47:22,990 [INFO] gaitguard.main: FPS=18.6 | tracks=3 | alerts=0
2025-11-14 22:47:24,480 [INFO] gaitguard.main: FPS=18.6 | tracks=2 | alerts=0
2025-11-14 22:47:26,042 [INFO] gaitguard.main: FPS=18.6 | tracks=2 | alerts=0
2025-11-14 22:47:27,634 [INFO] gaitguard.main: FPS=18.6 | tracks=2 | alerts=0
2025-11-14 22:47:29,254 [INFO] gaitguard.main: FPS=18.6 | tracks=2 | alerts=0
2025-11-14 22:47:30,851 [INFO] gaitguard.main: FPS=18.6 | tracks=2 | alerts=0
2025-11-14 22:47:32,470 [INFO] gaitguard.main: FPS=18.6 | tracks=2 | alerts=0
2025-11-14 22:47:33,911 [INFO] gaitguard.main: FPS=18.6 | tracks=2 | alerts=0
2025-11-14 22:47:35,514 [INFO] gaitguard.main: FPS=18.6 | tracks=2 | alerts=0
2025-11-14 22:47:37,072 [INFO] gaitguard.main: FPS=18.6 | tracks=2 | alerts=0
2025-11-14 22:47:38,572 [INFO] gaitguard.main: FPS=18.6 | tracks=2 | alerts=0
2025-11-14 22:47:40,164 [INFO] gaitguard.main: FPS=18.6 | tracks=2 | alerts=0
2025-11-14 22:47:41,845 [INFO] gaitguard.main: FPS=18.6 | tracks=2 | alerts=0
2025-11-14 22:47:43,468 [INFO] gaitguard.main: FPS=18.6 | tracks=2 | alerts=0
2025-11-14 22:47:45,068 [INFO] gaitguard.main: FPS=18.6 | tracks=4 | alerts=0
2025-11-14 22:47:46,620 [INFO] gaitguard.main: FPS=18.6 | tracks=3 | alerts=0
2025-11-14 22:47:48,076 [INFO] gaitguard.main: FPS=18.6 | tracks=3 | alerts=0
2025-11-14 22:47:49,555 [INFO] gaitguard.main: FPS=18.6 | tracks=3 | alerts=0
2025-11-14 22:47:51,029 [INFO] gaitguard.main: FPS=18.6 | tracks=3 | alerts=0
2025-11-14 22:47:52,607 [INFO] gaitguard.main: FPS=18.6 | tracks=2 | alerts=0
2025-11-14 22:47:54,139 [INFO] gaitguard.main: FPS=18.6 | tracks=3 | alerts=0
2025-11-14 22:47:55,604 [INFO] gaitguard.main: FPS=18.6 | tracks=3 | alerts=0
2025-11-14 22:47:57,128 [INFO] gaitguard.main: FPS=18.6 | tracks=2 | alerts=0
2025-11-14 22:47:58,809 [INFO] gaitguard.main: FPS=18.6 | tracks=2 | alerts=0
2025-11-14 22:48:00,236 [INFO] gaitguard.main: FPS=18.6 | tracks=3 | alerts=0
2025-11-14 22:48:01,692 [INFO] gaitguard.main: FPS=18.6 | tracks=3 | alerts=0
2025-11-14 22:48:03,184 [INFO] gaitguard.main: FPS=18.6 | tracks=2 | alerts=0
2025-11-14 22:48:04,655 [INFO] gaitguard.main: FPS=18.6 | tracks=2 | alerts=0
2025-11-14 22:48:06,157 [INFO] gaitguard.main: FPS=18.6 | tracks=3 | alerts=0
2025-11-14 22:48:07,577 [INFO] gaitguard.main: FPS=18.6 | tracks=3 | alerts=0
2025-11-14 22:48:09,090 [INFO] gaitguard.main: FPS=18.6 | tracks=3 | alerts=0
2025-11-14 22:48:10,684 [INFO] gaitguard.main: FPS=18.6 | tracks=3 | alerts=0
2025-11-14 22:48:12,287 [INFO] gaitguard.main: FPS=18.6 | tracks=2 | alerts=0
2025-11-14 22:48:13,859 [INFO] gaitguard.main: FPS=18.6 | tracks=2 | alerts=0
2025-11-14 22:48:15,534 [INFO] gaitguard.main: FPS=18.6 | tracks=2 | alerts=0
2025-11-14 22:48:17,359 [INFO] gaitguard.main: FPS=18.6 | tracks=1 | alerts=0
2025-11-14 22:48:19,141 [INFO] gaitguard.main: FPS=18.6 | tracks=1 | alerts=0
2025-11-14 22:48:20,939 [INFO] gaitguard.main: FPS=18.6 | tracks=1 | alerts=0
2025-11-14 22:48:22,506 [INFO] gaitguard.main: FPS=18.6 | tracks=1 | alerts=0
2025-11-14 22:48:24,076 [INFO] gaitguard.main: FPS=18.6 | tracks=1 | alerts=0
2025-11-14 22:48:25,631 [INFO] gaitguard.main: FPS=18.6 | tracks=1 | alerts=0
2025-11-14 22:48:27,176 [INFO] gaitguard.main: FPS=18.6 | tracks=1 | alerts=0
2025-11-14 22:48:28,802 [INFO] gaitguard.main: FPS=18.6 | tracks=1 | alerts=0
2025-11-14 22:48:30,263 [INFO] gaitguard.main: FPS=18.6 | tracks=1 | alerts=0
2025-11-14 22:48:31,765 [INFO] gaitguard.main: FPS=18.6 | tracks=1 | alerts=0
2025-11-14 22:48:33,357 [INFO] gaitguard.main: FPS=18.6 | tracks=1 | alerts=0
2025-11-14 22:48:34,866 [INFO] gaitguard.main: FPS=18.6 | tracks=2 | alerts=0
2025-11-14 22:48:36,339 [INFO] gaitguard.main: FPS=18.6 | tracks=1 | alerts=0
2025-11-14 22:48:37,826 [INFO] gaitguard.main: FPS=18.6 | tracks=1 | alerts=0
2025-11-14 22:48:39,390 [INFO] gaitguard.main: FPS=18.6 | tracks=1 | alerts=0
2025-11-14 22:48:40,995 [INFO] gaitguard.main: FPS=18.6 | tracks=1 | alerts=0
2025-11-14 22:48:42,794 [INFO] gaitguard.main: FPS=18.6 | tracks=1 | alerts=0
2025-11-14 22:48:44,593 [INFO] gaitguard.main: FPS=18.6 | tracks=1 | alerts=0
2025-11-14 22:48:46,401 [INFO] gaitguard.main: FPS=18.6 | tracks=1 | alerts=0
2025-11-14 22:48:48,193 [INFO] gaitguard.main: FPS=18.6 | tracks=1 | alerts=0
2025-11-14 22:48:50,012 [INFO] gaitguard.main: FPS=18.6 | tracks=1 | alerts=0
2025-11-14 22:48:51,809 [INFO] gaitguard.main: FPS=18.6 | tracks=1 | alerts=0
2025-11-14 22:48:53,613 [INFO] gaitguard.main: FPS=18.6 | tracks=1 | alerts=0
2025-11-14 22:48:55,457 [INFO] gaitguard.main: FPS=18.6 | tracks=1 | alerts=0
2025-11-14 22:48:57,231 [INFO] gaitguard.main: FPS=18.6 | tracks=1 | alerts=0
2025-11-14 22:48:59,044 [INFO] gaitguard.main: FPS=18.6 | tracks=1 | alerts=0
2025-11-14 22:49:00,830 [INFO] gaitguard.main: FPS=18.6 | tracks=1 | alerts=0
2025-11-14 22:49:02,661 [INFO] gaitguard.main: FPS=18.6 | tracks=1 | alerts=0
2025-11-14 22:49:04,284 [INFO] gaitguard.main: FPS=18.6 | tracks=1 | alerts=0
2025-11-14 22:49:05,826 [INFO] gaitguard.main: FPS=18.6 | tracks=1 | alerts=0
2025-11-14 22:49:07,331 [INFO] gaitguard.main: FPS=18.6 | tracks=1 | alerts=0
2025-11-14 22:49:09,140 [INFO] gaitguard.main: FPS=18.6 | tracks=1 | alerts=0
2025-11-14 22:49:10,946 [INFO] gaitguard.main: FPS=18.6 | tracks=2 | alerts=0
2025-11-14 22:49:12,773 [INFO] gaitguard.main: FPS=18.6 | tracks=1 | alerts=0
2025-11-14 22:49:14,547 [INFO] gaitguard.main: FPS=18.6 | tracks=1 | alerts=0
2025-11-14 22:49:16,359 [INFO] gaitguard.main: FPS=18.6 | tracks=2 | alerts=0
2025-11-14 22:49:18,172 [INFO] gaitguard.main: FPS=18.6 | tracks=1 | alerts=0
2025-11-14 22:49:19,965 [INFO] gaitguard.main: FPS=18.6 | tracks=1 | alerts=0
2025-11-14 22:49:21,762 [INFO] gaitguard.main: FPS=18.6 | tracks=1 | alerts=0
2025-11-14 22:49:23,566 [INFO] gaitguard.main: FPS=18.6 | tracks=3 | alerts=0
2025-11-14 22:49:25,375 [INFO] gaitguard.main: FPS=18.6 | tracks=1 | alerts=0
2025-11-14 22:49:27,203 [INFO] gaitguard.main: FPS=18.6 | tracks=1 | alerts=0
2025-11-14 22:49:28,978 [INFO] gaitguard.main: FPS=18.6 | tracks=1 | alerts=0
2025-11-14 22:49:30,810 [INFO] gaitguard.main: FPS=18.5 | tracks=1 | alerts=0
2025-11-14 22:49:32,601 [INFO] gaitguard.main: FPS=18.5 | tracks=1 | alerts=0
2025-11-14 22:49:34,405 [INFO] gaitguard.main: FPS=18.5 | tracks=1 | alerts=0
2025-11-14 22:49:36,197 [INFO] gaitguard.main: FPS=18.5 | tracks=1 | alerts=0
2025-11-14 22:49:38,003 [INFO] gaitguard.main: FPS=18.5 | tracks=1 | alerts=0
2025-11-14 22:49:39,816 [INFO] gaitguard.main: FPS=18.5 | tracks=1 | alerts=0
2025-11-14 22:49:41,619 [INFO] gaitguard.main: FPS=18.5 | tracks=1 | alerts=0
2025-11-14 22:49:43,433 [INFO] gaitguard.main: FPS=18.5 | tracks=1 | alerts=0
2025-11-14 22:49:45,244 [INFO] gaitguard.main: FPS=18.5 | tracks=1 | alerts=0
2025-11-14 22:49:47,044 [INFO] gaitguard.main: FPS=18.5 | tracks=1 | alerts=0
2025-11-14 22:49:48,856 [INFO] gaitguard.main: FPS=18.5 | tracks=1 | alerts=0
2025-11-14 22:49:50,654 [INFO] gaitguard.main: FPS=18.5 | tracks=1 | alerts=0
2025-11-14 22:49:52,457 [INFO] gaitguard.main: FPS=18.5 | tracks=1 | alerts=0
2025-11-14 22:49:54,273 [INFO] gaitguard.main: FPS=18.5 | tracks=1 | alerts=0
2025-11-14 22:49:56,051 [INFO] gaitguard.main: FPS=18.5 | tracks=1 | alerts=0
2025-11-14 22:49:57,859 [INFO] gaitguard.main: FPS=18.5 | tracks=1 | alerts=0
2025-11-14 22:49:59,677 [INFO] gaitguard.main: FPS=18.5 | tracks=1 | alerts=0
2025-11-14 22:50:01,455 [INFO] gaitguard.main: FPS=18.5 | tracks=1 | alerts=0
2025-11-14 22:50:03,314 [INFO] gaitguard.main: FPS=18.5 | tracks=1 | alerts=0
2025-11-14 22:50:05,082 [INFO] gaitguard.main: FPS=18.5 | tracks=1 | alerts=0
2025-11-14 22:50:06,887 [INFO] gaitguard.main: FPS=18.5 | tracks=1 | alerts=0
2025-11-14 22:50:08,699 [INFO] gaitguard.main: FPS=18.5 | tracks=1 | alerts=0
2025-11-14 22:50:10,497 [INFO] gaitguard.main: FPS=18.5 | tracks=1 | alerts=0
2025-11-14 22:50:12,296 [INFO] gaitguard.main: FPS=18.5 | tracks=1 | alerts=0
2025-11-14 22:50:14,103 [INFO] gaitguard.main: FPS=18.5 | tracks=1 | alerts=0
2025-11-14 22:50:15,909 [INFO] gaitguard.main: FPS=18.5 | tracks=1 | alerts=0
2025-11-14 22:50:17,699 [INFO] gaitguard.main: FPS=18.5 | tracks=1 | alerts=0
2025-11-14 22:50:19,516 [INFO] gaitguard.main: FPS=18.5 | tracks=1 | alerts=0
2025-11-14 22:50:21,314 [INFO] gaitguard.main: FPS=18.5 | tracks=1 | alerts=0
2025-11-14 22:50:23,128 [INFO] gaitguard.main: FPS=18.5 | tracks=1 | alerts=0
2025-11-14 22:50:24,943 [INFO] gaitguard.main: FPS=18.5 | tracks=1 | alerts=0
2025-11-14 22:50:26,745 [INFO] gaitguard.main: FPS=18.5 | tracks=1 | alerts=0
2025-11-14 22:50:28,537 [INFO] gaitguard.main: FPS=18.5 | tracks=1 | alerts=0
2025-11-14 22:50:30,338 [INFO] gaitguard.main: FPS=18.5 | tracks=1 | alerts=0
2025-11-14 22:50:32,176 [INFO] gaitguard.main: FPS=18.5 | tracks=1 | alerts=0
2025-11-14 22:50:33,944 [INFO] gaitguard.main: FPS=18.5 | tracks=1 | alerts=0
2025-11-14 22:50:35,731 [INFO] gaitguard.main: FPS=18.5 | tracks=1 | alerts=0
2025-11-14 22:50:37,563 [INFO] gaitguard.main: FPS=18.5 | tracks=1 | alerts=0
2025-11-14 22:50:39,362 [INFO] gaitguard.main: FPS=18.4 | tracks=1 | alerts=0
2025-11-14 22:50:41,171 [INFO] gaitguard.main: FPS=18.4 | tracks=1 | alerts=0
2025-11-14 22:50:42,969 [INFO] gaitguard.main: FPS=18.4 | tracks=1 | alerts=0
2025-11-14 22:50:44,793 [INFO] gaitguard.main: FPS=18.4 | tracks=1 | alerts=0
2025-11-14 22:50:46,576 [INFO] gaitguard.main: FPS=18.4 | tracks=1 | alerts=0
2025-11-14 22:50:48,386 [INFO] gaitguard.main: FPS=18.4 | tracks=1 | alerts=0
2025-11-14 22:50:50,180 [INFO] gaitguard.main: FPS=18.4 | tracks=1 | alerts=0
2025-11-14 22:50:51,989 [INFO] gaitguard.main: FPS=18.4 | tracks=1 | alerts=0
2025-11-14 22:50:53,802 [INFO] gaitguard.main: FPS=18.4 | tracks=1 | alerts=0
2025-11-14 22:50:55,602 [INFO] gaitguard.main: FPS=18.4 | tracks=1 | alerts=0
2025-11-14 22:50:57,418 [INFO] gaitguard.main: FPS=18.4 | tracks=1 | alerts=0
2025-11-14 22:50:59,209 [INFO] gaitguard.main: FPS=18.4 | tracks=1 | alerts=0
2025-11-14 22:51:01,042 [INFO] gaitguard.main: FPS=18.4 | tracks=1 | alerts=0
2025-11-14 22:51:02,856 [INFO] gaitguard.main: FPS=18.4 | tracks=1 | alerts=0
2025-11-14 22:51:04,647 [INFO] gaitguard.main: FPS=18.4 | tracks=1 | alerts=0
2025-11-14 22:51:06,418 [INFO] gaitguard.main: FPS=18.4 | tracks=1 | alerts=0
2025-11-14 22:51:08,242 [INFO] gaitguard.main: FPS=18.4 | tracks=1 | alerts=0
2025-11-14 22:51:10,059 [INFO] gaitguard.main: FPS=18.4 | tracks=1 | alerts=0
2025-11-14 22:51:11,849 [INFO] gaitguard.main: FPS=18.4 | tracks=1 | alerts=0
2025-11-14 22:51:13,652 [INFO] gaitguard.main: FPS=18.4 | tracks=1 | alerts=0
2025-11-14 22:51:15,464 [INFO] gaitguard.main: FPS=18.4 | tracks=1 | alerts=0
2025-11-14 22:51:17,253 [INFO] gaitguard.main: FPS=18.4 | tracks=1 | alerts=0
2025-11-14 22:51:19,059 [INFO] gaitguard.main: FPS=18.4 | tracks=1 | alerts=0
2025-11-14 22:51:20,869 [INFO] gaitguard.main: FPS=18.4 | tracks=1 | alerts=0
2025-11-14 22:51:22,695 [INFO] gaitguard.main: FPS=18.4 | tracks=1 | alerts=0
2025-11-14 22:51:24,465 [INFO] gaitguard.main: FPS=18.4 | tracks=1 | alerts=0
2025-11-14 22:51:26,283 [INFO] gaitguard.main: FPS=18.4 | tracks=1 | alerts=0
2025-11-14 22:51:28,090 [INFO] gaitguard.main: FPS=18.4 | tracks=1 | alerts=0
2025-11-14 22:51:29,896 [INFO] gaitguard.main: FPS=18.4 | tracks=1 | alerts=0
2025-11-14 22:51:31,685 [INFO] gaitguard.main: FPS=18.4 | tracks=1 | alerts=0
2025-11-14 22:51:33,507 [INFO] gaitguard.main: FPS=18.4 | tracks=1 | alerts=0
2025-11-14 22:51:35,319 [INFO] gaitguard.main: FPS=18.4 | tracks=1 | alerts=0
2025-11-14 22:51:37,163 [INFO] gaitguard.main: FPS=18.4 | tracks=2 | alerts=0
2025-11-14 22:51:38,936 [INFO] gaitguard.main: FPS=18.4 | tracks=1 | alerts=0
2025-11-14 22:51:40,730 [INFO] gaitguard.main: FPS=18.4 | tracks=1 | alerts=0
2025-11-14 22:51:42,515 [INFO] gaitguard.main: FPS=18.4 | tracks=1 | alerts=0
2025-11-14 22:51:44,334 [INFO] gaitguard.main: FPS=18.4 | tracks=1 | alerts=0
2025-11-14 22:51:46,133 [INFO] gaitguard.main: FPS=18.4 | tracks=1 | alerts=0
2025-11-14 22:51:47,936 [INFO] gaitguard.main: FPS=18.4 | tracks=2 | alerts=0
2025-11-14 22:51:49,750 [INFO] gaitguard.main: FPS=18.4 | tracks=3 | alerts=0
2025-11-14 22:51:51,539 [INFO] gaitguard.main: FPS=18.4 | tracks=2 | alerts=0
2025-11-14 22:51:53,365 [INFO] gaitguard.main: FPS=18.4 | tracks=1 | alerts=0
2025-11-14 22:51:55,157 [INFO] gaitguard.main: FPS=18.4 | tracks=1 | alerts=0
2025-11-14 22:51:57,077 [INFO] gaitguard.main: FPS=18.3 | tracks=1 | alerts=0
2025-11-14 22:51:58,774 [INFO] gaitguard.main: GaitGuard Phase-1 pipeline stopped.
2025-11-14 23:04:43,007 [INFO] gaitguard.device: Using CUDA device: NVIDIA GeForce RTX 3050 6GB Laptop GPU
2025-11-14 23:04:43,007 [INFO] gaitguard.main: Runtime device=cuda | half=True
2025-11-14 23:04:43,007 [INFO] perception.detector: Loading YOLO model 'yolo11n.pt' on device 'cuda'
2025-11-14 23:04:43,930 [INFO] perception.detector: YOLO model loaded in FP16 on CUDA
2025-11-14 23:04:43,930 [INFO] perception.detector: YOLO model ready
2025-11-14 23:04:43,930 [INFO] perception.perception_engine: Phase-1 PerceptionEngine initialized.
2025-11-14 23:04:48,822 [INFO] gaitguard.main: GaitGuard Phase-1 pipeline started. Press ESC to exit.
2025-11-14 23:04:50,482 [INFO] gaitguard.main: FPS=18.5 | tracks=3 | alerts=0
2025-11-14 23:04:51,556 [INFO] gaitguard.main: FPS=22.2 | tracks=2 | alerts=0
2025-11-14 23:04:52,606 [INFO] gaitguard.main: FPS=24.0 | tracks=1 | alerts=0
2025-11-14 23:04:53,880 [INFO] gaitguard.main: FPS=23.9 | tracks=1 | alerts=0
2025-11-14 23:04:55,493 [INFO] gaitguard.main: FPS=22.6 | tracks=2 | alerts=0
2025-11-14 23:04:57,096 [INFO] gaitguard.main: FPS=21.8 | tracks=2 | alerts=0
2025-11-14 23:04:58,232 [INFO] gaitguard.main: FPS=22.4 | tracks=3 | alerts=0
2025-11-14 23:04:59,260 [INFO] gaitguard.main: FPS=23.1 | tracks=3 | alerts=0
2025-11-14 23:05:00,409 [INFO] gaitguard.main: FPS=23.4 | tracks=2 | alerts=0
2025-11-14 23:05:01,481 [INFO] gaitguard.main: FPS=23.8 | tracks=2 | alerts=0
2025-11-14 23:05:02,580 [INFO] gaitguard.main: FPS=24.0 | tracks=2 | alerts=0
2025-11-14 23:05:03,768 [INFO] gaitguard.main: FPS=24.1 | tracks=2 | alerts=0
2025-11-14 23:05:04,873 [INFO] gaitguard.main: FPS=24.4 | tracks=2 | alerts=0
2025-11-14 23:05:05,888 [INFO] gaitguard.main: FPS=24.7 | tracks=3 | alerts=0
2025-11-14 23:05:07,000 [INFO] gaitguard.main: FPS=24.8 | tracks=3 | alerts=0
2025-11-14 23:05:08,060 [INFO] gaitguard.main: FPS=25.0 | tracks=2 | alerts=0
2025-11-14 23:05:09,085 [INFO] gaitguard.main: FPS=25.2 | tracks=3 | alerts=0
2025-11-14 23:05:10,109 [INFO] gaitguard.main: FPS=25.4 | tracks=2 | alerts=0
2025-11-14 23:05:11,184 [INFO] gaitguard.main: FPS=25.5 | tracks=3 | alerts=0
2025-11-14 23:05:12,219 [INFO] gaitguard.main: FPS=25.7 | tracks=4 | alerts=0
2025-11-14 23:05:13,247 [INFO] gaitguard.main: FPS=25.8 | tracks=2 | alerts=0
2025-11-14 23:05:14,315 [INFO] gaitguard.main: FPS=25.9 | tracks=2 | alerts=0
2025-11-14 23:05:15,377 [INFO] gaitguard.main: FPS=26.0 | tracks=2 | alerts=0
2025-11-14 23:05:16,422 [INFO] gaitguard.main: FPS=26.1 | tracks=2 | alerts=0
2025-11-14 23:05:17,523 [INFO] gaitguard.main: FPS=26.2 | tracks=2 | alerts=0
2025-11-14 23:05:18,671 [INFO] gaitguard.main: FPS=26.2 | tracks=3 | alerts=0
2025-11-14 23:05:19,848 [INFO] gaitguard.main: FPS=26.1 | tracks=2 | alerts=0
2025-11-14 23:05:20,930 [INFO] gaitguard.main: FPS=26.2 | tracks=2 | alerts=0
2025-11-14 23:05:22,003 [INFO] gaitguard.main: FPS=26.2 | tracks=2 | alerts=0
2025-11-14 23:05:23,069 [INFO] gaitguard.main: FPS=26.3 | tracks=2 | alerts=0
2025-11-14 23:05:24,183 [INFO] gaitguard.main: FPS=26.3 | tracks=3 | alerts=0
2025-11-14 23:05:25,291 [INFO] gaitguard.main: FPS=26.3 | tracks=3 | alerts=0
2025-11-14 23:05:26,357 [INFO] gaitguard.main: FPS=26.4 | tracks=2 | alerts=0
2025-11-14 23:05:27,419 [INFO] gaitguard.main: FPS=26.5 | tracks=3 | alerts=0
2025-11-14 23:05:28,718 [INFO] gaitguard.main: FPS=26.3 | tracks=2 | alerts=0
2025-11-14 23:05:29,787 [INFO] gaitguard.main: FPS=26.4 | tracks=2 | alerts=0
2025-11-14 23:05:30,832 [INFO] gaitguard.main: FPS=26.4 | tracks=1 | alerts=0
2025-11-14 23:05:31,858 [INFO] gaitguard.main: FPS=26.5 | tracks=1 | alerts=0
2025-11-14 23:05:32,883 [INFO] gaitguard.main: FPS=26.6 | tracks=1 | alerts=0
2025-11-14 23:05:33,937 [INFO] gaitguard.main: FPS=26.6 | tracks=1 | alerts=0
2025-11-14 23:05:34,997 [INFO] gaitguard.main: FPS=26.7 | tracks=1 | alerts=0
2025-11-14 23:05:35,966 [INFO] gaitguard.main: FPS=26.7 | tracks=1 | alerts=0
2025-11-14 23:05:36,958 [INFO] gaitguard.main: FPS=26.8 | tracks=2 | alerts=0
2025-11-14 23:05:37,958 [INFO] gaitguard.main: FPS=26.9 | tracks=2 | alerts=0
2025-11-14 23:05:38,976 [INFO] gaitguard.main: FPS=26.9 | tracks=2 | alerts=0
2025-11-14 23:05:40,002 [INFO] gaitguard.main: FPS=27.0 | tracks=1 | alerts=0
2025-11-14 23:05:41,578 [INFO] gaitguard.main: FPS=26.7 | tracks=1 | alerts=0
2025-11-14 23:05:43,372 [INFO] gaitguard.main: FPS=26.4 | tracks=1 | alerts=0
2025-11-14 23:05:45,185 [INFO] gaitguard.main: FPS=26.1 | tracks=1 | alerts=0
2025-11-14 23:05:46,992 [INFO] gaitguard.main: FPS=25.8 | tracks=2 | alerts=0
2025-11-14 23:05:48,794 [INFO] gaitguard.main: FPS=25.5 | tracks=2 | alerts=0
2025-11-14 23:05:50,601 [INFO] gaitguard.main: FPS=25.3 | tracks=1 | alerts=0
2025-11-14 23:05:52,401 [INFO] gaitguard.main: FPS=25.0 | tracks=1 | alerts=0
2025-11-14 23:05:54,207 [INFO] gaitguard.main: FPS=24.8 | tracks=1 | alerts=0
2025-11-14 23:05:55,953 [INFO] gaitguard.main: FPS=24.6 | tracks=1 | alerts=0
2025-11-14 23:05:57,770 [INFO] gaitguard.main: FPS=24.4 | tracks=1 | alerts=0
2025-11-14 23:05:59,574 [INFO] gaitguard.main: FPS=24.2 | tracks=1 | alerts=0
2025-11-14 23:06:01,373 [INFO] gaitguard.main: FPS=24.0 | tracks=1 | alerts=0
2025-11-14 23:06:03,168 [INFO] gaitguard.main: FPS=23.8 | tracks=1 | alerts=0
2025-11-14 23:06:04,528 [INFO] gaitguard.main: FPS=23.8 | tracks=1 | alerts=0
2025-11-14 23:06:05,569 [INFO] gaitguard.main: FPS=23.9 | tracks=1 | alerts=0
2025-11-14 23:06:06,600 [INFO] gaitguard.main: FPS=23.9 | tracks=1 | alerts=0
2025-11-14 23:06:07,598 [INFO] gaitguard.main: FPS=24.0 | tracks=1 | alerts=0
2025-11-14 23:06:08,610 [INFO] gaitguard.main: FPS=24.1 | tracks=1 | alerts=0
2025-11-14 23:06:09,611 [INFO] gaitguard.main: FPS=24.1 | tracks=1 | alerts=0
2025-11-14 23:06:10,608 [INFO] gaitguard.main: FPS=24.2 | tracks=1 | alerts=0
2025-11-14 23:06:11,632 [INFO] gaitguard.main: FPS=24.3 | tracks=1 | alerts=0
2025-11-14 23:06:12,656 [INFO] gaitguard.main: FPS=24.3 | tracks=1 | alerts=0
2025-11-14 23:06:13,754 [INFO] gaitguard.main: FPS=24.4 | tracks=1 | alerts=0
2025-11-14 23:06:14,787 [INFO] gaitguard.main: FPS=24.4 | tracks=1 | alerts=0
2025-11-14 23:06:15,804 [INFO] gaitguard.main: FPS=24.5 | tracks=1 | alerts=0
2025-11-14 23:06:16,815 [INFO] gaitguard.main: FPS=24.6 | tracks=2 | alerts=0
2025-11-14 23:06:18,014 [INFO] gaitguard.main: FPS=24.6 | tracks=1 | alerts=0
2025-11-14 23:06:20,521 [INFO] gaitguard.main: FPS=24.2 | tracks=1 | alerts=0
2025-11-14 23:06:22,865 [INFO] gaitguard.main: FPS=23.9 | tracks=1 | alerts=0
2025-11-14 23:06:24,784 [INFO] gaitguard.main: FPS=23.8 | tracks=1 | alerts=0
2025-11-14 23:06:26,589 [INFO] gaitguard.main: FPS=23.6 | tracks=1 | alerts=0
2025-11-14 23:06:27,745 [INFO] gaitguard.main: FPS=23.7 | tracks=1 | alerts=0
2025-11-14 23:06:28,796 [INFO] gaitguard.main: FPS=23.7 | tracks=1 | alerts=0
2025-11-14 23:06:30,065 [INFO] gaitguard.main: FPS=23.7 | tracks=1 | alerts=0
2025-11-14 23:06:31,918 [INFO] gaitguard.main: FPS=23.6 | tracks=1 | alerts=0
2025-11-14 23:06:33,743 [INFO] gaitguard.main: FPS=23.5 | tracks=1 | alerts=0
2025-11-14 23:06:34,813 [INFO] gaitguard.main: FPS=23.5 | tracks=1 | alerts=0
2025-11-14 23:06:36,097 [INFO] gaitguard.main: FPS=23.5 | tracks=1 | alerts=0
2025-11-14 23:06:37,133 [INFO] gaitguard.main: FPS=23.6 | tracks=1 | alerts=0
2025-11-14 23:06:38,255 [INFO] gaitguard.main: FPS=23.6 | tracks=1 | alerts=0
2025-11-14 23:06:39,266 [INFO] gaitguard.main: FPS=23.6 | tracks=1 | alerts=0
2025-11-14 23:06:40,305 [INFO] gaitguard.main: FPS=23.7 | tracks=1 | alerts=0
2025-11-14 23:06:41,515 [INFO] gaitguard.main: GaitGuard Phase-1 pipeline stopped.
2025-11-15 15:49:32,062 [INFO] gaitguard.device: Using CUDA device: NVIDIA GeForce RTX 3050 6GB Laptop GPU
2025-11-15 15:49:32,062 [INFO] gaitguard.main: Runtime device=cuda | half=True
2025-11-15 15:49:32,077 [INFO] perception.detector: Loading YOLO model 'yolo11n.pt' on device 'cuda'
2025-11-15 15:49:34,564 [INFO] perception.detector: YOLO model loaded in FP16 on CUDA
2025-11-15 15:49:34,564 [INFO] perception.detector: YOLO model ready
2025-11-15 15:49:34,564 [INFO] perception.perception_engine: Phase-1 PerceptionEngine initialized.
2025-11-15 15:49:34,564 [INFO] gaitguard.device: Using CUDA device: NVIDIA GeForce RTX 3050 6GB Laptop GPU
2025-11-15 15:49:34,564 [INFO] face.config: FaceConfig initialised | device=cuda half=True | gallery=C:\Users\ildi\Desktop\GaitGuard\data\face_gallery.enc
2025-11-15 15:49:34,564 [INFO] face.detector_align: Initialising FaceDetectorAligner with model=retinaface_r50_v1 ctx_id=0 det_size=(640, 640)
2025-11-15 16:25:58,487 [INFO] gaitguard.device: Using CUDA device: NVIDIA GeForce RTX 3050 6GB Laptop GPU
2025-11-15 16:25:58,487 [INFO] gaitguard.main: Runtime device=cuda | half=True
2025-11-15 16:25:58,487 [INFO] perception.detector: Loading YOLO model 'yolo11n.pt' on device 'cuda'
2025-11-15 16:25:59,495 [INFO] perception.detector: YOLO model loaded in FP16 on CUDA
2025-11-15 16:25:59,495 [INFO] perception.detector: YOLO model ready
2025-11-15 16:25:59,495 [INFO] perception.perception_engine: Phase-1 PerceptionEngine initialized.
2025-11-15 16:25:59,495 [INFO] gaitguard.device: Using CUDA device: NVIDIA GeForce RTX 3050 6GB Laptop GPU
2025-11-15 16:25:59,505 [INFO] face.config: FaceConfig initialised | device=cuda half=True | gallery=C:\Users\ildi\Desktop\GaitGuard\data\face_gallery.enc
2025-11-15 16:25:59,505 [INFO] face.detector_align: Initialising FaceDetectorAligner with model=retinaface_r50_v1 ctx_id=0 det_size=(640, 640)
2025-11-15 18:20:24,153 [INFO] gaitguard.device: Using CUDA device: NVIDIA GeForce RTX 3050 6GB Laptop GPU
2025-11-15 18:20:24,153 [INFO] gaitguard.main: Runtime device=cuda | half=True
2025-11-15 18:20:24,153 [INFO] perception.detector: Loading YOLO model 'yolo11n.pt' on device 'cuda'
2025-11-15 18:20:25,288 [INFO] perception.detector: YOLO model loaded in FP16 on CUDA
2025-11-15 18:20:25,288 [INFO] perception.detector: YOLO model ready
2025-11-15 18:20:25,289 [INFO] perception.perception_engine: Phase-1 PerceptionEngine initialized.
2025-11-15 18:20:25,289 [INFO] gaitguard.device: Using CUDA device: NVIDIA GeForce RTX 3050 6GB Laptop GPU
2025-11-15 18:20:25,289 [INFO] face.config: FaceConfig initialised | device=cuda half=True | gallery=C:\Users\ildi\Desktop\GaitGuard\data\face_gallery.enc
2025-11-15 18:20:25,289 [INFO] face.detector_align: Initialising FaceDetectorAligner with model=retinaface_r50_v1 ctx_id=0 det_size=(640, 640)
2025-11-15 18:32:42,740 [INFO] gaitguard.device: Using CUDA device: NVIDIA GeForce RTX 3050 6GB Laptop GPU
2025-11-15 18:32:42,740 [INFO] gaitguard.main: Runtime device=cuda | half=True
2025-11-15 18:32:42,740 [INFO] perception.detector: Loading YOLO model 'yolo11n.pt' on device 'cuda'
2025-11-15 18:32:43,761 [INFO] perception.detector: YOLO model loaded in FP16 on CUDA
2025-11-15 18:32:43,762 [INFO] perception.detector: YOLO model ready
2025-11-15 18:32:43,763 [INFO] perception.perception_engine: Phase-1 PerceptionEngine initialized.
2025-11-15 18:32:43,763 [INFO] gaitguard.device: Using CUDA device: NVIDIA GeForce RTX 3050 6GB Laptop GPU
2025-11-15 18:32:43,765 [INFO] face.config: FaceConfig initialised | device=cuda half=True | gallery=C:\Users\ildi\Desktop\GaitGuard\data\face_gallery.enc
2025-11-15 18:32:43,765 [INFO] face.detector_align: Initialising FaceDetectorAligner with model=retinaface_r50_v1 ctx_id=0 det_size=(640, 640)
2025-11-15 20:20:52,725 [INFO] gaitguard.device: Using CUDA device: NVIDIA GeForce RTX 3050 6GB Laptop GPU
2025-11-15 20:20:52,727 [INFO] gaitguard.main: Runtime device=cuda | half=True
2025-11-15 20:20:52,727 [INFO] perception.detector: Loading YOLO model 'yolo11n.pt' on device 'cuda'
2025-11-15 20:20:53,745 [INFO] perception.detector: YOLO model loaded in FP16 on CUDA
2025-11-15 20:20:53,745 [INFO] perception.detector: YOLO model ready
2025-11-15 20:20:53,745 [INFO] perception.perception_engine: Phase-1 PerceptionEngine initialized.
2025-11-15 20:20:53,745 [INFO] gaitguard.device: Using CUDA device: NVIDIA GeForce RTX 3050 6GB Laptop GPU
2025-11-15 20:20:53,748 [INFO] face.config: FaceConfig initialised | device=cuda half=True | gallery=C:\Users\ildi\Desktop\GaitGuard\data\face_gallery.enc
2025-11-15 20:20:53,748 [INFO] face.detector_align: Initialising FaceDetectorAligner with model=retinaface_r50_v1 ctx_id=0 det_size=(640, 640)
2025-11-15 21:33:27,028 [INFO] gaitguard.device: Using CUDA device: NVIDIA GeForce RTX 3050 6GB Laptop GPU
2025-11-15 21:33:27,028 [INFO] gaitguard.main: Runtime device=cuda | half=True
2025-11-15 21:33:27,028 [INFO] perception.detector: Loading YOLO model 'yolo11n.pt' on device 'cuda'
2025-11-15 21:33:28,075 [INFO] perception.detector: YOLO model loaded in FP16 on CUDA
2025-11-15 21:33:28,075 [INFO] perception.detector: YOLO model ready
2025-11-15 21:33:28,087 [INFO] perception.perception_engine: Phase-1 PerceptionEngine initialized.
2025-11-15 21:33:28,087 [INFO] gaitguard.device: Using CUDA device: NVIDIA GeForce RTX 3050 6GB Laptop GPU
2025-11-15 21:33:28,089 [INFO] face.config: FaceConfig initialised | device=cuda half=True | gallery=C:\Users\ildi\Desktop\GaitGuard\data\face_gallery.enc
2025-11-15 21:33:28,090 [INFO] face.detector_align: Initialising FaceDetectorAligner with pack=buffalo_l ctx_id=0 det_size=(640, 640) providers=['CUDAExecutionProvider', 'CPUExecutionProvider']
2025-11-15 21:34:42,158 [INFO] face.route: FaceRoute initialised | lookback=2.0s max_entries=30 every_n_frames=5
2025-11-15 21:34:42,158 [INFO] identity.identity_engine: FaceIdentityEngine initialised | strong_match_dist=0.900
2025-11-15 21:34:46,116 [INFO] gaitguard.main: GaitGuard pipeline (Phase-1 + Face 2A) started. Press ESC to exit.
2025-11-15 21:34:48,316 [INFO] gaitguard.main: FPS=13.9 | tracks=0 | alerts=0
2025-11-15 21:34:49,547 [INFO] gaitguard.main: FPS=17.7 | tracks=0 | alerts=0
2025-11-15 21:34:50,704 [INFO] gaitguard.main: FPS=19.8 | tracks=0 | alerts=0
2025-11-15 21:34:51,844 [INFO] gaitguard.main: FPS=21.1 | tracks=0 | alerts=0
2025-11-15 21:34:52,826 [INFO] gaitguard.main: FPS=22.4 | tracks=0 | alerts=0
2025-11-15 21:34:57,021 [INFO] gaitguard.main: FPS=16.5 | tracks=1 | alerts=0
2025-11-15 21:34:58,396 [INFO] gaitguard.main: FPS=17.1 | tracks=1 | alerts=0
2025-11-15 21:34:59,795 [INFO] gaitguard.main: FPS=17.6 | tracks=1 | alerts=0
2025-11-15 21:35:01,197 [INFO] gaitguard.main: FPS=17.9 | tracks=2 | alerts=0
2025-11-15 21:35:02,903 [INFO] gaitguard.main: FPS=18.0 | tracks=2 | alerts=0
2025-11-15 21:35:04,835 [INFO] gaitguard.main: FPS=17.8 | tracks=2 | alerts=0
2025-11-15 21:35:06,849 [INFO] gaitguard.main: FPS=17.4 | tracks=2 | alerts=0
2025-11-15 21:35:08,658 [INFO] gaitguard.main: FPS=17.4 | tracks=1 | alerts=0
2025-11-15 21:35:10,445 [INFO] gaitguard.main: FPS=17.3 | tracks=2 | alerts=0
2025-11-15 21:35:12,291 [INFO] gaitguard.main: FPS=17.3 | tracks=3 | alerts=0
2025-11-15 21:35:14,501 [INFO] gaitguard.main: FPS=16.9 | tracks=1 | alerts=0
2025-11-15 21:35:16,147 [INFO] gaitguard.main: FPS=17.0 | tracks=1 | alerts=0
2025-11-15 21:35:17,460 [INFO] gaitguard.main: FPS=17.2 | tracks=1 | alerts=0
2025-11-15 21:35:18,873 [INFO] gaitguard.main: FPS=17.4 | tracks=1 | alerts=0
2025-11-15 21:35:20,215 [INFO] gaitguard.main: FPS=17.6 | tracks=1 | alerts=0
2025-11-15 21:35:21,294 [INFO] gaitguard.main: FPS=17.9 | tracks=0 | alerts=0
2025-11-15 21:35:22,453 [INFO] gaitguard.main: FPS=18.2 | tracks=1 | alerts=0
2025-11-15 21:35:23,651 [INFO] gaitguard.main: FPS=18.4 | tracks=1 | alerts=0
2025-11-15 21:35:24,822 [INFO] gaitguard.main: FPS=18.6 | tracks=1 | alerts=0
2025-11-15 21:35:26,294 [INFO] gaitguard.main: FPS=18.7 | tracks=1 | alerts=0
2025-11-15 21:35:27,649 [INFO] gaitguard.main: FPS=18.8 | tracks=1 | alerts=0
2025-11-15 21:35:30,081 [INFO] gaitguard.main: FPS=18.4 | tracks=1 | alerts=0
2025-11-15 21:35:31,896 [INFO] gaitguard.main: FPS=18.4 | tracks=1 | alerts=0
2025-11-15 21:35:33,701 [INFO] gaitguard.main: FPS=18.3 | tracks=1 | alerts=0
2025-11-15 21:35:35,515 [INFO] gaitguard.main: FPS=18.2 | tracks=1 | alerts=0
2025-11-15 21:35:37,317 [INFO] gaitguard.main: FPS=18.2 | tracks=1 | alerts=0
2025-11-15 21:35:39,045 [INFO] gaitguard.main: FPS=18.1 | tracks=1 | alerts=0
2025-11-15 21:35:40,246 [INFO] gaitguard.main: FPS=18.3 | tracks=1 | alerts=0
2025-11-15 21:35:41,448 [INFO] gaitguard.main: FPS=18.4 | tracks=1 | alerts=0
2025-11-15 21:35:42,720 [INFO] gaitguard.main: FPS=18.6 | tracks=1 | alerts=0
2025-11-15 21:35:43,986 [INFO] gaitguard.main: FPS=18.7 | tracks=1 | alerts=0
2025-11-15 21:35:45,298 [INFO] gaitguard.main: FPS=18.8 | tracks=1 | alerts=0
2025-11-15 21:35:46,119 [INFO] gaitguard.main: GaitGuard pipeline stopped.
2025-11-15 21:37:58,261 [INFO] gaitguard.device: Using CUDA device: NVIDIA GeForce RTX 3050 6GB Laptop GPU
2025-11-15 21:37:58,270 [INFO] gaitguard.main: Runtime device=cuda | half=True
2025-11-15 21:37:58,270 [INFO] perception.detector: Loading YOLO model 'yolo11n.pt' on device 'cuda'
2025-11-15 21:37:59,415 [INFO] perception.detector: YOLO model loaded in FP16 on CUDA
2025-11-15 21:37:59,415 [INFO] perception.detector: YOLO model ready
2025-11-15 21:37:59,415 [INFO] perception.perception_engine: Phase-1 PerceptionEngine initialized.
2025-11-15 21:37:59,415 [INFO] gaitguard.device: Using CUDA device: NVIDIA GeForce RTX 3050 6GB Laptop GPU
2025-11-15 21:37:59,416 [INFO] face.config: FaceConfig initialised | device=cuda half=True | gallery=C:\Users\ildi\Desktop\GaitGuard\data\face_gallery.enc
2025-11-15 21:37:59,416 [INFO] face.detector_align: Initialising FaceDetectorAligner with pack=buffalo_l ctx_id=0 det_size=(640, 640) providers=['CUDAExecutionProvider', 'CPUExecutionProvider']
2025-11-15 21:38:00,507 [INFO] face.route: FaceRoute initialised | lookback=2.0s max_entries=30 every_n_frames=5
2025-11-15 21:38:00,509 [INFO] identity.identity_engine: FaceIdentityEngine initialised | strong_match_dist=0.900
2025-11-15 21:38:03,402 [INFO] gaitguard.main: GaitGuard pipeline (Phase-1 + Face 2A) started. Press ESC to exit.
2025-11-15 21:38:41,641 [INFO] gaitguard.main: GaitGuard pipeline stopped.
2025-11-15 21:38:56,751 [INFO] gaitguard.device: Using CUDA device: NVIDIA GeForce RTX 3050 6GB Laptop GPU
2025-11-15 21:38:56,751 [INFO] gaitguard.main: Runtime device=cuda | half=True
2025-11-15 21:38:56,751 [INFO] perception.detector: Loading YOLO model 'yolo11n.pt' on device 'cuda'
2025-11-15 21:38:57,775 [INFO] perception.detector: YOLO model loaded in FP16 on CUDA
2025-11-15 21:38:57,776 [INFO] perception.detector: YOLO model ready
2025-11-15 21:38:57,778 [INFO] perception.perception_engine: Phase-1 PerceptionEngine initialized.
2025-11-15 21:38:57,778 [INFO] gaitguard.device: Using CUDA device: NVIDIA GeForce RTX 3050 6GB Laptop GPU
2025-11-15 21:38:57,779 [INFO] face.config: FaceConfig initialised | device=cuda half=True | gallery=C:\Users\ildi\Desktop\GaitGuard\data\face_gallery.enc
2025-11-15 21:38:57,780 [INFO] face.detector_align: Initialising FaceDetectorAligner with pack=buffalo_l ctx_id=0 det_size=(640, 640) providers=['CUDAExecutionProvider', 'CPUExecutionProvider']
2025-11-15 21:38:58,726 [INFO] face.route: FaceRoute initialised | lookback=2.0s max_entries=30 every_n_frames=5
2025-11-15 21:38:58,726 [INFO] identity.identity_engine: FaceIdentityEngine initialised | strong_match_dist=0.900
2025-11-15 21:39:02,403 [INFO] gaitguard.main: GaitGuard pipeline (Phase-1 + Face 2A) started. Press ESC to exit.
2025-11-15 21:39:05,177 [INFO] gaitguard.main: FPS=10.9 | tracks=1 | alerts=0
2025-11-15 21:39:06,637 [INFO] gaitguard.main: FPS=14.3 | tracks=1 | alerts=0
2025-11-15 21:39:08,045 [INFO] gaitguard.main: FPS=16.0 | tracks=1 | alerts=0
2025-11-15 21:39:09,799 [INFO] gaitguard.main: FPS=16.3 | tracks=1 | alerts=0
2025-11-15 21:39:11,692 [INFO] gaitguard.main: FPS=16.2 | tracks=1 | alerts=0
2025-11-15 21:39:13,518 [INFO] gaitguard.main: FPS=16.2 | tracks=1 | alerts=0
2025-11-15 21:39:15,332 [INFO] gaitguard.main: FPS=16.3 | tracks=1 | alerts=0
2025-11-15 21:39:17,157 [INFO] gaitguard.main: FPS=16.3 | tracks=1 | alerts=0
2025-11-15 21:39:19,000 [INFO] gaitguard.main: FPS=16.3 | tracks=1 | alerts=0
2025-11-15 21:39:20,788 [INFO] gaitguard.main: FPS=16.3 | tracks=1 | alerts=0
2025-11-15 21:39:22,655 [INFO] gaitguard.main: FPS=16.3 | tracks=1 | alerts=0
2025-11-15 21:39:24,518 [INFO] gaitguard.main: FPS=16.3 | tracks=1 | alerts=0
2025-11-15 21:39:26,336 [INFO] gaitguard.main: FPS=16.3 | tracks=1 | alerts=0
2025-11-15 21:39:28,166 [INFO] gaitguard.main: FPS=16.3 | tracks=2 | alerts=0
2025-11-15 21:39:30,172 [INFO] gaitguard.main: FPS=16.2 | tracks=2 | alerts=0
2025-11-15 21:39:32,056 [INFO] gaitguard.main: FPS=16.2 | tracks=3 | alerts=0
2025-11-15 21:39:34,126 [INFO] gaitguard.main: FPS=16.1 | tracks=3 | alerts=0
2025-11-15 21:39:36,090 [INFO] gaitguard.main: FPS=16.0 | tracks=3 | alerts=0
2025-11-15 21:39:38,127 [INFO] gaitguard.main: FPS=16.0 | tracks=1 | alerts=0
2025-11-15 21:39:39,969 [INFO] gaitguard.main: FPS=16.0 | tracks=1 | alerts=0
2025-11-15 21:39:41,961 [INFO] gaitguard.main: FPS=15.9 | tracks=1 | alerts=0
2025-11-15 21:39:43,933 [INFO] gaitguard.main: FPS=15.9 | tracks=1 | alerts=0
2025-11-15 21:39:45,837 [INFO] gaitguard.main: FPS=15.9 | tracks=1 | alerts=0
2025-11-15 21:39:47,805 [INFO] gaitguard.main: FPS=15.9 | tracks=1 | alerts=0
2025-11-15 21:39:49,721 [INFO] gaitguard.main: FPS=15.9 | tracks=1 | alerts=0
2025-11-15 21:39:51,574 [INFO] gaitguard.main: FPS=15.9 | tracks=1 | alerts=0
2025-11-15 21:39:53,374 [INFO] gaitguard.main: FPS=15.9 | tracks=1 | alerts=0
2025-11-15 21:39:55,190 [INFO] gaitguard.main: FPS=15.9 | tracks=1 | alerts=0
2025-11-15 21:39:57,071 [INFO] gaitguard.main: FPS=15.9 | tracks=1 | alerts=0
2025-11-15 21:39:58,868 [INFO] gaitguard.main: FPS=15.9 | tracks=1 | alerts=0
2025-11-15 21:40:00,680 [INFO] gaitguard.main: FPS=16.0 | tracks=1 | alerts=0
2025-11-15 21:40:02,475 [INFO] gaitguard.main: FPS=16.0 | tracks=1 | alerts=0
2025-11-15 21:40:04,384 [INFO] gaitguard.main: FPS=16.0 | tracks=1 | alerts=0
2025-11-15 21:40:05,263 [INFO] gaitguard.main: GaitGuard pipeline stopped.
2025-11-15 21:43:38,140 [INFO] gaitguard.device: Using CUDA device: NVIDIA GeForce RTX 3050 6GB Laptop GPU
2025-11-15 21:43:38,140 [INFO] gaitguard.main: Runtime device=cuda | half=True
2025-11-15 21:43:38,140 [INFO] perception.detector: Loading YOLO model 'yolo11n.pt' on device 'cuda'
2025-11-15 21:43:39,193 [INFO] perception.detector: YOLO model loaded in FP16 on CUDA
2025-11-15 21:43:39,193 [INFO] perception.detector: YOLO model ready
2025-11-15 21:43:39,193 [INFO] perception.perception_engine: Phase-1 PerceptionEngine initialized.
2025-11-15 21:43:39,195 [INFO] gaitguard.device: Using CUDA device: NVIDIA GeForce RTX 3050 6GB Laptop GPU
2025-11-15 21:43:39,196 [INFO] face.config: FaceConfig initialised | device=cuda half=True | gallery=C:\Users\ildi\Desktop\GaitGuard\data\face_gallery.enc
2025-11-15 21:43:39,196 [INFO] face.detector_align: Initialising FaceDetectorAligner with pack=buffalo_l ctx_id=0 det_size=(640, 640) providers=['CUDAExecutionProvider', 'CPUExecutionProvider']
2025-11-15 21:43:40,131 [INFO] face.route: FaceRoute initialised | lookback=2.0s max_entries=30 every_n_frames=5
2025-11-15 21:43:40,131 [INFO] identity.identity_engine: FaceIdentityEngine initialised | strong_match_dist=0.900
2025-11-15 21:43:45,210 [INFO] gaitguard.main: GaitGuard pipeline (Phase-1 + Face 2A) started. Press ESC to exit.
2025-11-15 21:43:47,319 [INFO] gaitguard.main: FPS=14.5 | tracks=1 | alerts=0
2025-11-15 21:43:49,058 [INFO] gaitguard.main: FPS=15.7 | tracks=1 | alerts=0
2025-11-15 21:43:50,456 [INFO] gaitguard.main: FPS=17.3 | tracks=1 | alerts=0
2025-11-15 21:43:51,867 [INFO] gaitguard.main: FPS=18.1 | tracks=1 | alerts=0
2025-11-15 21:43:53,181 [INFO] gaitguard.main: FPS=18.9 | tracks=1 | alerts=0
2025-11-15 21:43:54,549 [INFO] gaitguard.main: FPS=19.3 | tracks=1 | alerts=0
2025-11-15 21:43:55,824 [INFO] gaitguard.main: FPS=19.8 | tracks=1 | alerts=0
2025-11-15 21:43:57,181 [INFO] gaitguard.main: FPS=20.1 | tracks=1 | alerts=0
2025-11-15 21:43:58,374 [INFO] gaitguard.main: FPS=20.6 | tracks=1 | alerts=0
2025-11-15 21:43:59,712 [INFO] gaitguard.main: FPS=20.7 | tracks=1 | alerts=0
2025-11-15 21:44:01,056 [INFO] gaitguard.main: FPS=20.9 | tracks=1 | alerts=0
2025-11-15 21:44:02,299 [INFO] gaitguard.main: FPS=21.1 | tracks=1 | alerts=0
2025-11-15 21:44:03,776 [INFO] gaitguard.main: FPS=21.0 | tracks=1 | alerts=0
2025-11-15 21:44:05,320 [INFO] gaitguard.main: FPS=20.9 | tracks=1 | alerts=0
2025-11-15 21:44:06,931 [INFO] gaitguard.main: FPS=20.7 | tracks=1 | alerts=0
2025-11-15 21:44:08,669 [INFO] gaitguard.main: FPS=20.5 | tracks=1 | alerts=0
2025-11-15 21:44:10,468 [INFO] gaitguard.main: FPS=20.2 | tracks=1 | alerts=0
2025-11-15 21:44:12,328 [INFO] gaitguard.main: FPS=19.9 | tracks=1 | alerts=0
2025-11-15 21:44:16,886 [INFO] gaitguard.main: FPS=18.0 | tracks=1 | alerts=0
2025-11-15 21:44:18,679 [INFO] gaitguard.main: FPS=17.9 | tracks=1 | alerts=0
2025-11-15 21:44:20,507 [INFO] gaitguard.main: FPS=17.9 | tracks=1 | alerts=0
2025-11-15 21:44:22,347 [INFO] gaitguard.main: FPS=17.8 | tracks=1 | alerts=0
2025-11-15 21:44:24,096 [INFO] gaitguard.main: FPS=17.8 | tracks=1 | alerts=0
2025-11-15 21:44:25,721 [INFO] gaitguard.main: FPS=17.8 | tracks=1 | alerts=0
2025-11-15 21:44:27,522 [INFO] gaitguard.main: FPS=17.7 | tracks=1 | alerts=0
2025-11-15 21:44:29,388 [INFO] gaitguard.main: FPS=17.7 | tracks=1 | alerts=0
2025-11-15 21:44:31,472 [INFO] gaitguard.main: FPS=17.5 | tracks=1 | alerts=0
2025-11-15 21:44:33,644 [INFO] gaitguard.main: FPS=17.4 | tracks=1 | alerts=0
2025-11-15 21:44:35,735 [INFO] gaitguard.main: FPS=17.2 | tracks=1 | alerts=0
2025-11-15 21:44:37,754 [INFO] gaitguard.main: FPS=17.1 | tracks=1 | alerts=0
2025-11-15 21:44:39,869 [INFO] gaitguard.main: FPS=17.0 | tracks=1 | alerts=0
2025-11-15 21:44:41,888 [INFO] gaitguard.main: FPS=16.9 | tracks=1 | alerts=0
2025-11-15 21:44:44,016 [INFO] gaitguard.main: FPS=16.8 | tracks=1 | alerts=0
2025-11-15 21:44:46,033 [INFO] gaitguard.main: FPS=16.8 | tracks=1 | alerts=0
2025-11-15 21:44:48,114 [INFO] gaitguard.main: FPS=16.7 | tracks=1 | alerts=0
2025-11-15 21:44:50,228 [INFO] gaitguard.main: FPS=16.6 | tracks=1 | alerts=0
2025-11-15 21:44:52,301 [INFO] gaitguard.main: FPS=16.6 | tracks=1 | alerts=0
2025-11-15 21:44:54,346 [INFO] gaitguard.main: FPS=16.5 | tracks=1 | alerts=0
2025-11-15 21:44:56,392 [INFO] gaitguard.main: FPS=16.4 | tracks=1 | alerts=0
2025-11-15 21:44:58,271 [INFO] gaitguard.main: FPS=16.4 | tracks=1 | alerts=0
2025-11-15 21:45:00,310 [INFO] gaitguard.main: FPS=16.4 | tracks=1 | alerts=0
2025-11-15 21:45:02,351 [INFO] gaitguard.main: FPS=16.3 | tracks=1 | alerts=0
2025-11-15 21:45:04,399 [INFO] gaitguard.main: FPS=16.3 | tracks=1 | alerts=0
2025-11-15 21:45:06,521 [INFO] gaitguard.main: FPS=16.2 | tracks=1 | alerts=0
2025-11-15 21:45:08,678 [INFO] gaitguard.main: FPS=16.2 | tracks=1 | alerts=0
2025-11-15 21:45:10,761 [INFO] gaitguard.main: FPS=16.1 | tracks=1 | alerts=0
2025-11-15 21:45:12,875 [INFO] gaitguard.main: FPS=16.1 | tracks=1 | alerts=0
2025-11-15 21:45:14,908 [INFO] gaitguard.main: FPS=16.1 | tracks=1 | alerts=0
2025-11-15 21:45:16,931 [INFO] gaitguard.main: FPS=16.0 | tracks=1 | alerts=0
2025-11-15 21:45:19,068 [INFO] gaitguard.main: FPS=16.0 | tracks=1 | alerts=0
2025-11-15 21:45:21,224 [INFO] gaitguard.main: FPS=15.9 | tracks=1 | alerts=0
2025-11-15 21:45:23,224 [INFO] gaitguard.main: FPS=15.9 | tracks=1 | alerts=0
2025-11-15 21:45:25,244 [INFO] gaitguard.main: FPS=15.9 | tracks=1 | alerts=0
2025-11-15 21:45:27,269 [INFO] gaitguard.main: FPS=15.9 | tracks=1 | alerts=0
2025-11-15 21:45:29,348 [INFO] gaitguard.main: FPS=15.8 | tracks=1 | alerts=0
2025-11-15 21:45:31,445 [INFO] gaitguard.main: FPS=15.8 | tracks=1 | alerts=0
2025-11-15 21:45:33,517 [INFO] gaitguard.main: FPS=15.8 | tracks=1 | alerts=0
2025-11-15 21:45:35,679 [INFO] gaitguard.main: FPS=15.8 | tracks=1 | alerts=0
2025-11-15 21:45:37,539 [INFO] gaitguard.main: FPS=15.8 | tracks=1 | alerts=0
2025-11-15 21:45:39,428 [INFO] gaitguard.main: FPS=15.8 | tracks=1 | alerts=0
2025-11-15 21:45:41,334 [INFO] gaitguard.main: FPS=15.8 | tracks=1 | alerts=0
2025-11-15 21:45:43,242 [INFO] gaitguard.main: FPS=15.8 | tracks=1 | alerts=0
2025-11-15 21:45:45,090 [INFO] gaitguard.main: FPS=15.8 | tracks=1 | alerts=0
2025-11-15 21:45:46,948 [INFO] gaitguard.main: FPS=15.8 | tracks=1 | alerts=0
2025-11-15 21:45:48,835 [INFO] gaitguard.main: FPS=15.8 | tracks=1 | alerts=0
2025-11-15 21:45:50,718 [INFO] gaitguard.main: FPS=15.8 | tracks=1 | alerts=0
2025-11-15 21:45:52,615 [INFO] gaitguard.main: FPS=15.8 | tracks=1 | alerts=0
2025-11-15 21:45:54,520 [INFO] gaitguard.main: FPS=15.8 | tracks=1 | alerts=0
2025-11-15 21:45:56,367 [INFO] gaitguard.main: FPS=15.8 | tracks=1 | alerts=0
2025-11-15 21:45:58,257 [INFO] gaitguard.main: FPS=15.8 | tracks=1 | alerts=0
2025-11-15 21:46:00,100 [INFO] gaitguard.main: FPS=15.8 | tracks=1 | alerts=0
2025-11-15 21:46:01,976 [INFO] gaitguard.main: FPS=15.8 | tracks=1 | alerts=0
2025-11-15 21:46:03,863 [INFO] gaitguard.main: FPS=15.8 | tracks=1 | alerts=0
2025-11-15 21:46:05,757 [INFO] gaitguard.main: FPS=15.8 | tracks=1 | alerts=0
2025-11-15 21:46:07,549 [INFO] gaitguard.main: FPS=15.8 | tracks=1 | alerts=0
2025-11-15 21:46:09,400 [INFO] gaitguard.main: FPS=15.8 | tracks=1 | alerts=0
2025-11-15 21:46:11,458 [INFO] gaitguard.main: FPS=15.8 | tracks=1 | alerts=0
2025-11-15 21:46:13,627 [INFO] gaitguard.main: FPS=15.8 | tracks=1 | alerts=0
2025-11-15 21:46:15,713 [INFO] gaitguard.main: FPS=15.8 | tracks=1 | alerts=0
2025-11-15 21:46:17,759 [INFO] gaitguard.main: FPS=15.7 | tracks=1 | alerts=0
2025-11-15 21:46:19,818 [INFO] gaitguard.main: FPS=15.7 | tracks=1 | alerts=0
2025-11-15 21:46:22,016 [INFO] gaitguard.main: FPS=15.7 | tracks=1 | alerts=0
2025-11-15 21:46:24,011 [INFO] gaitguard.main: FPS=15.7 | tracks=1 | alerts=0
2025-11-15 21:46:26,079 [INFO] gaitguard.main: FPS=15.7 | tracks=1 | alerts=0
2025-11-15 21:46:28,245 [INFO] gaitguard.main: FPS=15.6 | tracks=1 | alerts=0
2025-11-15 21:46:30,354 [INFO] gaitguard.main: FPS=15.6 | tracks=1 | alerts=0
2025-11-15 21:46:32,305 [INFO] gaitguard.main: FPS=15.6 | tracks=1 | alerts=0
2025-11-15 21:46:34,430 [INFO] gaitguard.main: FPS=15.6 | tracks=1 | alerts=0
2025-11-15 21:46:36,552 [INFO] gaitguard.main: FPS=15.6 | tracks=1 | alerts=0
2025-11-15 21:46:38,651 [INFO] gaitguard.main: FPS=15.6 | tracks=1 | alerts=0
2025-11-15 21:46:40,713 [INFO] gaitguard.main: FPS=15.6 | tracks=1 | alerts=0
2025-11-15 21:46:42,736 [INFO] gaitguard.main: FPS=15.5 | tracks=1 | alerts=0
2025-11-15 21:46:44,796 [INFO] gaitguard.main: FPS=15.5 | tracks=1 | alerts=0
2025-11-15 21:46:46,893 [INFO] gaitguard.main: FPS=15.5 | tracks=1 | alerts=0
2025-11-15 21:46:49,059 [INFO] gaitguard.main: FPS=15.5 | tracks=1 | alerts=0
2025-11-15 21:46:51,215 [INFO] gaitguard.main: FPS=15.5 | tracks=1 | alerts=0
2025-11-15 21:46:53,235 [INFO] gaitguard.main: FPS=15.5 | tracks=1 | alerts=0
2025-11-15 21:46:55,277 [INFO] gaitguard.main: FPS=15.5 | tracks=1 | alerts=0
2025-11-15 21:46:57,357 [INFO] gaitguard.main: FPS=15.5 | tracks=1 | alerts=0
2025-11-15 21:46:59,468 [INFO] gaitguard.main: FPS=15.4 | tracks=1 | alerts=0
2025-11-15 21:47:01,311 [INFO] gaitguard.main: FPS=15.5 | tracks=1 | alerts=0
2025-11-15 21:47:02,936 [INFO] gaitguard.main: GaitGuard pipeline stopped.
2025-11-15 23:17:21,877 [INFO] gaitguard.device: Using CUDA device: NVIDIA GeForce RTX 3050 6GB Laptop GPU
2025-11-15 23:17:21,877 [INFO] gaitguard.main: Runtime device=cuda | half=True
2025-11-15 23:17:21,877 [INFO] perception.detector: Loading YOLO model 'yolo11n.pt' on device 'cuda'
2025-11-15 23:17:23,006 [INFO] perception.detector: YOLO model loaded in FP16 on CUDA
2025-11-15 23:17:23,006 [INFO] perception.detector: YOLO model ready
2025-11-15 23:17:23,006 [INFO] perception.perception_engine: Phase-1 PerceptionEngine initialized.
2025-11-15 23:17:23,006 [INFO] gaitguard.device: Using CUDA device: NVIDIA GeForce RTX 3050 6GB Laptop GPU
2025-11-15 23:17:23,011 [INFO] face.config: FaceConfig initialised | device=cuda half=True | gallery=C:\Users\ildi\Desktop\GaitGuard\data\face_gallery.enc
2025-11-15 23:17:23,011 [INFO] face.detector_align: Initialising FaceDetectorAligner with pack=buffalo_l ctx_id=0 det_size=(640, 640) providers=['CUDAExecutionProvider', 'CPUExecutionProvider']
2025-11-15 23:17:23,950 [INFO] face.route: FaceRoute initialised | lookback=2.0s max_entries=30 every_n_frames=5
2025-11-15 23:17:23,950 [INFO] identity.identity_engine: FaceIdentityEngine initialised | strong_match_dist=0.900
2025-11-15 23:17:29,349 [INFO] gaitguard.main: GaitGuard pipeline (Phase-1 + Face 2A) started. Press ESC to exit.
2025-11-15 23:17:30,969 [INFO] gaitguard.main: FPS=18.9 | tracks=0 | alerts=0
2025-11-15 23:17:31,961 [INFO] gaitguard.main: FPS=23.3 | tracks=0 | alerts=0
2025-11-15 23:17:32,931 [INFO] gaitguard.main: FPS=25.3 | tracks=0 | alerts=0
2025-11-15 23:17:33,922 [INFO] gaitguard.main: FPS=26.4 | tracks=0 | alerts=0
2025-11-15 23:17:34,913 [INFO] gaitguard.main: FPS=27.1 | tracks=0 | alerts=0
2025-11-15 23:17:35,903 [INFO] gaitguard.main: FPS=27.6 | tracks=0 | alerts=0
2025-11-15 23:17:36,883 [INFO] gaitguard.main: FPS=28.0 | tracks=0 | alerts=0
2025-11-15 23:17:37,875 [INFO] gaitguard.main: FPS=28.2 | tracks=0 | alerts=0
2025-11-15 23:17:38,869 [INFO] gaitguard.main: FPS=28.4 | tracks=0 | alerts=0
2025-11-15 23:17:39,843 [INFO] gaitguard.main: FPS=28.7 | tracks=0 | alerts=0
2025-11-15 23:17:40,837 [INFO] gaitguard.main: FPS=28.8 | tracks=0 | alerts=0
2025-11-15 23:17:41,828 [INFO] gaitguard.main: FPS=28.9 | tracks=0 | alerts=0
2025-11-15 23:17:42,820 [INFO] gaitguard.main: FPS=29.0 | tracks=0 | alerts=0
2025-11-15 23:17:43,793 [INFO] gaitguard.main: FPS=29.1 | tracks=0 | alerts=0
2025-11-15 23:17:44,785 [INFO] gaitguard.main: FPS=29.2 | tracks=0 | alerts=0
2025-11-15 23:17:45,778 [INFO] gaitguard.main: FPS=29.3 | tracks=0 | alerts=0
2025-11-15 23:17:46,769 [INFO] gaitguard.main: FPS=29.3 | tracks=0 | alerts=0
2025-11-15 23:17:47,745 [INFO] gaitguard.main: FPS=29.4 | tracks=0 | alerts=0
2025-11-15 23:17:48,738 [INFO] gaitguard.main: FPS=29.4 | tracks=0 | alerts=0
2025-11-15 23:17:49,729 [INFO] gaitguard.main: FPS=29.5 | tracks=0 | alerts=0
2025-11-15 23:17:50,721 [INFO] gaitguard.main: FPS=29.5 | tracks=0 | alerts=0
2025-11-15 23:17:51,703 [INFO] gaitguard.main: FPS=29.6 | tracks=0 | alerts=0
2025-11-15 23:17:52,688 [INFO] gaitguard.main: FPS=29.6 | tracks=0 | alerts=0
2025-11-15 23:17:53,680 [INFO] gaitguard.main: FPS=29.6 | tracks=0 | alerts=0
2025-11-15 23:17:54,675 [INFO] gaitguard.main: FPS=29.6 | tracks=0 | alerts=0
2025-11-15 23:17:55,651 [INFO] gaitguard.main: FPS=29.7 | tracks=0 | alerts=0
2025-11-15 23:17:56,644 [INFO] gaitguard.main: FPS=29.7 | tracks=0 | alerts=0
2025-11-15 23:17:57,632 [INFO] gaitguard.main: FPS=29.7 | tracks=0 | alerts=0
2025-11-15 23:17:58,614 [INFO] gaitguard.main: FPS=29.8 | tracks=0 | alerts=0
2025-11-15 23:17:59,605 [INFO] gaitguard.main: FPS=29.8 | tracks=0 | alerts=0
2025-11-15 23:18:00,595 [INFO] gaitguard.main: FPS=29.8 | tracks=0 | alerts=0
2025-11-15 23:18:01,585 [INFO] gaitguard.main: FPS=29.8 | tracks=0 | alerts=0
2025-11-15 23:18:02,562 [INFO] gaitguard.main: FPS=29.8 | tracks=0 | alerts=0
2025-11-15 23:18:03,552 [INFO] gaitguard.main: FPS=29.8 | tracks=0 | alerts=0
2025-11-15 23:18:04,545 [INFO] gaitguard.main: FPS=29.9 | tracks=0 | alerts=0
2025-11-15 23:18:05,545 [INFO] gaitguard.main: FPS=29.9 | tracks=0 | alerts=0
2025-11-15 23:18:06,516 [INFO] gaitguard.main: FPS=29.9 | tracks=0 | alerts=0
2025-11-15 23:18:07,504 [INFO] gaitguard.main: FPS=29.9 | tracks=0 | alerts=0
2025-11-15 23:18:08,501 [INFO] gaitguard.main: FPS=29.9 | tracks=0 | alerts=0
2025-11-15 23:18:09,491 [INFO] gaitguard.main: FPS=29.9 | tracks=0 | alerts=0
2025-11-15 23:18:10,465 [INFO] gaitguard.main: FPS=29.9 | tracks=0 | alerts=0
2025-11-15 23:18:11,468 [INFO] gaitguard.main: FPS=29.9 | tracks=0 | alerts=0
2025-11-15 23:18:12,456 [INFO] gaitguard.main: FPS=29.9 | tracks=0 | alerts=0
2025-11-15 23:18:13,449 [INFO] gaitguard.main: FPS=30.0 | tracks=0 | alerts=0
2025-11-15 23:18:14,416 [INFO] gaitguard.main: FPS=30.0 | tracks=0 | alerts=0
2025-11-15 23:18:15,412 [INFO] gaitguard.main: FPS=30.0 | tracks=0 | alerts=0
2025-11-15 23:18:16,401 [INFO] gaitguard.main: FPS=30.0 | tracks=0 | alerts=0
2025-11-15 23:18:17,394 [INFO] gaitguard.main: FPS=30.0 | tracks=0 | alerts=0
2025-11-15 23:18:18,375 [INFO] gaitguard.main: FPS=30.0 | tracks=0 | alerts=0
2025-11-15 23:18:19,361 [INFO] gaitguard.main: FPS=30.0 | tracks=0 | alerts=0
2025-11-15 23:18:20,352 [INFO] gaitguard.main: FPS=30.0 | tracks=0 | alerts=0
2025-11-15 23:18:21,330 [INFO] gaitguard.main: FPS=30.0 | tracks=0 | alerts=0
2025-11-15 23:18:22,321 [INFO] gaitguard.main: FPS=30.0 | tracks=0 | alerts=0
2025-11-15 23:18:23,312 [INFO] gaitguard.main: FPS=30.0 | tracks=0 | alerts=0
2025-11-15 23:18:24,305 [INFO] gaitguard.main: FPS=30.0 | tracks=0 | alerts=0
2025-11-15 23:18:25,287 [INFO] gaitguard.main: FPS=30.0 | tracks=0 | alerts=0
2025-11-15 23:18:26,273 [INFO] gaitguard.main: FPS=30.1 | tracks=0 | alerts=0
2025-11-15 23:18:27,269 [INFO] gaitguard.main: FPS=30.1 | tracks=0 | alerts=0
2025-11-15 23:18:28,266 [INFO] gaitguard.main: FPS=30.1 | tracks=0 | alerts=0
2025-11-15 23:18:29,237 [INFO] gaitguard.main: FPS=30.1 | tracks=0 | alerts=0
2025-11-15 23:18:30,227 [INFO] gaitguard.main: FPS=30.1 | tracks=0 | alerts=0
2025-11-15 23:18:31,222 [INFO] gaitguard.main: FPS=30.1 | tracks=0 | alerts=0
2025-11-15 23:18:32,208 [INFO] gaitguard.main: FPS=30.1 | tracks=0 | alerts=0
2025-11-15 23:18:33,187 [INFO] gaitguard.main: FPS=30.1 | tracks=0 | alerts=0
2025-11-15 23:18:34,178 [INFO] gaitguard.main: FPS=30.1 | tracks=0 | alerts=0
2025-11-15 23:18:35,170 [INFO] gaitguard.main: FPS=30.1 | tracks=0 | alerts=0
2025-11-15 23:18:36,161 [INFO] gaitguard.main: FPS=30.1 | tracks=0 | alerts=0
2025-11-15 23:18:37,138 [INFO] gaitguard.main: FPS=30.1 | tracks=0 | alerts=0
2025-11-15 23:18:38,133 [INFO] gaitguard.main: FPS=30.1 | tracks=0 | alerts=0
2025-11-15 23:18:39,125 [INFO] gaitguard.main: FPS=30.1 | tracks=0 | alerts=0
2025-11-15 23:18:40,117 [INFO] gaitguard.main: FPS=30.1 | tracks=0 | alerts=0
2025-11-15 23:18:41,089 [INFO] gaitguard.main: FPS=30.1 | tracks=0 | alerts=0
2025-11-15 23:18:42,082 [INFO] gaitguard.main: FPS=30.1 | tracks=0 | alerts=0
2025-11-15 23:18:43,077 [INFO] gaitguard.main: FPS=30.1 | tracks=0 | alerts=0
2025-11-15 23:18:44,050 [INFO] gaitguard.main: FPS=30.1 | tracks=0 | alerts=0
2025-11-15 23:18:45,044 [INFO] gaitguard.main: FPS=30.1 | tracks=0 | alerts=0
2025-11-15 23:18:46,035 [INFO] gaitguard.main: FPS=30.1 | tracks=0 | alerts=0
2025-11-15 23:18:47,027 [INFO] gaitguard.main: FPS=30.1 | tracks=0 | alerts=0
2025-11-15 23:18:48,005 [INFO] gaitguard.main: FPS=30.1 | tracks=0 | alerts=0
2025-11-15 23:18:48,996 [INFO] gaitguard.main: FPS=30.1 | tracks=0 | alerts=0
2025-11-15 23:18:49,987 [INFO] gaitguard.main: FPS=30.1 | tracks=0 | alerts=0
2025-11-15 23:18:50,979 [INFO] gaitguard.main: FPS=30.1 | tracks=0 | alerts=0
2025-11-15 23:18:51,956 [INFO] gaitguard.main: FPS=30.2 | tracks=0 | alerts=0
2025-11-15 23:18:52,947 [INFO] gaitguard.main: FPS=30.2 | tracks=0 | alerts=0
2025-11-15 23:18:53,937 [INFO] gaitguard.main: FPS=30.2 | tracks=0 | alerts=0
2025-11-15 23:18:54,934 [INFO] gaitguard.main: FPS=30.2 | tracks=0 | alerts=0
2025-11-15 23:18:55,907 [INFO] gaitguard.main: FPS=30.2 | tracks=0 | alerts=0
2025-11-15 23:18:56,898 [INFO] gaitguard.main: FPS=30.2 | tracks=0 | alerts=0
2025-11-15 23:18:57,899 [INFO] gaitguard.main: FPS=30.2 | tracks=0 | alerts=0
2025-11-15 23:18:58,882 [INFO] gaitguard.main: FPS=30.2 | tracks=0 | alerts=0
2025-11-15 23:18:59,859 [INFO] gaitguard.main: FPS=30.2 | tracks=0 | alerts=0
2025-11-15 23:19:00,850 [INFO] gaitguard.main: FPS=30.2 | tracks=0 | alerts=0
2025-11-15 23:19:01,847 [INFO] gaitguard.main: FPS=30.2 | tracks=0 | alerts=0
2025-11-15 23:19:02,834 [INFO] gaitguard.main: FPS=30.2 | tracks=0 | alerts=0
2025-11-15 23:19:03,810 [INFO] gaitguard.main: FPS=30.2 | tracks=0 | alerts=0
2025-11-15 23:19:04,804 [INFO] gaitguard.main: FPS=30.2 | tracks=0 | alerts=0
2025-11-15 23:19:05,794 [INFO] gaitguard.main: FPS=30.2 | tracks=0 | alerts=0
2025-11-15 23:19:06,772 [INFO] gaitguard.main: FPS=30.2 | tracks=0 | alerts=0
2025-11-15 23:19:07,764 [INFO] gaitguard.main: FPS=30.2 | tracks=0 | alerts=0
2025-11-15 23:19:08,754 [INFO] gaitguard.main: FPS=30.2 | tracks=0 | alerts=0
2025-11-15 23:19:09,747 [INFO] gaitguard.main: FPS=30.2 | tracks=0 | alerts=0
2025-11-15 23:19:10,723 [INFO] gaitguard.main: FPS=30.2 | tracks=0 | alerts=0
2025-11-15 23:19:11,718 [INFO] gaitguard.main: FPS=30.2 | tracks=0 | alerts=0
2025-11-15 23:19:12,709 [INFO] gaitguard.main: FPS=30.2 | tracks=0 | alerts=0
2025-11-15 23:19:13,712 [INFO] gaitguard.main: FPS=30.2 | tracks=0 | alerts=0
2025-11-15 23:19:14,677 [INFO] gaitguard.main: FPS=30.2 | tracks=0 | alerts=0
2025-11-15 23:19:15,667 [INFO] gaitguard.main: FPS=30.2 | tracks=0 | alerts=0
2025-11-15 23:19:16,659 [INFO] gaitguard.main: FPS=30.2 | tracks=0 | alerts=0
2025-11-15 23:19:17,654 [INFO] gaitguard.main: FPS=30.2 | tracks=0 | alerts=0
2025-11-15 23:19:18,629 [INFO] gaitguard.main: FPS=30.2 | tracks=0 | alerts=0
2025-11-15 23:19:19,619 [INFO] gaitguard.main: FPS=30.2 | tracks=0 | alerts=0
2025-11-15 23:19:20,613 [INFO] gaitguard.main: FPS=30.2 | tracks=0 | alerts=0
2025-11-15 23:19:21,606 [INFO] gaitguard.main: FPS=30.2 | tracks=0 | alerts=0
2025-11-15 23:19:22,585 [INFO] gaitguard.main: FPS=30.2 | tracks=0 | alerts=0
2025-11-15 23:19:23,571 [INFO] gaitguard.main: FPS=30.2 | tracks=0 | alerts=0
2025-11-15 23:19:24,573 [INFO] gaitguard.main: FPS=30.2 | tracks=0 | alerts=0
2025-11-15 23:19:25,558 [INFO] gaitguard.main: FPS=30.2 | tracks=0 | alerts=0
2025-11-15 23:19:26,534 [INFO] gaitguard.main: FPS=30.2 | tracks=0 | alerts=0
2025-11-15 23:19:27,523 [INFO] gaitguard.main: FPS=30.2 | tracks=0 | alerts=0
2025-11-15 23:19:28,516 [INFO] gaitguard.main: FPS=30.2 | tracks=0 | alerts=0
2025-11-15 23:19:30,514 [INFO] gaitguard.main: FPS=30.0 | tracks=1 | alerts=0
2025-11-15 23:19:31,885 [INFO] gaitguard.main: FPS=29.9 | tracks=1 | alerts=0
2025-11-15 23:19:33,247 [INFO] gaitguard.main: FPS=29.8 | tracks=1 | alerts=0
2025-11-15 23:19:34,549 [INFO] gaitguard.main: FPS=29.7 | tracks=1 | alerts=0
2025-11-15 23:19:35,880 [INFO] gaitguard.main: FPS=29.6 | tracks=1 | alerts=0
2025-11-15 23:19:37,243 [INFO] gaitguard.main: FPS=29.6 | tracks=1 | alerts=0
2025-11-15 23:19:38,638 [INFO] gaitguard.main: FPS=29.5 | tracks=1 | alerts=0
2025-11-15 23:19:39,995 [INFO] gaitguard.main: FPS=29.4 | tracks=1 | alerts=0
2025-11-15 23:19:41,321 [INFO] gaitguard.main: FPS=29.3 | tracks=1 | alerts=0
2025-11-15 23:19:42,655 [INFO] gaitguard.main: FPS=29.3 | tracks=1 | alerts=0
2025-11-15 23:19:44,018 [INFO] gaitguard.main: FPS=29.2 | tracks=1 | alerts=0
2025-11-15 23:19:45,273 [INFO] gaitguard.main: FPS=29.1 | tracks=1 | alerts=0
2025-11-15 23:19:46,606 [INFO] gaitguard.main: FPS=29.1 | tracks=1 | alerts=0
2025-11-15 23:19:47,903 [INFO] gaitguard.main: FPS=29.0 | tracks=1 | alerts=0
2025-11-15 23:19:49,165 [INFO] gaitguard.main: FPS=29.0 | tracks=1 | alerts=0
2025-11-15 23:19:50,544 [INFO] gaitguard.main: FPS=28.9 | tracks=1 | alerts=0
2025-11-15 23:19:51,903 [INFO] gaitguard.main: FPS=28.8 | tracks=1 | alerts=0
2025-11-15 23:19:53,300 [INFO] gaitguard.main: FPS=28.8 | tracks=1 | alerts=0
2025-11-15 23:19:54,657 [INFO] gaitguard.main: FPS=28.7 | tracks=1 | alerts=0
2025-11-15 23:19:56,021 [INFO] gaitguard.main: FPS=28.6 | tracks=1 | alerts=0
2025-11-15 23:19:57,330 [INFO] gaitguard.main: FPS=28.6 | tracks=1 | alerts=0
2025-11-15 23:19:58,681 [INFO] gaitguard.main: FPS=28.5 | tracks=1 | alerts=0
2025-11-15 23:20:00,074 [INFO] gaitguard.main: FPS=28.5 | tracks=1 | alerts=0
2025-11-15 23:20:01,432 [INFO] gaitguard.main: FPS=28.4 | tracks=1 | alerts=0
2025-11-15 23:20:03,319 [INFO] gaitguard.main: GaitGuard pipeline stopped.
2025-11-15 23:49:11,645 [INFO] gaitguard.device: Using CUDA device: NVIDIA GeForce RTX 3050 6GB Laptop GPU
2025-11-15 23:49:11,645 [INFO] gaitguard.main: Runtime device=cuda | half=True
2025-11-15 23:49:11,645 [INFO] perception.detector: Loading YOLO model 'yolo11n.pt' on device 'cuda'
2025-11-15 23:49:12,719 [INFO] perception.detector: YOLO model loaded in FP16 on CUDA
2025-11-15 23:49:12,721 [INFO] perception.detector: YOLO model ready
2025-11-15 23:49:12,721 [INFO] perception.perception_engine: Phase-1 PerceptionEngine initialized.
2025-11-15 23:49:12,721 [INFO] gaitguard.device: Using CUDA device: NVIDIA GeForce RTX 3050 6GB Laptop GPU
2025-11-15 23:49:12,721 [INFO] face.config: FaceConfig initialised | device=cuda half=True | gallery=C:\Users\ildi\Desktop\GaitGuard\data\face_gallery.enc
2025-11-15 23:49:12,721 [INFO] face.detector_align: Initialising FaceDetectorAligner with pack=buffalo_l ctx_id=0 det_size=(640, 640) providers=['CUDAExecutionProvider', 'CPUExecutionProvider']
2025-11-15 23:49:13,682 [INFO] face.route: FaceRoute initialised | lookback=2.0s max_entries=30 every_n_frames=5
2025-11-15 23:49:13,682 [INFO] identity.crypto: Loaded AES key from env var 'GAITGUARD_FACE_KEY' (length=32 bytes).
2025-11-15 23:49:13,682 [INFO] identity.face_gallery: Face gallery loaded from C:\Users\ildi\Desktop\GaitGuard\data\face_gallery.enc (persons=1).
2025-11-15 23:49:13,682 [INFO] identity.identity_engine: FaceIdentityEngine initialised | strong_match_dist=0.900
2025-11-15 23:49:19,098 [INFO] gaitguard.main: GaitGuard pipeline (Phase-1 + Face 2A) started. Press ESC to exit.
2025-11-15 23:49:22,083 [INFO] gaitguard.main: FPS=10.1 | tracks=1 | alerts=0
2025-11-15 23:49:23,376 [INFO] gaitguard.main: FPS=14.1 | tracks=1 | alerts=0
2025-11-15 23:49:24,652 [INFO] gaitguard.main: FPS=16.3 | tracks=1 | alerts=0
2025-11-15 23:49:25,891 [INFO] gaitguard.main: FPS=17.7 | tracks=1 | alerts=0
2025-11-15 23:49:26,904 [INFO] identity.face_gallery: Face gallery FAISS index rebuilt (templates=5).
2025-11-15 23:49:27,194 [INFO] gaitguard.main: FPS=18.6 | tracks=1 | alerts=0
2025-11-15 23:49:28,696 [INFO] gaitguard.main: FPS=18.9 | tracks=2 | alerts=0
2025-11-15 23:49:30,165 [INFO] gaitguard.main: FPS=19.0 | tracks=1 | alerts=0
2025-11-15 23:49:31,504 [INFO] gaitguard.main: FPS=19.4 | tracks=1 | alerts=0
2025-11-15 23:49:32,813 [INFO] gaitguard.main: FPS=19.7 | tracks=1 | alerts=0
2025-11-15 23:49:34,172 [INFO] gaitguard.main: FPS=19.9 | tracks=1 | alerts=0
2025-11-15 23:49:35,589 [INFO] gaitguard.main: FPS=20.0 | tracks=2 | alerts=0
2025-11-15 23:49:37,115 [INFO] gaitguard.main: FPS=20.0 | tracks=2 | alerts=0
2025-11-15 23:49:38,488 [INFO] gaitguard.main: FPS=20.1 | tracks=1 | alerts=0
2025-11-15 23:49:39,825 [INFO] gaitguard.main: FPS=20.3 | tracks=1 | alerts=0
2025-11-15 23:49:41,202 [INFO] gaitguard.main: FPS=20.4 | tracks=1 | alerts=0
2025-11-15 23:49:42,536 [INFO] gaitguard.main: FPS=20.5 | tracks=1 | alerts=0
2025-11-15 23:49:43,876 [INFO] gaitguard.main: FPS=20.6 | tracks=1 | alerts=0
2025-11-15 23:49:45,216 [INFO] gaitguard.main: FPS=20.7 | tracks=1 | alerts=0
2025-11-15 23:49:46,581 [INFO] gaitguard.main: FPS=20.8 | tracks=1 | alerts=0
2025-11-15 23:49:47,970 [INFO] gaitguard.main: FPS=20.8 | tracks=1 | alerts=0
2025-11-15 23:49:49,321 [INFO] gaitguard.main: FPS=20.9 | tracks=1 | alerts=0
2025-11-15 23:49:50,648 [INFO] gaitguard.main: FPS=20.9 | tracks=1 | alerts=0
2025-11-15 23:49:51,999 [INFO] gaitguard.main: FPS=21.0 | tracks=1 | alerts=0
2025-11-15 23:49:53,366 [INFO] gaitguard.main: FPS=21.0 | tracks=1 | alerts=0
2025-11-15 23:49:54,740 [INFO] gaitguard.main: FPS=21.1 | tracks=1 | alerts=0
2025-11-15 23:49:56,107 [INFO] gaitguard.main: FPS=21.1 | tracks=1 | alerts=0
2025-11-15 23:49:57,443 [INFO] gaitguard.main: FPS=21.1 | tracks=1 | alerts=0
2025-11-15 23:49:58,769 [INFO] gaitguard.main: FPS=21.2 | tracks=1 | alerts=0
2025-11-15 23:50:00,114 [INFO] gaitguard.main: FPS=21.2 | tracks=1 | alerts=0
2025-11-15 23:50:01,435 [INFO] gaitguard.main: FPS=21.3 | tracks=1 | alerts=0
2025-11-15 23:50:02,794 [INFO] gaitguard.main: FPS=21.3 | tracks=1 | alerts=0
2025-11-15 23:50:04,140 [INFO] gaitguard.main: FPS=21.3 | tracks=1 | alerts=0
2025-11-15 23:50:05,374 [INFO] gaitguard.main: FPS=21.4 | tracks=1 | alerts=0
2025-11-15 23:50:06,706 [INFO] gaitguard.main: FPS=21.4 | tracks=1 | alerts=0
2025-11-15 23:50:07,936 [INFO] gaitguard.main: FPS=21.5 | tracks=1 | alerts=0
2025-11-15 23:50:09,212 [INFO] gaitguard.main: FPS=21.6 | tracks=1 | alerts=0
2025-11-15 23:50:11,186 [INFO] gaitguard.main: FPS=21.3 | tracks=1 | alerts=0
2025-11-15 23:50:12,462 [INFO] gaitguard.main: FPS=21.4 | tracks=1 | alerts=0
2025-11-15 23:50:13,638 [INFO] gaitguard.main: FPS=21.5 | tracks=1 | alerts=0
2025-11-15 23:50:15,149 [INFO] gaitguard.main: FPS=21.4 | tracks=1 | alerts=0
2025-11-15 23:50:16,563 [INFO] gaitguard.main: FPS=21.4 | tracks=1 | alerts=0
2025-11-15 23:50:17,944 [INFO] gaitguard.main: FPS=21.4 | tracks=1 | alerts=0
2025-11-15 23:50:19,480 [INFO] gaitguard.main: FPS=21.4 | tracks=1 | alerts=0
2025-11-15 23:50:20,915 [INFO] gaitguard.main: FPS=21.4 | tracks=1 | alerts=0
2025-11-15 23:50:22,328 [INFO] gaitguard.main: FPS=21.4 | tracks=1 | alerts=0
2025-11-15 23:50:23,906 [INFO] gaitguard.main: FPS=21.3 | tracks=1 | alerts=0
2025-11-15 23:50:25,407 [INFO] gaitguard.main: FPS=21.3 | tracks=1 | alerts=0
2025-11-15 23:50:26,901 [INFO] gaitguard.main: FPS=21.2 | tracks=1 | alerts=0
2025-11-15 23:50:28,284 [INFO] gaitguard.main: FPS=21.3 | tracks=1 | alerts=0
2025-11-15 23:50:29,172 [INFO] gaitguard.main: GaitGuard pipeline stopped.
2025-11-16 00:01:56,883 [INFO] gaitguard.device: Using CUDA device: NVIDIA GeForce RTX 3050 6GB Laptop GPU
2025-11-16 00:01:56,883 [INFO] gaitguard.main: Runtime device=cuda | half=True
2025-11-16 00:01:56,883 [INFO] perception.detector: Loading YOLO model 'yolo11n.pt' on device 'cuda'
2025-11-16 00:01:57,973 [INFO] perception.detector: YOLO model loaded in FP16 on CUDA
2025-11-16 00:01:57,973 [INFO] perception.detector: YOLO model ready
2025-11-16 00:01:57,973 [INFO] perception.perception_engine: Phase-1 PerceptionEngine initialized.
2025-11-16 00:01:57,973 [INFO] gaitguard.device: Using CUDA device: NVIDIA GeForce RTX 3050 6GB Laptop GPU
2025-11-16 00:01:57,989 [INFO] face.config: FaceConfig initialised | device=cuda half=True | gallery=C:\Users\ildi\Desktop\GaitGuard\data\face_gallery.enc
2025-11-16 00:01:57,989 [INFO] face.detector_align: Initialising FaceDetectorAligner with pack=buffalo_l ctx_id=0 det_size=(640, 640) providers=['CUDAExecutionProvider', 'CPUExecutionProvider']
2025-11-16 00:01:58,966 [INFO] face.route: FaceRoute initialised | lookback=2.0s max_entries=30 every_n_frames=5
2025-11-16 00:01:58,966 [INFO] identity.crypto: Loaded AES key from env var 'GAITGUARD_FACE_KEY' (length=32 bytes).
2025-11-16 00:01:58,977 [INFO] identity.face_gallery: Face gallery loaded from C:\Users\ildi\Desktop\GaitGuard\data\face_gallery.enc (persons=1).
2025-11-16 00:01:58,977 [INFO] identity.identity_engine: FaceIdentityEngine initialised | strong_match_dist=0.900
2025-11-16 00:02:04,514 [INFO] gaitguard.main: GaitGuard pipeline (Phase-1 + Face 2A) started. Press ESC to exit.
2025-11-16 00:02:06,694 [INFO] gaitguard.main: FPS=14.0 | tracks=1 | alerts=0
2025-11-16 00:02:07,842 [INFO] gaitguard.main: FPS=18.2 | tracks=0 | alerts=0
2025-11-16 00:02:08,813 [INFO] gaitguard.main: FPS=21.0 | tracks=0 | alerts=0
2025-11-16 00:02:09,790 [INFO] gaitguard.main: FPS=22.8 | tracks=0 | alerts=0
2025-11-16 00:02:10,781 [INFO] gaitguard.main: FPS=24.0 | tracks=0 | alerts=0
2025-11-16 00:02:11,788 [INFO] gaitguard.main: FPS=24.8 | tracks=0 | alerts=0
2025-11-16 00:02:12,760 [INFO] gaitguard.main: FPS=25.6 | tracks=0 | alerts=0
2025-11-16 00:02:13,757 [INFO] gaitguard.main: FPS=26.0 | tracks=0 | alerts=0
2025-11-16 00:02:14,733 [INFO] gaitguard.main: FPS=26.5 | tracks=0 | alerts=0
2025-11-16 00:02:15,725 [INFO] gaitguard.main: FPS=26.8 | tracks=0 | alerts=0
2025-11-16 00:02:16,704 [INFO] gaitguard.main: FPS=27.1 | tracks=0 | alerts=0
2025-11-16 00:02:17,725 [INFO] gaitguard.main: FPS=27.3 | tracks=0 | alerts=0
2025-11-16 00:02:18,765 [INFO] gaitguard.main: FPS=27.4 | tracks=0 | alerts=0
2025-11-16 00:02:19,745 [INFO] gaitguard.main: FPS=27.6 | tracks=0 | alerts=0
2025-11-16 00:02:20,736 [INFO] gaitguard.main: FPS=27.8 | tracks=0 | alerts=0
2025-11-16 00:02:21,713 [INFO] gaitguard.main: FPS=28.0 | tracks=0 | alerts=0
2025-11-16 00:02:22,703 [INFO] gaitguard.main: FPS=28.1 | tracks=0 | alerts=0
2025-11-16 00:02:23,694 [INFO] gaitguard.main: FPS=28.2 | tracks=0 | alerts=0
2025-11-16 00:02:24,670 [INFO] gaitguard.main: FPS=28.3 | tracks=0 | alerts=0
2025-11-16 00:02:25,686 [INFO] gaitguard.main: FPS=28.4 | tracks=0 | alerts=0
2025-11-16 00:02:26,657 [INFO] gaitguard.main: FPS=28.5 | tracks=0 | alerts=0
2025-11-16 00:02:27,665 [INFO] gaitguard.main: FPS=28.5 | tracks=0 | alerts=0
2025-11-16 00:02:28,624 [INFO] gaitguard.main: FPS=28.6 | tracks=0 | alerts=0
2025-11-16 00:02:29,650 [INFO] gaitguard.main: FPS=28.7 | tracks=0 | alerts=0
2025-11-16 00:02:30,673 [INFO] gaitguard.main: FPS=28.7 | tracks=0 | alerts=0
2025-11-16 00:02:31,663 [INFO] gaitguard.main: FPS=28.8 | tracks=0 | alerts=0
2025-11-16 00:02:32,703 [INFO] gaitguard.main: FPS=28.8 | tracks=0 | alerts=0
2025-11-16 00:02:33,711 [INFO] gaitguard.main: FPS=28.8 | tracks=0 | alerts=0
2025-11-16 00:02:34,702 [INFO] gaitguard.main: FPS=28.8 | tracks=0 | alerts=0
2025-11-16 00:02:35,725 [INFO] gaitguard.main: FPS=28.9 | tracks=0 | alerts=0
2025-11-16 00:02:36,702 [INFO] gaitguard.main: FPS=28.9 | tracks=0 | alerts=0
2025-11-16 00:02:37,681 [INFO] gaitguard.main: FPS=29.0 | tracks=0 | alerts=0
2025-11-16 00:02:38,724 [INFO] gaitguard.main: FPS=29.0 | tracks=0 | alerts=0
2025-11-16 00:02:39,696 [INFO] gaitguard.main: FPS=29.0 | tracks=0 | alerts=0
2025-11-16 00:02:40,712 [INFO] gaitguard.main: FPS=29.0 | tracks=0 | alerts=0
2025-11-16 00:02:41,703 [INFO] gaitguard.main: FPS=29.1 | tracks=0 | alerts=0
2025-11-16 00:02:42,759 [INFO] gaitguard.main: FPS=29.0 | tracks=0 | alerts=0
2025-11-16 00:02:43,808 [INFO] gaitguard.main: FPS=29.0 | tracks=0 | alerts=0
2025-11-16 00:02:44,797 [INFO] gaitguard.main: FPS=29.1 | tracks=0 | alerts=0
2025-11-16 00:02:45,793 [INFO] gaitguard.main: FPS=29.1 | tracks=0 | alerts=0
2025-11-16 00:02:46,774 [INFO] gaitguard.main: FPS=29.1 | tracks=0 | alerts=0
2025-11-16 00:02:47,768 [INFO] gaitguard.main: FPS=29.1 | tracks=0 | alerts=0
2025-11-16 00:02:48,753 [INFO] gaitguard.main: FPS=29.2 | tracks=0 | alerts=0
2025-11-16 00:02:49,744 [INFO] gaitguard.main: FPS=29.2 | tracks=0 | alerts=0
2025-11-16 00:02:50,720 [INFO] gaitguard.main: FPS=29.2 | tracks=0 | alerts=0
2025-11-16 00:02:52,244 [INFO] gaitguard.main: FPS=28.9 | tracks=1 | alerts=0
2025-11-16 00:02:52,655 [INFO] identity.face_gallery: Face gallery FAISS index rebuilt (templates=5).
2025-11-16 00:02:53,623 [INFO] gaitguard.main: FPS=28.7 | tracks=1 | alerts=0
2025-11-16 00:02:55,186 [INFO] gaitguard.main: FPS=28.4 | tracks=1 | alerts=0
2025-11-16 00:02:56,618 [INFO] gaitguard.main: FPS=28.2 | tracks=1 | alerts=0
2025-11-16 00:02:58,044 [INFO] gaitguard.main: FPS=28.0 | tracks=1 | alerts=0
2025-11-16 00:02:59,541 [INFO] gaitguard.main: FPS=27.8 | tracks=1 | alerts=0
2025-11-16 00:03:00,946 [INFO] gaitguard.main: FPS=27.7 | tracks=1 | alerts=0
2025-11-16 00:03:02,310 [INFO] gaitguard.main: FPS=27.5 | tracks=1 | alerts=0
2025-11-16 00:03:03,636 [INFO] gaitguard.main: FPS=27.4 | tracks=1 | alerts=0
2025-11-16 00:03:04,958 [INFO] gaitguard.main: FPS=27.3 | tracks=1 | alerts=0
2025-11-16 00:03:06,333 [INFO] gaitguard.main: FPS=27.2 | tracks=1 | alerts=0
2025-11-16 00:03:07,693 [INFO] gaitguard.main: FPS=27.1 | tracks=1 | alerts=0
2025-11-16 00:03:09,161 [INFO] gaitguard.main: FPS=26.9 | tracks=1 | alerts=0
2025-11-16 00:03:10,608 [INFO] gaitguard.main: FPS=26.8 | tracks=2 | alerts=0
2025-11-16 00:03:11,957 [INFO] gaitguard.main: FPS=26.7 | tracks=1 | alerts=0
2025-11-16 00:03:13,156 [INFO] gaitguard.main: FPS=26.7 | tracks=2 | alerts=0
2025-11-16 00:03:14,413 [INFO] gaitguard.main: FPS=26.6 | tracks=1 | alerts=0
2025-11-16 00:03:15,724 [INFO] gaitguard.main: FPS=26.6 | tracks=1 | alerts=0
2025-11-16 00:03:17,001 [INFO] gaitguard.main: FPS=26.5 | tracks=1 | alerts=0
2025-11-16 00:03:18,318 [INFO] gaitguard.main: FPS=26.4 | tracks=1 | alerts=0
2025-11-16 00:03:19,823 [INFO] gaitguard.main: FPS=26.3 | tracks=1 | alerts=0
2025-11-16 00:03:21,224 [INFO] gaitguard.main: FPS=26.2 | tracks=1 | alerts=0
2025-11-16 00:03:22,676 [INFO] gaitguard.main: FPS=26.1 | tracks=1 | alerts=0
2025-11-16 00:03:24,082 [INFO] gaitguard.main: FPS=26.0 | tracks=1 | alerts=0
2025-11-16 00:03:25,445 [INFO] gaitguard.main: FPS=26.0 | tracks=1 | alerts=0
2025-11-16 00:03:26,828 [INFO] gaitguard.main: FPS=25.9 | tracks=1 | alerts=0
2025-11-16 00:03:28,130 [INFO] gaitguard.main: FPS=25.8 | tracks=1 | alerts=0
2025-11-16 00:03:29,524 [INFO] gaitguard.main: FPS=25.8 | tracks=1 | alerts=0
2025-11-16 00:03:30,953 [INFO] gaitguard.main: FPS=25.7 | tracks=1 | alerts=0
2025-11-16 00:03:32,324 [INFO] gaitguard.main: FPS=25.6 | tracks=1 | alerts=0
2025-11-16 00:03:33,690 [INFO] gaitguard.main: FPS=25.6 | tracks=1 | alerts=0
2025-11-16 00:03:35,095 [INFO] gaitguard.main: FPS=25.5 | tracks=1 | alerts=0
2025-11-16 00:03:36,487 [INFO] gaitguard.main: FPS=25.4 | tracks=1 | alerts=0
2025-11-16 00:03:37,797 [INFO] gaitguard.main: FPS=25.4 | tracks=1 | alerts=0
2025-11-16 00:03:39,165 [INFO] gaitguard.main: FPS=25.4 | tracks=1 | alerts=0
2025-11-16 00:03:40,305 [INFO] gaitguard.main: FPS=25.4 | tracks=1 | alerts=0
2025-11-16 00:03:41,719 [INFO] gaitguard.main: FPS=25.3 | tracks=1 | alerts=0
2025-11-16 00:03:43,007 [INFO] gaitguard.main: FPS=25.3 | tracks=1 | alerts=0
2025-11-16 00:03:44,397 [INFO] gaitguard.main: FPS=25.2 | tracks=1 | alerts=0
2025-11-16 00:03:45,767 [INFO] gaitguard.main: FPS=25.2 | tracks=1 | alerts=0
2025-11-16 00:03:47,075 [INFO] gaitguard.main: FPS=25.2 | tracks=1 | alerts=0
2025-11-16 00:03:48,502 [INFO] gaitguard.main: FPS=25.1 | tracks=1 | alerts=0
2025-11-16 00:03:50,047 [INFO] gaitguard.main: FPS=25.0 | tracks=2 | alerts=0
2025-11-16 00:03:51,536 [INFO] gaitguard.main: FPS=25.0 | tracks=1 | alerts=0
2025-11-16 00:03:52,942 [INFO] gaitguard.main: FPS=24.9 | tracks=1 | alerts=0
2025-11-16 00:03:54,435 [INFO] gaitguard.main: FPS=24.8 | tracks=1 | alerts=0
2025-11-16 00:03:55,730 [INFO] gaitguard.main: FPS=24.8 | tracks=1 | alerts=0
2025-11-16 00:03:57,169 [INFO] gaitguard.main: FPS=24.8 | tracks=1 | alerts=0
2025-11-16 00:03:58,590 [INFO] gaitguard.main: FPS=24.7 | tracks=1 | alerts=0
2025-11-16 00:03:59,923 [INFO] gaitguard.main: FPS=24.7 | tracks=1 | alerts=0
2025-11-16 00:04:01,237 [INFO] gaitguard.main: FPS=24.7 | tracks=1 | alerts=0
2025-11-16 00:04:02,662 [INFO] gaitguard.main: FPS=24.6 | tracks=1 | alerts=0
2025-11-16 00:04:04,018 [INFO] gaitguard.main: FPS=24.6 | tracks=1 | alerts=0
2025-11-16 00:04:05,363 [INFO] gaitguard.main: FPS=24.6 | tracks=1 | alerts=0
2025-11-16 00:04:06,697 [INFO] gaitguard.main: FPS=24.6 | tracks=1 | alerts=0
2025-11-16 00:04:08,073 [INFO] gaitguard.main: FPS=24.5 | tracks=1 | alerts=0
2025-11-16 00:04:09,518 [INFO] gaitguard.main: FPS=24.5 | tracks=1 | alerts=0
2025-11-16 00:04:10,901 [INFO] gaitguard.main: FPS=24.5 | tracks=1 | alerts=0
2025-11-16 00:04:12,252 [INFO] gaitguard.main: FPS=24.4 | tracks=1 | alerts=0
2025-11-16 00:04:13,574 [INFO] gaitguard.main: FPS=24.4 | tracks=1 | alerts=0
2025-11-16 00:04:14,931 [INFO] gaitguard.main: FPS=24.4 | tracks=1 | alerts=0
2025-11-16 00:04:16,237 [INFO] gaitguard.main: FPS=24.4 | tracks=1 | alerts=0
2025-11-16 00:04:17,539 [INFO] gaitguard.main: FPS=24.4 | tracks=1 | alerts=0
2025-11-16 00:04:18,984 [INFO] gaitguard.main: FPS=24.3 | tracks=2 | alerts=0
2025-11-16 00:04:20,532 [INFO] gaitguard.main: FPS=24.3 | tracks=3 | alerts=0
2025-11-16 00:04:21,986 [INFO] gaitguard.main: FPS=24.2 | tracks=1 | alerts=0
2025-11-16 00:04:23,455 [INFO] gaitguard.main: FPS=24.2 | tracks=2 | alerts=0
2025-11-16 00:04:24,579 [INFO] gaitguard.main: FPS=24.2 | tracks=1 | alerts=0
2025-11-16 00:04:25,793 [INFO] gaitguard.main: FPS=24.2 | tracks=1 | alerts=0
2025-11-16 00:04:27,024 [INFO] gaitguard.main: FPS=24.2 | tracks=1 | alerts=0
2025-11-16 00:04:28,515 [INFO] gaitguard.main: FPS=24.2 | tracks=1 | alerts=0
2025-11-16 00:04:29,812 [INFO] gaitguard.main: FPS=24.2 | tracks=1 | alerts=0
2025-11-16 00:04:31,278 [INFO] gaitguard.main: FPS=24.1 | tracks=1 | alerts=0
2025-11-16 00:04:32,598 [INFO] gaitguard.main: FPS=24.1 | tracks=1 | alerts=0
2025-11-16 00:04:34,016 [INFO] gaitguard.main: FPS=24.1 | tracks=1 | alerts=0
2025-11-16 00:04:35,439 [INFO] gaitguard.main: FPS=24.1 | tracks=1 | alerts=0
2025-11-16 00:04:36,826 [INFO] gaitguard.main: FPS=24.0 | tracks=1 | alerts=0
2025-11-16 00:04:38,276 [INFO] gaitguard.main: FPS=24.0 | tracks=1 | alerts=0
2025-11-16 00:04:39,654 [INFO] gaitguard.main: FPS=24.0 | tracks=1 | alerts=0
2025-11-16 00:04:41,106 [INFO] gaitguard.main: FPS=24.0 | tracks=1 | alerts=0
2025-11-16 00:04:42,528 [INFO] gaitguard.main: FPS=23.9 | tracks=1 | alerts=0
2025-11-16 00:04:43,921 [INFO] gaitguard.main: FPS=23.9 | tracks=1 | alerts=0
2025-11-16 00:04:45,349 [INFO] gaitguard.main: FPS=23.9 | tracks=1 | alerts=0
2025-11-16 00:04:46,701 [INFO] gaitguard.main: FPS=23.9 | tracks=1 | alerts=0
2025-11-16 00:04:48,076 [INFO] gaitguard.main: FPS=23.8 | tracks=1 | alerts=0
2025-11-16 00:04:49,448 [INFO] gaitguard.main: FPS=23.8 | tracks=1 | alerts=0
2025-11-16 00:04:50,805 [INFO] gaitguard.main: FPS=23.8 | tracks=1 | alerts=0
2025-11-16 00:04:52,162 [INFO] gaitguard.main: FPS=23.8 | tracks=1 | alerts=0
2025-11-16 00:04:53,572 [INFO] gaitguard.main: FPS=23.8 | tracks=1 | alerts=0
2025-11-16 00:04:54,997 [INFO] gaitguard.main: FPS=23.8 | tracks=1 | alerts=0
2025-11-16 00:04:56,340 [INFO] gaitguard.main: FPS=23.8 | tracks=1 | alerts=0
2025-11-16 00:04:57,748 [INFO] gaitguard.main: FPS=23.7 | tracks=1 | alerts=0
2025-11-16 00:04:59,065 [INFO] gaitguard.main: FPS=23.7 | tracks=1 | alerts=0
2025-11-16 00:05:00,403 [INFO] gaitguard.main: FPS=23.7 | tracks=1 | alerts=0
2025-11-16 00:05:01,804 [INFO] gaitguard.main: FPS=23.7 | tracks=1 | alerts=0
2025-11-16 00:05:03,201 [INFO] gaitguard.main: FPS=23.7 | tracks=1 | alerts=0
2025-11-16 00:05:04,551 [INFO] gaitguard.main: FPS=23.7 | tracks=1 | alerts=0
2025-11-16 00:05:05,927 [INFO] gaitguard.main: FPS=23.7 | tracks=1 | alerts=0
2025-11-16 00:05:07,313 [INFO] gaitguard.main: FPS=23.6 | tracks=1 | alerts=0
2025-11-16 00:05:08,670 [INFO] gaitguard.main: FPS=23.6 | tracks=1 | alerts=0
2025-11-16 00:05:10,081 [INFO] gaitguard.main: FPS=23.6 | tracks=1 | alerts=0
2025-11-16 00:05:11,388 [INFO] gaitguard.main: FPS=23.6 | tracks=1 | alerts=0
2025-11-16 00:05:12,724 [INFO] gaitguard.main: FPS=23.6 | tracks=1 | alerts=0
2025-11-16 00:05:14,034 [INFO] gaitguard.main: FPS=23.6 | tracks=1 | alerts=0
2025-11-16 00:05:15,374 [INFO] gaitguard.main: FPS=23.6 | tracks=1 | alerts=0
2025-11-16 00:05:16,772 [INFO] gaitguard.main: FPS=23.6 | tracks=1 | alerts=0
2025-11-16 00:05:18,180 [INFO] gaitguard.main: FPS=23.5 | tracks=1 | alerts=0
2025-11-16 00:05:19,485 [INFO] gaitguard.main: FPS=23.5 | tracks=1 | alerts=0
2025-11-16 00:05:20,814 [INFO] gaitguard.main: FPS=23.5 | tracks=1 | alerts=0
2025-11-16 00:05:22,140 [INFO] gaitguard.main: FPS=23.5 | tracks=1 | alerts=0
2025-11-16 00:05:23,516 [INFO] gaitguard.main: FPS=23.5 | tracks=1 | alerts=0
2025-11-16 00:05:24,830 [INFO] gaitguard.main: FPS=23.5 | tracks=1 | alerts=0
2025-11-16 00:05:26,200 [INFO] gaitguard.main: FPS=23.5 | tracks=1 | alerts=0
2025-11-16 00:05:27,507 [INFO] gaitguard.main: FPS=23.5 | tracks=1 | alerts=0
2025-11-16 00:05:28,883 [INFO] gaitguard.main: FPS=23.5 | tracks=1 | alerts=0
2025-11-16 00:05:30,204 [INFO] gaitguard.main: FPS=23.5 | tracks=1 | alerts=0
2025-11-16 00:05:31,568 [INFO] gaitguard.main: FPS=23.5 | tracks=1 | alerts=0
2025-11-16 00:05:32,930 [INFO] gaitguard.main: FPS=23.5 | tracks=1 | alerts=0
2025-11-16 00:05:34,262 [INFO] gaitguard.main: FPS=23.5 | tracks=1 | alerts=0
2025-11-16 00:05:35,598 [INFO] gaitguard.main: FPS=23.5 | tracks=1 | alerts=0
2025-11-16 00:05:36,931 [INFO] gaitguard.main: FPS=23.4 | tracks=1 | alerts=0
2025-11-16 00:05:38,307 [INFO] gaitguard.main: FPS=23.4 | tracks=1 | alerts=0
2025-11-16 00:05:39,583 [INFO] gaitguard.main: FPS=23.4 | tracks=1 | alerts=0
2025-11-16 00:05:40,724 [INFO] gaitguard.main: FPS=23.5 | tracks=1 | alerts=0
2025-11-16 00:05:41,875 [INFO] gaitguard.main: FPS=23.5 | tracks=1 | alerts=0
2025-11-16 00:05:43,052 [INFO] gaitguard.main: FPS=23.5 | tracks=1 | alerts=0
2025-11-16 00:05:44,193 [INFO] gaitguard.main: FPS=23.5 | tracks=1 | alerts=0
2025-11-16 00:05:45,334 [INFO] gaitguard.main: FPS=23.5 | tracks=1 | alerts=0
2025-11-16 00:05:46,468 [INFO] gaitguard.main: FPS=23.5 | tracks=1 | alerts=0
2025-11-16 00:05:47,605 [INFO] gaitguard.main: FPS=23.5 | tracks=1 | alerts=0
2025-11-16 00:05:48,739 [INFO] gaitguard.main: FPS=23.6 | tracks=1 | alerts=0
2025-11-16 00:05:50,279 [INFO] gaitguard.main: FPS=23.5 | tracks=1 | alerts=0
2025-11-16 00:05:51,866 [INFO] gaitguard.main: FPS=23.5 | tracks=1 | alerts=0
2025-11-16 00:05:53,496 [INFO] gaitguard.main: FPS=23.5 | tracks=1 | alerts=0
2025-11-16 00:05:55,151 [INFO] gaitguard.main: FPS=23.4 | tracks=1 | alerts=0
2025-11-16 00:05:56,804 [INFO] gaitguard.main: FPS=23.4 | tracks=1 | alerts=0
2025-11-16 00:05:58,140 [INFO] gaitguard.main: FPS=23.4 | tracks=1 | alerts=0
2025-11-16 00:05:59,469 [INFO] gaitguard.main: FPS=23.4 | tracks=1 | alerts=0
2025-11-16 00:06:00,583 [INFO] gaitguard.main: FPS=23.4 | tracks=1 | alerts=0
2025-11-16 00:06:01,846 [INFO] gaitguard.main: FPS=23.4 | tracks=1 | alerts=0
2025-11-16 00:06:03,249 [INFO] gaitguard.main: FPS=23.4 | tracks=1 | alerts=0
2025-11-16 00:06:04,543 [INFO] gaitguard.main: FPS=23.4 | tracks=1 | alerts=0
2025-11-16 00:06:05,731 [INFO] gaitguard.main: FPS=23.4 | tracks=1 | alerts=0
2025-11-16 00:06:06,901 [INFO] gaitguard.main: FPS=23.4 | tracks=1 | alerts=0
2025-11-16 00:06:08,076 [INFO] gaitguard.main: FPS=23.4 | tracks=1 | alerts=0
2025-11-16 00:06:09,203 [INFO] gaitguard.main: FPS=23.4 | tracks=1 | alerts=0
2025-11-16 00:06:10,317 [INFO] gaitguard.main: FPS=23.4 | tracks=1 | alerts=0
2025-11-16 00:06:11,429 [INFO] gaitguard.main: FPS=23.5 | tracks=1 | alerts=0
2025-11-16 00:06:12,546 [INFO] gaitguard.main: FPS=23.5 | tracks=1 | alerts=0
2025-11-16 00:06:13,692 [INFO] gaitguard.main: FPS=23.5 | tracks=1 | alerts=0
2025-11-16 00:06:14,783 [INFO] gaitguard.main: FPS=23.5 | tracks=1 | alerts=0
2025-11-16 00:06:15,906 [INFO] gaitguard.main: FPS=23.5 | tracks=1 | alerts=0
2025-11-16 00:06:17,030 [INFO] gaitguard.main: FPS=23.5 | tracks=1 | alerts=0
2025-11-16 00:06:18,181 [INFO] gaitguard.main: FPS=23.5 | tracks=1 | alerts=0
2025-11-16 00:06:19,306 [INFO] gaitguard.main: FPS=23.6 | tracks=1 | alerts=0
2025-11-16 00:06:20,424 [INFO] gaitguard.main: FPS=23.6 | tracks=1 | alerts=0
2025-11-16 00:06:21,538 [INFO] gaitguard.main: FPS=23.6 | tracks=1 | alerts=0
2025-11-16 00:06:22,645 [INFO] gaitguard.main: FPS=23.6 | tracks=1 | alerts=0
2025-11-16 00:06:23,736 [INFO] gaitguard.main: FPS=23.6 | tracks=1 | alerts=0
2025-11-16 00:06:24,930 [INFO] gaitguard.main: FPS=23.6 | tracks=1 | alerts=0
2025-11-16 00:06:26,087 [INFO] gaitguard.main: FPS=23.6 | tracks=1 | alerts=0
2025-11-16 00:06:27,238 [INFO] gaitguard.main: FPS=23.6 | tracks=1 | alerts=0
2025-11-16 00:06:28,374 [INFO] gaitguard.main: FPS=23.7 | tracks=1 | alerts=0
2025-11-16 00:06:29,544 [INFO] gaitguard.main: FPS=23.7 | tracks=1 | alerts=0
2025-11-16 00:06:30,678 [INFO] gaitguard.main: FPS=23.7 | tracks=1 | alerts=0
2025-11-16 00:06:31,953 [INFO] gaitguard.main: FPS=23.7 | tracks=1 | alerts=0
2025-11-16 00:06:33,343 [INFO] gaitguard.main: FPS=23.7 | tracks=1 | alerts=0
2025-11-16 00:06:35,365 [INFO] gaitguard.main: GaitGuard pipeline stopped.
2025-11-16 10:57:08,777 [INFO] gaitguard.device: Using CUDA device: NVIDIA GeForce RTX 3050 6GB Laptop GPU
2025-11-16 10:57:08,777 [INFO] gaitguard.main: Runtime device=cuda | half=True
2025-11-16 10:57:08,777 [INFO] perception.detector: Loading YOLO model 'yolo11n.pt' on device 'cuda'
2025-11-16 10:57:10,564 [INFO] perception.detector: YOLO model loaded in FP16 on CUDA
2025-11-16 10:57:10,564 [INFO] perception.detector: YOLO model ready
2025-11-16 10:57:10,564 [INFO] perception.perception_engine: Phase-1 PerceptionEngine initialized.
2025-11-16 10:57:10,564 [INFO] gaitguard.device: Using CUDA device: NVIDIA GeForce RTX 3050 6GB Laptop GPU
2025-11-16 10:57:10,566 [INFO] face.config: FaceConfig initialised | device=cuda half=True | gallery=C:\Users\ildi\Desktop\GaitGuard\data\face_gallery.enc
2025-11-16 10:57:10,566 [INFO] face.detector_align: Initialising FaceDetectorAligner with pack=buffalo_l ctx_id=0 det_size=(640, 640) providers=['CUDAExecutionProvider', 'CPUExecutionProvider']
2025-11-16 10:57:11,761 [INFO] face.route: FaceRoute initialised | lookback=2.0s max_entries=30 every_n_frames=5
2025-11-16 10:57:11,765 [ERROR] identity.face_gallery: Failed to load face gallery from C:\Users\ildi\Desktop\GaitGuard\data\face_gallery.enc: Encryption key environment variable 'GAITGUARD_FACE_KEY' is not set. Generate a strong random key and set it, e.g.:
  export GAITGUARD_FACE_KEY="$(openssl rand -hex 32)"
2025-11-16 10:57:11,765 [INFO] identity.identity_engine: FaceIdentityEngine initialised | strong_match_dist=0.900
2025-11-16 10:57:16,802 [INFO] gaitguard.main: GaitGuard pipeline (Phase-1 + Face 2A) started. Press ESC to exit.
2025-11-16 10:57:20,250 [INFO] gaitguard.main: FPS=8.8 | tracks=1 | alerts=0
2025-11-16 10:57:21,491 [INFO] gaitguard.main: FPS=12.9 | tracks=1 | alerts=0
2025-11-16 10:57:22,697 [INFO] gaitguard.main: FPS=15.3 | tracks=1 | alerts=0
2025-11-16 10:57:24,095 [INFO] gaitguard.main: FPS=16.5 | tracks=1 | alerts=0
2025-11-16 10:57:26,164 [INFO] gaitguard.main: FPS=16.1 | tracks=1 | alerts=0
2025-11-16 10:57:27,616 [INFO] gaitguard.main: FPS=16.7 | tracks=1 | alerts=0
2025-11-16 10:57:29,074 [INFO] gaitguard.main: FPS=17.1 | tracks=1 | alerts=0
2025-11-16 10:57:30,508 [INFO] gaitguard.main: FPS=17.5 | tracks=1 | alerts=0
2025-11-16 10:57:31,981 [INFO] gaitguard.main: FPS=17.8 | tracks=1 | alerts=0
2025-11-16 10:57:33,411 [INFO] gaitguard.main: FPS=18.1 | tracks=1 | alerts=0
2025-11-16 10:57:34,824 [INFO] gaitguard.main: FPS=18.3 | tracks=1 | alerts=0
2025-11-16 10:57:36,247 [INFO] gaitguard.main: FPS=18.5 | tracks=1 | alerts=0
2025-11-16 10:57:37,682 [INFO] gaitguard.main: FPS=18.7 | tracks=1 | alerts=0
2025-11-16 10:57:39,166 [INFO] gaitguard.main: FPS=18.8 | tracks=1 | alerts=0
2025-11-16 10:57:40,787 [INFO] gaitguard.main: FPS=18.8 | tracks=1 | alerts=0
2025-11-16 10:57:42,153 [INFO] gaitguard.main: FPS=19.0 | tracks=1 | alerts=0
2025-11-16 10:57:43,550 [INFO] gaitguard.main: FPS=19.1 | tracks=1 | alerts=0
2025-11-16 10:57:44,997 [INFO] gaitguard.main: FPS=19.2 | tracks=1 | alerts=0
2025-11-16 10:57:46,455 [INFO] gaitguard.main: FPS=19.2 | tracks=1 | alerts=0
2025-11-16 10:57:47,911 [INFO] gaitguard.main: FPS=19.3 | tracks=1 | alerts=0
2025-11-16 10:57:49,370 [INFO] gaitguard.main: FPS=19.4 | tracks=1 | alerts=0
2025-11-16 10:57:50,796 [INFO] gaitguard.main: FPS=19.4 | tracks=1 | alerts=0
2025-11-16 10:57:52,147 [INFO] gaitguard.main: FPS=19.5 | tracks=1 | alerts=0
2025-11-16 10:57:53,479 [INFO] gaitguard.main: FPS=19.7 | tracks=1 | alerts=0
2025-11-16 10:57:54,938 [INFO] gaitguard.main: FPS=19.7 | tracks=1 | alerts=0
2025-11-16 10:57:56,376 [INFO] gaitguard.main: FPS=19.7 | tracks=1 | alerts=0
2025-11-16 10:57:57,947 [INFO] gaitguard.main: FPS=19.7 | tracks=1 | alerts=0
2025-11-16 10:57:59,476 [INFO] gaitguard.main: FPS=19.7 | tracks=1 | alerts=0
2025-11-16 10:58:00,706 [INFO] gaitguard.main: FPS=19.8 | tracks=1 | alerts=0
2025-11-16 10:58:02,131 [INFO] gaitguard.main: FPS=19.9 | tracks=1 | alerts=0
2025-11-16 10:58:03,584 [INFO] gaitguard.main: FPS=19.9 | tracks=1 | alerts=0
2025-11-16 10:58:05,118 [INFO] gaitguard.main: FPS=19.9 | tracks=1 | alerts=0
2025-11-16 10:58:06,741 [INFO] gaitguard.main: FPS=19.8 | tracks=1 | alerts=0
2025-11-16 10:58:08,338 [INFO] gaitguard.main: FPS=19.8 | tracks=1 | alerts=0
2025-11-16 10:58:09,911 [INFO] gaitguard.main: FPS=19.8 | tracks=1 | alerts=0
2025-11-16 10:58:11,469 [INFO] gaitguard.main: FPS=19.8 | tracks=1 | alerts=0
2025-11-16 10:58:13,000 [INFO] gaitguard.main: FPS=19.8 | tracks=1 | alerts=0
2025-11-16 10:58:14,602 [INFO] gaitguard.main: FPS=19.7 | tracks=1 | alerts=0
2025-11-16 10:58:16,179 [INFO] gaitguard.main: FPS=19.7 | tracks=1 | alerts=0
2025-11-16 10:58:17,597 [INFO] gaitguard.main: FPS=19.7 | tracks=1 | alerts=0
2025-11-16 10:58:19,187 [INFO] gaitguard.main: FPS=19.7 | tracks=2 | alerts=0
2025-11-16 10:58:20,582 [INFO] gaitguard.main: FPS=19.8 | tracks=1 | alerts=0
2025-11-16 10:58:21,928 [INFO] gaitguard.main: FPS=19.8 | tracks=1 | alerts=0
2025-11-16 10:58:23,233 [INFO] gaitguard.main: FPS=19.9 | tracks=1 | alerts=0
2025-11-16 10:58:24,684 [INFO] gaitguard.main: FPS=19.9 | tracks=1 | alerts=0
2025-11-16 10:58:26,245 [INFO] gaitguard.main: FPS=19.9 | tracks=1 | alerts=0
2025-11-16 10:58:27,907 [INFO] gaitguard.main: FPS=19.8 | tracks=1 | alerts=0
2025-11-16 10:58:29,602 [INFO] gaitguard.main: FPS=19.8 | tracks=1 | alerts=0
2025-11-16 10:58:31,269 [INFO] gaitguard.main: FPS=19.8 | tracks=1 | alerts=0
2025-11-16 10:58:32,667 [INFO] gaitguard.main: FPS=19.8 | tracks=1 | alerts=0
2025-11-16 10:58:33,930 [INFO] gaitguard.main: FPS=19.8 | tracks=1 | alerts=0
2025-11-16 10:58:35,358 [INFO] gaitguard.main: FPS=19.9 | tracks=1 | alerts=0
2025-11-16 10:58:36,859 [INFO] gaitguard.main: FPS=19.9 | tracks=1 | alerts=0
2025-11-16 10:58:38,036 [INFO] gaitguard.main: GaitGuard pipeline stopped.
2025-11-16 11:06:58,605 [INFO] gaitguard.device: Using CUDA device: NVIDIA GeForce RTX 3050 6GB Laptop GPU
2025-11-16 11:06:58,605 [INFO] gaitguard.main: Runtime device=cuda | half=True
2025-11-16 11:06:58,605 [INFO] perception.detector: Loading YOLO model 'yolo11n.pt' on device 'cuda'
2025-11-16 11:06:59,642 [INFO] perception.detector: YOLO model loaded in FP16 on CUDA
2025-11-16 11:06:59,642 [INFO] perception.detector: YOLO model ready
2025-11-16 11:06:59,642 [INFO] perception.perception_engine: Phase-1 PerceptionEngine initialized.
2025-11-16 11:06:59,642 [INFO] gaitguard.device: Using CUDA device: NVIDIA GeForce RTX 3050 6GB Laptop GPU
2025-11-16 11:06:59,642 [INFO] face.config: FaceConfig initialised | device=cuda half=True | gallery=C:\Users\ildi\Desktop\GaitGuard\data\face_gallery.enc
2025-11-16 11:06:59,645 [INFO] face.detector_align: Initialising FaceDetectorAligner with pack=buffalo_l ctx_id=0 det_size=(640, 640) providers=['CUDAExecutionProvider', 'CPUExecutionProvider']
2025-11-16 11:07:00,530 [INFO] face.route: FaceRoute initialised | lookback=2.0s max_entries=30 every_n_frames=5
2025-11-16 11:07:00,532 [INFO] identity.crypto: Loaded AES key from env var 'GAITGUARD_FACE_KEY' (length=32 bytes).
2025-11-16 11:07:00,533 [INFO] identity.face_gallery: Face gallery loaded from C:\Users\ildi\Desktop\GaitGuard\data\face_gallery.enc (persons=1).
2025-11-16 11:07:00,533 [INFO] identity.identity_engine: FaceIdentityEngine initialised | strong_match_dist=0.900
2025-11-16 11:07:05,455 [INFO] gaitguard.main: GaitGuard pipeline (Phase-1 + Face 2A) started. Press ESC to exit.
2025-11-16 11:07:06,987 [INFO] identity.face_gallery: Face gallery FAISS index rebuilt (templates=5).
2025-11-16 11:07:08,302 [INFO] gaitguard.main: FPS=10.7 | tracks=1 | alerts=0
2025-11-16 11:07:09,769 [INFO] gaitguard.main: FPS=14.0 | tracks=1 | alerts=0
2025-11-16 11:07:11,258 [INFO] gaitguard.main: FPS=15.6 | tracks=1 | alerts=0
2025-11-16 11:07:12,680 [INFO] gaitguard.main: FPS=16.7 | tracks=1 | alerts=0
2025-11-16 11:07:14,172 [INFO] gaitguard.main: FPS=17.3 | tracks=1 | alerts=0
2025-11-16 11:07:15,628 [INFO] gaitguard.main: FPS=17.7 | tracks=1 | alerts=0
2025-11-16 11:07:17,097 [INFO] gaitguard.main: FPS=18.1 | tracks=1 | alerts=0
2025-11-16 11:07:18,558 [INFO] gaitguard.main: FPS=18.4 | tracks=1 | alerts=0
2025-11-16 11:07:20,026 [INFO] gaitguard.main: FPS=18.6 | tracks=1 | alerts=0
2025-11-16 11:07:21,461 [INFO] gaitguard.main: FPS=18.8 | tracks=1 | alerts=0
2025-11-16 11:07:22,902 [INFO] gaitguard.main: FPS=18.9 | tracks=1 | alerts=0
2025-11-16 11:07:24,361 [INFO] gaitguard.main: FPS=19.1 | tracks=1 | alerts=0
2025-11-16 11:07:25,784 [INFO] gaitguard.main: FPS=19.2 | tracks=1 | alerts=0
2025-11-16 11:07:27,203 [INFO] gaitguard.main: FPS=19.3 | tracks=1 | alerts=0
2025-11-16 11:07:28,661 [INFO] gaitguard.main: FPS=19.4 | tracks=1 | alerts=0
2025-11-16 11:07:30,168 [INFO] gaitguard.main: FPS=19.4 | tracks=1 | alerts=0
2025-11-16 11:07:31,712 [INFO] gaitguard.main: FPS=19.4 | tracks=1 | alerts=0
2025-11-16 11:07:33,174 [INFO] gaitguard.main: FPS=19.5 | tracks=1 | alerts=0
2025-11-16 11:07:34,628 [INFO] gaitguard.main: FPS=19.6 | tracks=1 | alerts=0
2025-11-16 11:07:36,165 [INFO] gaitguard.main: FPS=19.6 | tracks=1 | alerts=0
2025-11-16 11:07:37,641 [INFO] gaitguard.main: FPS=19.6 | tracks=1 | alerts=0
2025-11-16 11:07:39,080 [INFO] gaitguard.main: FPS=19.6 | tracks=1 | alerts=0
2025-11-16 11:07:40,545 [INFO] gaitguard.main: FPS=19.7 | tracks=1 | alerts=0
2025-11-16 11:07:42,028 [INFO] gaitguard.main: FPS=19.7 | tracks=1 | alerts=0
2025-11-16 11:07:43,529 [INFO] gaitguard.main: FPS=19.7 | tracks=1 | alerts=0
2025-11-16 11:07:45,019 [INFO] gaitguard.main: FPS=19.7 | tracks=1 | alerts=0
2025-11-16 11:07:46,453 [INFO] gaitguard.main: FPS=19.8 | tracks=1 | alerts=0
2025-11-16 11:07:47,870 [INFO] gaitguard.main: FPS=19.8 | tracks=1 | alerts=0
2025-11-16 11:07:49,339 [INFO] gaitguard.main: FPS=19.8 | tracks=1 | alerts=0
2025-11-16 11:07:50,778 [INFO] gaitguard.main: FPS=19.9 | tracks=1 | alerts=0
2025-11-16 11:07:52,288 [INFO] gaitguard.main: FPS=19.9 | tracks=1 | alerts=0
2025-11-16 11:07:53,882 [INFO] gaitguard.main: FPS=19.8 | tracks=1 | alerts=0
2025-11-16 11:07:55,393 [INFO] gaitguard.main: FPS=19.8 | tracks=1 | alerts=0
2025-11-16 11:07:56,845 [INFO] gaitguard.main: FPS=19.9 | tracks=1 | alerts=0
2025-11-16 11:07:58,315 [INFO] gaitguard.main: FPS=19.9 | tracks=1 | alerts=0
2025-11-16 11:07:59,734 [INFO] gaitguard.main: FPS=19.9 | tracks=1 | alerts=0
2025-11-16 11:08:01,203 [INFO] gaitguard.main: FPS=19.9 | tracks=1 | alerts=0
2025-11-16 11:08:03,048 [INFO] gaitguard.main: GaitGuard pipeline stopped.
2025-11-16 15:29:32,807 [INFO] gaitguard.device: Using CUDA device: NVIDIA GeForce RTX 3050 6GB Laptop GPU
2025-11-16 15:29:32,809 [INFO] gaitguard.main: Runtime device=cuda | half=True
2025-11-16 15:29:32,809 [INFO] perception.detector: Loading YOLO model 'yolo11n.pt' on device 'cuda'
2025-11-16 15:29:34,680 [INFO] perception.detector: YOLO model loaded in FP16 on CUDA
2025-11-16 15:29:34,681 [INFO] perception.detector: YOLO model ready
2025-11-16 15:29:34,681 [INFO] perception.perception_engine: Phase-1 PerceptionEngine initialized.
2025-11-16 15:29:34,681 [INFO] gaitguard.device: Using CUDA device: NVIDIA GeForce RTX 3050 6GB Laptop GPU
2025-11-16 15:29:34,684 [INFO] face.config: FaceConfig initialised | device=cuda half=True | gallery=C:\Users\ildi\Desktop\GaitGuard\data\face_gallery.enc | dim=512 metric=cosine
2025-11-16 15:29:34,684 [INFO] face.detector_align: Initialising FaceDetectorAligner with pack=buffalo_l ctx_id=0 det_size=(640, 640) providers=['CUDAExecutionProvider', 'CPUExecutionProvider']
2025-11-16 15:29:35,949 [INFO] face.route: FaceRoute initialised | lookback=2.0s max_entries=30 every_n_frames=5
2025-11-16 15:29:35,977 [ERROR] identity.face_gallery: Failed to load face gallery from C:\Users\ildi\Desktop\GaitGuard\data\face_gallery.enc: Encryption key environment variable 'GAITGUARD_FACE_KEY' is not set. Generate a strong random key and set it, e.g.:
  export GAITGUARD_FACE_KEY="$(openssl rand -hex 32)"
2025-11-16 15:29:35,977 [INFO] identity.identity_engine: FaceIdentityEngine initialised | strong_match_dist=0.900
2025-11-16 15:29:39,644 [INFO] gaitguard.main: GaitGuard pipeline (Phase-1 + Face 2A) started. Press ESC to exit.
2025-11-16 15:29:42,760 [INFO] gaitguard.main: FPS=9.8 | tracks=1 | alerts=0
2025-11-16 15:29:44,169 [INFO] gaitguard.main: FPS=13.3 | tracks=1 | alerts=0
2025-11-16 15:29:46,360 [INFO] gaitguard.main: FPS=13.5 | tracks=1 | alerts=0
2025-11-16 15:29:47,790 [INFO] gaitguard.main: FPS=14.8 | tracks=1 | alerts=0
2025-11-16 15:29:49,223 [INFO] gaitguard.main: FPS=15.7 | tracks=1 | alerts=0
2025-11-16 15:29:50,649 [INFO] gaitguard.main: FPS=16.4 | tracks=1 | alerts=0
2025-11-16 15:29:52,101 [INFO] gaitguard.main: FPS=16.9 | tracks=1 | alerts=0
2025-11-16 15:29:53,587 [INFO] gaitguard.main: FPS=17.2 | tracks=1 | alerts=0
2025-11-16 15:29:55,023 [INFO] gaitguard.main: FPS=17.6 | tracks=1 | alerts=0
2025-11-16 15:29:56,750 [INFO] gaitguard.main: FPS=17.6 | tracks=1 | alerts=0
2025-11-16 15:29:57,772 [INFO] gaitguard.main: GaitGuard pipeline stopped.
2025-11-16 15:34:32,617 [INFO] gaitguard.device: Using CUDA device: NVIDIA GeForce RTX 3050 6GB Laptop GPU
2025-11-16 15:34:32,617 [INFO] gaitguard.main: Runtime device=cuda | half=True
2025-11-16 15:34:32,617 [INFO] perception.detector: Loading YOLO model 'yolo11n.pt' on device 'cuda'
2025-11-16 15:34:33,591 [INFO] perception.detector: YOLO model loaded in FP16 on CUDA
2025-11-16 15:34:33,593 [INFO] perception.detector: YOLO model ready
2025-11-16 15:34:33,593 [INFO] perception.perception_engine: Phase-1 PerceptionEngine initialized.
2025-11-16 15:34:33,593 [INFO] gaitguard.device: Using CUDA device: NVIDIA GeForce RTX 3050 6GB Laptop GPU
2025-11-16 15:34:33,594 [INFO] face.config: FaceConfig initialised | device=cuda half=True | gallery=C:\Users\ildi\Desktop\GaitGuard\data\face_gallery.enc | dim=512 metric=cosine
2025-11-16 15:34:33,594 [INFO] face.detector_align: Initialising FaceDetectorAligner with pack=buffalo_l ctx_id=0 det_size=(640, 640) providers=['CUDAExecutionProvider', 'CPUExecutionProvider']
2025-11-16 15:34:34,558 [INFO] face.route: FaceRoute initialised | lookback=2.0s max_entries=30 every_n_frames=5
2025-11-16 15:34:34,604 [INFO] identity.crypto: Loaded AES key from env var 'GAITGUARD_FACE_KEY' (length=32 bytes).
2025-11-16 15:34:34,608 [INFO] identity.face_gallery: Face gallery loaded from C:\Users\ildi\Desktop\GaitGuard\data\face_gallery.enc (persons=1).
2025-11-16 15:34:34,608 [INFO] identity.identity_engine: FaceIdentityEngine initialised | strong_match_dist=0.900
2025-11-16 15:34:37,237 [INFO] gaitguard.main: GaitGuard pipeline (Phase-1 + Face 2A) started. Press ESC to exit.
2025-11-16 15:34:53,369 [INFO] gaitguard.main: GaitGuard pipeline stopped.
2025-11-16 15:35:02,092 [INFO] gaitguard.device: Using CUDA device: NVIDIA GeForce RTX 3050 6GB Laptop GPU
2025-11-16 15:35:02,092 [INFO] gaitguard.main: Runtime device=cuda | half=True
2025-11-16 15:35:02,092 [INFO] perception.detector: Loading YOLO model 'yolo11n.pt' on device 'cuda'
2025-11-16 15:35:03,083 [INFO] perception.detector: YOLO model loaded in FP16 on CUDA
2025-11-16 15:35:03,083 [INFO] perception.detector: YOLO model ready
2025-11-16 15:35:03,083 [INFO] perception.perception_engine: Phase-1 PerceptionEngine initialized.
2025-11-16 15:35:03,085 [INFO] gaitguard.device: Using CUDA device: NVIDIA GeForce RTX 3050 6GB Laptop GPU
2025-11-16 15:35:03,085 [INFO] face.config: FaceConfig initialised | device=cuda half=True | gallery=C:\Users\ildi\Desktop\GaitGuard\data\face_gallery.enc | dim=512 metric=cosine
2025-11-16 15:35:03,085 [INFO] face.detector_align: Initialising FaceDetectorAligner with pack=buffalo_l ctx_id=0 det_size=(640, 640) providers=['CUDAExecutionProvider', 'CPUExecutionProvider']
2025-11-16 15:35:04,024 [INFO] face.route: FaceRoute initialised | lookback=2.0s max_entries=30 every_n_frames=5
2025-11-16 15:35:04,024 [INFO] identity.crypto: Loaded AES key from env var 'GAITGUARD_FACE_KEY' (length=32 bytes).
2025-11-16 15:35:04,030 [INFO] identity.face_gallery: Face gallery loaded from C:\Users\ildi\Desktop\GaitGuard\data\face_gallery.enc (persons=1).
2025-11-16 15:35:04,030 [INFO] identity.identity_engine: FaceIdentityEngine initialised | strong_match_dist=0.900
2025-11-16 15:35:08,703 [INFO] gaitguard.main: GaitGuard pipeline (Phase-1 + Face 2A) started. Press ESC to exit.
2025-11-16 15:35:11,384 [INFO] gaitguard.main: FPS=11.3 | tracks=1 | alerts=0
2025-11-16 15:35:12,889 [INFO] gaitguard.main: FPS=14.6 | tracks=1 | alerts=0
2025-11-16 15:35:14,307 [INFO] gaitguard.main: FPS=16.1 | tracks=1 | alerts=0
2025-11-16 15:35:15,188 [INFO] identity.face_gallery: Face gallery FAISS index rebuilt (templates=5).
2025-11-16 15:35:15,715 [INFO] gaitguard.main: FPS=17.2 | tracks=1 | alerts=0
2025-11-16 15:35:17,102 [INFO] gaitguard.main: FPS=17.9 | tracks=1 | alerts=0
2025-11-16 15:35:18,479 [INFO] gaitguard.main: FPS=18.5 | tracks=1 | alerts=0
2025-11-16 15:35:19,821 [INFO] gaitguard.main: FPS=18.9 | tracks=1 | alerts=0
2025-11-16 15:35:21,265 [INFO] gaitguard.main: FPS=19.1 | tracks=1 | alerts=0
2025-11-16 15:35:22,610 [INFO] gaitguard.main: FPS=19.5 | tracks=1 | alerts=0
2025-11-16 15:35:24,069 [INFO] gaitguard.main: FPS=19.6 | tracks=1 | alerts=0
2025-11-16 15:35:25,429 [INFO] gaitguard.main: FPS=19.8 | tracks=1 | alerts=0
2025-11-16 15:35:26,785 [INFO] gaitguard.main: FPS=19.9 | tracks=1 | alerts=0
2025-11-16 15:35:28,220 [INFO] gaitguard.main: FPS=20.0 | tracks=1 | alerts=0
2025-11-16 15:35:29,579 [INFO] gaitguard.main: FPS=20.1 | tracks=1 | alerts=0
2025-11-16 15:35:31,053 [INFO] gaitguard.main: FPS=20.2 | tracks=1 | alerts=0
2025-11-16 15:35:32,426 [INFO] gaitguard.main: FPS=20.3 | tracks=1 | alerts=0
2025-11-16 15:35:33,892 [INFO] gaitguard.main: FPS=20.3 | tracks=1 | alerts=0
2025-11-16 15:35:35,392 [INFO] gaitguard.main: FPS=20.3 | tracks=1 | alerts=0
2025-11-16 15:35:36,871 [INFO] gaitguard.main: FPS=20.3 | tracks=1 | alerts=0
2025-11-16 15:35:38,295 [INFO] gaitguard.main: FPS=20.3 | tracks=1 | alerts=0
2025-11-16 15:35:39,741 [INFO] gaitguard.main: FPS=20.3 | tracks=1 | alerts=0
2025-11-16 15:35:41,140 [INFO] gaitguard.main: FPS=20.4 | tracks=1 | alerts=0
2025-11-16 15:35:42,569 [INFO] gaitguard.main: FPS=20.4 | tracks=1 | alerts=0
2025-11-16 15:35:44,036 [INFO] gaitguard.main: FPS=20.4 | tracks=1 | alerts=0
2025-11-16 15:35:45,388 [INFO] gaitguard.main: FPS=20.5 | tracks=1 | alerts=0
2025-11-16 15:35:46,792 [INFO] gaitguard.main: FPS=20.5 | tracks=1 | alerts=0
2025-11-16 15:35:48,200 [INFO] gaitguard.main: FPS=20.5 | tracks=1 | alerts=0
2025-11-16 15:35:49,585 [INFO] gaitguard.main: FPS=20.6 | tracks=1 | alerts=0
2025-11-16 15:35:50,944 [INFO] gaitguard.main: FPS=20.6 | tracks=1 | alerts=0
2025-11-16 15:35:52,284 [INFO] gaitguard.main: FPS=20.7 | tracks=1 | alerts=0
2025-11-16 15:35:53,641 [INFO] gaitguard.main: FPS=20.7 | tracks=1 | alerts=0
2025-11-16 15:35:55,247 [INFO] gaitguard.main: FPS=20.6 | tracks=1 | alerts=0
2025-11-16 15:35:56,827 [INFO] gaitguard.main: FPS=20.6 | tracks=1 | alerts=0
2025-11-16 15:35:58,426 [INFO] gaitguard.main: FPS=20.5 | tracks=1 | alerts=0
2025-11-16 15:35:59,966 [INFO] gaitguard.main: FPS=20.5 | tracks=1 | alerts=0
2025-11-16 15:36:01,574 [INFO] gaitguard.main: FPS=20.4 | tracks=1 | alerts=0
2025-11-16 15:36:03,155 [INFO] gaitguard.main: FPS=20.4 | tracks=1 | alerts=0
2025-11-16 15:36:04,702 [INFO] gaitguard.main: FPS=20.4 | tracks=1 | alerts=0
2025-11-16 15:36:06,329 [INFO] gaitguard.main: FPS=20.3 | tracks=1 | alerts=0
2025-11-16 15:36:07,899 [INFO] gaitguard.main: FPS=20.3 | tracks=1 | alerts=0
2025-11-16 15:36:09,461 [INFO] gaitguard.main: FPS=20.3 | tracks=1 | alerts=0
2025-11-16 15:36:11,011 [INFO] gaitguard.main: FPS=20.2 | tracks=1 | alerts=0
2025-11-16 15:36:12,284 [INFO] gaitguard.main: FPS=20.3 | tracks=1 | alerts=0
2025-11-16 15:36:13,974 [INFO] gaitguard.main: FPS=20.2 | tracks=1 | alerts=0
2025-11-16 15:36:15,692 [INFO] gaitguard.main: FPS=20.2 | tracks=1 | alerts=0
2025-11-16 15:36:17,161 [INFO] gaitguard.main: FPS=20.2 | tracks=1 | alerts=0
2025-11-16 15:36:18,715 [INFO] gaitguard.main: FPS=20.1 | tracks=1 | alerts=0
2025-11-16 15:36:20,556 [INFO] gaitguard.main: FPS=20.0 | tracks=1 | alerts=0
2025-11-16 15:36:22,560 [INFO] gaitguard.main: FPS=19.9 | tracks=1 | alerts=0
2025-11-16 15:36:24,448 [INFO] gaitguard.main: FPS=19.8 | tracks=1 | alerts=0
2025-11-16 15:36:26,326 [INFO] gaitguard.main: FPS=19.7 | tracks=1 | alerts=0
2025-11-16 15:36:28,217 [INFO] gaitguard.main: FPS=19.6 | tracks=1 | alerts=0
2025-11-16 15:36:30,136 [INFO] gaitguard.main: FPS=19.5 | tracks=1 | alerts=0
2025-11-16 15:36:32,033 [INFO] gaitguard.main: FPS=19.4 | tracks=1 | alerts=0
2025-11-16 15:36:33,940 [INFO] gaitguard.main: FPS=19.4 | tracks=1 | alerts=0
2025-11-16 15:36:35,808 [INFO] gaitguard.main: FPS=19.3 | tracks=1 | alerts=0
2025-11-16 15:36:37,698 [INFO] gaitguard.main: FPS=19.2 | tracks=1 | alerts=0
2025-11-16 15:36:39,573 [INFO] gaitguard.main: FPS=19.2 | tracks=1 | alerts=0
2025-11-16 15:36:41,438 [INFO] gaitguard.main: FPS=19.1 | tracks=1 | alerts=0
2025-11-16 15:36:43,385 [INFO] gaitguard.main: FPS=19.0 | tracks=1 | alerts=0
2025-11-16 15:36:45,308 [INFO] gaitguard.main: FPS=19.0 | tracks=1 | alerts=0
2025-11-16 15:36:47,271 [INFO] gaitguard.main: FPS=18.9 | tracks=1 | alerts=0
2025-11-16 15:36:48,994 [INFO] gaitguard.main: FPS=18.9 | tracks=1 | alerts=0
2025-11-16 15:36:50,466 [INFO] gaitguard.main: FPS=18.9 | tracks=1 | alerts=0
2025-11-16 15:36:51,819 [INFO] gaitguard.main: FPS=18.9 | tracks=1 | alerts=0
2025-11-16 15:36:53,223 [INFO] gaitguard.main: FPS=18.9 | tracks=1 | alerts=0
2025-11-16 15:36:54,464 [INFO] gaitguard.main: FPS=19.0 | tracks=1 | alerts=0
2025-11-16 15:36:55,850 [INFO] gaitguard.main: FPS=19.0 | tracks=1 | alerts=0
2025-11-16 15:36:57,183 [INFO] gaitguard.main: FPS=19.1 | tracks=1 | alerts=0
2025-11-16 15:36:58,756 [INFO] gaitguard.main: FPS=19.1 | tracks=2 | alerts=0
2025-11-16 15:37:00,261 [INFO] gaitguard.main: FPS=19.1 | tracks=1 | alerts=0
2025-11-16 15:37:01,726 [INFO] gaitguard.main: FPS=19.1 | tracks=1 | alerts=0
2025-11-16 15:37:03,173 [INFO] gaitguard.main: FPS=19.1 | tracks=1 | alerts=0
2025-11-16 15:37:04,609 [INFO] gaitguard.main: FPS=19.2 | tracks=1 | alerts=0
2025-11-16 15:37:06,076 [INFO] gaitguard.main: FPS=19.2 | tracks=1 | alerts=0
2025-11-16 15:37:07,348 [INFO] gaitguard.main: FPS=19.2 | tracks=1 | alerts=0
2025-11-16 15:37:08,824 [INFO] gaitguard.main: FPS=19.2 | tracks=1 | alerts=0
2025-11-16 15:37:10,567 [INFO] gaitguard.main: FPS=19.2 | tracks=1 | alerts=0
2025-11-16 15:37:11,980 [INFO] gaitguard.main: FPS=19.2 | tracks=1 | alerts=0
2025-11-16 15:37:13,400 [INFO] gaitguard.main: FPS=19.3 | tracks=1 | alerts=0
2025-11-16 15:37:14,808 [INFO] gaitguard.main: FPS=19.3 | tracks=1 | alerts=0
2025-11-16 15:37:16,358 [INFO] gaitguard.main: FPS=19.3 | tracks=1 | alerts=0
2025-11-16 15:37:17,878 [INFO] gaitguard.main: FPS=19.3 | tracks=1 | alerts=0
2025-11-16 15:37:19,431 [INFO] gaitguard.main: FPS=19.3 | tracks=1 | alerts=0
2025-11-16 15:37:21,160 [INFO] gaitguard.main: FPS=19.3 | tracks=1 | alerts=0
2025-11-16 15:37:22,792 [INFO] gaitguard.main: GaitGuard pipeline stopped.
2025-11-16 16:11:45,733 [INFO] gaitguard.device: Using CUDA device: NVIDIA GeForce RTX 3050 6GB Laptop GPU
2025-11-16 16:11:45,733 [INFO] gaitguard.main: Runtime device=cuda | half=True
2025-11-16 16:11:45,733 [INFO] perception.detector: Loading YOLO model 'yolo11n.pt' on device 'cuda'
2025-11-16 16:11:46,781 [INFO] perception.detector: YOLO model loaded in FP16 on CUDA
2025-11-16 16:11:46,781 [INFO] perception.detector: YOLO model ready
2025-11-16 16:11:46,781 [INFO] perception.perception_engine: Phase-1 PerceptionEngine initialized.
2025-11-16 16:11:46,781 [INFO] gaitguard.device: Using CUDA device: NVIDIA GeForce RTX 3050 6GB Laptop GPU
2025-11-16 16:11:46,783 [INFO] face.config: FaceConfig initialised | device=cuda half=True | gallery=C:\Users\ildi\Desktop\GaitGuard\data\face_gallery.enc | dim=512 metric=cosine
2025-11-16 16:11:46,784 [INFO] face.detector_align: Initialising FaceDetectorAligner with pack=buffalo_l ctx_id=0 det_size=(640, 640) providers=['CUDAExecutionProvider', 'CPUExecutionProvider']
2025-11-16 16:11:47,686 [INFO] face.route: FaceRoute initialised | lookback=2.0s max_entries=30 every_n_frames=5
2025-11-16 16:11:47,686 [INFO] identity.crypto: Loaded AES key from env var 'GAITGUARD_FACE_KEY' (length=32 bytes).
2025-11-16 16:11:47,697 [INFO] identity.face_gallery: Face gallery loaded from C:\Users\ildi\Desktop\GaitGuard\data\face_gallery.enc (persons=1).
2025-11-16 16:11:47,697 [INFO] identity.identity_engine: FaceIdentityEngine initialised | strong_match_dist=0.900
2025-11-16 16:11:52,621 [INFO] gaitguard.main: GaitGuard pipeline (Phase-1 + Face 2A) started. Press ESC to exit.
2025-11-16 16:11:54,769 [INFO] gaitguard.main: FPS=14.2 | tracks=1 | alerts=0
2025-11-16 16:11:56,132 [INFO] identity.face_gallery: Face gallery FAISS index rebuilt (templates=5).
2025-11-16 16:11:56,691 [INFO] gaitguard.main: FPS=14.9 | tracks=1 | alerts=0
2025-11-16 16:11:58,106 [INFO] gaitguard.main: FPS=16.5 | tracks=1 | alerts=0
2025-11-16 16:11:59,578 [INFO] gaitguard.main: FPS=17.3 | tracks=1 | alerts=0
2025-11-16 16:12:01,059 [INFO] gaitguard.main: FPS=17.9 | tracks=1 | alerts=0
2025-11-16 16:12:02,550 [INFO] gaitguard.main: FPS=18.2 | tracks=1 | alerts=0
2025-11-16 16:12:04,049 [INFO] gaitguard.main: FPS=18.4 | tracks=1 | alerts=0
2025-11-16 16:12:05,469 [INFO] gaitguard.main: FPS=18.7 | tracks=1 | alerts=0
2025-11-16 16:12:07,117 [INFO] gaitguard.main: FPS=18.7 | tracks=1 | alerts=0
2025-11-16 16:12:08,611 [INFO] gaitguard.main: FPS=18.8 | tracks=1 | alerts=0
2025-11-16 16:12:10,067 [INFO] gaitguard.main: FPS=19.0 | tracks=1 | alerts=0
2025-11-16 16:12:11,537 [INFO] gaitguard.main: FPS=19.1 | tracks=1 | alerts=0
2025-11-16 16:12:12,977 [INFO] gaitguard.main: FPS=19.2 | tracks=1 | alerts=0
2025-11-16 16:12:14,392 [INFO] gaitguard.main: FPS=19.3 | tracks=1 | alerts=0
2025-11-16 16:12:15,797 [INFO] gaitguard.main: FPS=19.4 | tracks=1 | alerts=0
2025-11-16 16:12:17,249 [INFO] gaitguard.main: FPS=19.5 | tracks=1 | alerts=0
2025-11-16 16:12:18,721 [INFO] gaitguard.main: FPS=19.6 | tracks=1 | alerts=0
2025-11-16 16:12:20,220 [INFO] gaitguard.main: FPS=19.6 | tracks=1 | alerts=0
2025-11-16 16:12:21,638 [INFO] gaitguard.main: FPS=19.7 | tracks=1 | alerts=0
2025-11-16 16:12:23,098 [INFO] gaitguard.main: FPS=19.7 | tracks=1 | alerts=0
2025-11-16 16:12:24,550 [INFO] gaitguard.main: FPS=19.7 | tracks=1 | alerts=0
2025-11-16 16:12:25,967 [INFO] gaitguard.main: FPS=19.8 | tracks=1 | alerts=0
2025-11-16 16:12:27,458 [INFO] gaitguard.main: FPS=19.8 | tracks=3 | alerts=0
2025-11-16 16:12:28,991 [INFO] gaitguard.main: FPS=19.8 | tracks=3 | alerts=0
2025-11-16 16:12:30,470 [INFO] gaitguard.main: FPS=19.8 | tracks=3 | alerts=0
2025-11-16 16:12:31,952 [INFO] gaitguard.main: FPS=19.8 | tracks=2 | alerts=0
2025-11-16 16:12:33,425 [INFO] gaitguard.main: FPS=19.9 | tracks=2 | alerts=0
2025-11-16 16:12:34,860 [INFO] gaitguard.main: FPS=19.9 | tracks=1 | alerts=0
2025-11-16 16:12:36,291 [INFO] gaitguard.main: FPS=19.9 | tracks=1 | alerts=0
2025-11-16 16:12:37,728 [INFO] gaitguard.main: FPS=20.0 | tracks=1 | alerts=0
2025-11-16 16:12:39,222 [INFO] gaitguard.main: FPS=20.0 | tracks=1 | alerts=0
2025-11-16 16:12:40,682 [INFO] gaitguard.main: FPS=20.0 | tracks=1 | alerts=0
2025-11-16 16:12:42,130 [INFO] gaitguard.main: FPS=20.0 | tracks=1 | alerts=0
2025-11-16 16:12:43,615 [INFO] gaitguard.main: FPS=20.0 | tracks=1 | alerts=0
2025-11-16 16:12:45,061 [INFO] gaitguard.main: FPS=20.0 | tracks=1 | alerts=0
2025-11-16 16:12:46,511 [INFO] gaitguard.main: FPS=20.1 | tracks=1 | alerts=0
2025-11-16 16:12:47,962 [INFO] gaitguard.main: FPS=20.1 | tracks=1 | alerts=0
2025-11-16 16:12:49,427 [INFO] gaitguard.main: FPS=20.1 | tracks=1 | alerts=0
2025-11-16 16:12:50,860 [INFO] gaitguard.main: FPS=20.1 | tracks=1 | alerts=0
2025-11-16 16:12:52,313 [INFO] gaitguard.main: FPS=20.1 | tracks=1 | alerts=0
2025-11-16 16:12:53,782 [INFO] gaitguard.main: FPS=20.1 | tracks=1 | alerts=0
2025-11-16 16:12:55,237 [INFO] gaitguard.main: FPS=20.1 | tracks=1 | alerts=0
2025-11-16 16:12:56,690 [INFO] gaitguard.main: FPS=20.1 | tracks=1 | alerts=0
2025-11-16 16:12:58,096 [INFO] gaitguard.main: FPS=20.2 | tracks=1 | alerts=0
2025-11-16 16:12:59,496 [INFO] gaitguard.main: FPS=20.2 | tracks=1 | alerts=0
2025-11-16 16:13:00,904 [INFO] gaitguard.main: FPS=20.2 | tracks=1 | alerts=0
2025-11-16 16:13:02,375 [INFO] gaitguard.main: FPS=20.2 | tracks=1 | alerts=0
2025-11-16 16:13:03,866 [INFO] gaitguard.main: FPS=20.2 | tracks=1 | alerts=0
2025-11-16 16:13:05,317 [INFO] gaitguard.main: FPS=20.2 | tracks=1 | alerts=0
2025-11-16 16:13:06,715 [INFO] gaitguard.main: FPS=20.3 | tracks=1 | alerts=0
2025-11-16 16:13:08,156 [INFO] gaitguard.main: FPS=20.3 | tracks=1 | alerts=0
2025-11-16 16:13:09,577 [INFO] gaitguard.main: FPS=20.3 | tracks=1 | alerts=0
2025-11-16 16:13:11,014 [INFO] gaitguard.main: FPS=20.3 | tracks=1 | alerts=0
2025-11-16 16:13:12,444 [INFO] gaitguard.main: FPS=20.3 | tracks=1 | alerts=0
2025-11-16 16:13:13,836 [INFO] gaitguard.main: FPS=20.3 | tracks=1 | alerts=0
2025-11-16 16:13:15,274 [INFO] gaitguard.main: FPS=20.3 | tracks=1 | alerts=0
2025-11-16 16:13:16,712 [INFO] gaitguard.main: FPS=20.3 | tracks=1 | alerts=0
2025-11-16 16:13:17,885 [INFO] gaitguard.main: FPS=20.4 | tracks=1 | alerts=0
2025-11-16 16:13:18,891 [INFO] gaitguard.main: FPS=20.5 | tracks=0 | alerts=0
2025-11-16 16:13:19,885 [INFO] gaitguard.main: FPS=20.6 | tracks=0 | alerts=0
2025-11-16 16:13:20,858 [INFO] gaitguard.main: FPS=20.7 | tracks=0 | alerts=0
2025-11-16 16:13:22,172 [INFO] gaitguard.main: FPS=20.8 | tracks=2 | alerts=0
2025-11-16 16:13:24,138 [INFO] gaitguard.main: FPS=20.7 | tracks=2 | alerts=0
2025-11-16 16:13:25,565 [INFO] gaitguard.main: FPS=20.7 | tracks=1 | alerts=0
2025-11-16 16:13:27,019 [INFO] gaitguard.main: FPS=20.7 | tracks=1 | alerts=0
2025-11-16 16:13:28,490 [INFO] gaitguard.main: FPS=20.7 | tracks=1 | alerts=0
2025-11-16 16:13:29,908 [INFO] gaitguard.main: FPS=20.7 | tracks=1 | alerts=0
2025-11-16 16:13:31,330 [INFO] gaitguard.main: FPS=20.7 | tracks=1 | alerts=0
2025-11-16 16:13:32,776 [INFO] gaitguard.main: FPS=20.7 | tracks=1 | alerts=0
2025-11-16 16:13:34,182 [INFO] gaitguard.main: FPS=20.7 | tracks=1 | alerts=0
2025-11-16 16:13:35,591 [INFO] gaitguard.main: FPS=20.7 | tracks=1 | alerts=0
2025-11-16 16:13:36,723 [INFO] gaitguard.main: GaitGuard pipeline stopped.
2025-11-16 16:20:01,862 [INFO] gaitguard.device: Using CUDA device: NVIDIA GeForce RTX 3050 6GB Laptop GPU
2025-11-16 16:20:01,862 [INFO] gaitguard.main: Runtime device=cuda | half=True
2025-11-16 16:20:01,862 [INFO] perception.detector: Loading YOLO model 'yolo11n.pt' on device 'cuda'
2025-11-16 16:20:02,895 [INFO] perception.detector: YOLO model loaded in FP16 on CUDA
2025-11-16 16:20:02,895 [INFO] perception.detector: YOLO model ready
2025-11-16 16:20:02,895 [INFO] perception.perception_engine: Phase-1 PerceptionEngine initialized.
2025-11-16 16:20:02,895 [INFO] gaitguard.device: Using CUDA device: NVIDIA GeForce RTX 3050 6GB Laptop GPU
2025-11-16 16:20:02,898 [INFO] face.config: FaceConfig initialised | device=cuda half=True | gallery=C:\Users\ildi\Desktop\GaitGuard\data\face_gallery.enc | dim=512 metric=cosine
2025-11-16 16:20:02,898 [INFO] face.detector_align: Initialising FaceDetectorAligner with pack=buffalo_l ctx_id=0 det_size=(640, 640) providers=['CUDAExecutionProvider', 'CPUExecutionProvider']
2025-11-16 16:20:03,813 [INFO] face.route: FaceRoute initialised | lookback=2.0s max_entries=30 every_n_frames=5
2025-11-16 16:20:03,814 [INFO] identity.crypto: Loaded AES key from env var 'GAITGUARD_FACE_KEY' (length=32 bytes).
2025-11-16 16:20:03,817 [INFO] identity.face_gallery: Face gallery loaded from C:\Users\ildi\Desktop\GaitGuard\data\face_gallery.enc (persons=1).
2025-11-16 16:20:03,819 [INFO] identity.identity_engine: FaceIdentityEngine initialised | strong_match_dist=0.900
2025-11-16 16:20:08,665 [INFO] gaitguard.main: GaitGuard pipeline (Phase-1 + Face 2A) started. Press ESC to exit.
2025-11-16 16:20:10,732 [INFO] identity.face_gallery: Face gallery FAISS index rebuilt (templates=5).
2025-11-16 16:20:11,524 [INFO] gaitguard.main: FPS=10.6 | tracks=1 | alerts=0
2025-11-16 16:20:12,898 [INFO] gaitguard.main: FPS=14.3 | tracks=1 | alerts=0
2025-11-16 16:20:14,300 [INFO] gaitguard.main: FPS=16.1 | tracks=1 | alerts=0
2025-11-16 16:20:15,711 [INFO] gaitguard.main: FPS=17.1 | tracks=1 | alerts=0
2025-11-16 16:20:17,095 [INFO] gaitguard.main: FPS=17.9 | tracks=1 | alerts=0
2025-11-16 16:20:18,529 [INFO] gaitguard.main: FPS=18.3 | tracks=1 | alerts=0
2025-11-16 16:20:19,996 [INFO] gaitguard.main: FPS=18.6 | tracks=1 | alerts=0
2025-11-16 16:20:21,360 [INFO] gaitguard.main: FPS=18.9 | tracks=1 | alerts=0
2025-11-16 16:20:22,750 [INFO] gaitguard.main: FPS=19.2 | tracks=1 | alerts=0
2025-11-16 16:20:24,110 [INFO] gaitguard.main: FPS=19.5 | tracks=1 | alerts=0
2025-11-16 16:20:25,540 [INFO] gaitguard.main: FPS=19.6 | tracks=1 | alerts=0
2025-11-16 16:20:26,968 [INFO] gaitguard.main: FPS=19.7 | tracks=1 | alerts=0
2025-11-16 16:20:28,500 [INFO] gaitguard.main: FPS=19.7 | tracks=1 | alerts=0
2025-11-16 16:20:30,019 [INFO] gaitguard.main: FPS=19.7 | tracks=1 | alerts=0
2025-11-16 16:20:31,596 [INFO] gaitguard.main: FPS=19.6 | tracks=1 | alerts=0
2025-11-16 16:20:33,278 [INFO] gaitguard.main: FPS=19.5 | tracks=1 | alerts=0
2025-11-16 16:20:34,972 [INFO] gaitguard.main: FPS=19.4 | tracks=1 | alerts=0
2025-11-16 16:20:36,541 [INFO] gaitguard.main: FPS=19.4 | tracks=1 | alerts=0
2025-11-16 16:20:38,139 [INFO] gaitguard.main: FPS=19.4 | tracks=1 | alerts=0
2025-11-16 16:20:39,723 [INFO] gaitguard.main: FPS=19.3 | tracks=1 | alerts=0
2025-11-16 16:20:41,241 [INFO] gaitguard.main: FPS=19.4 | tracks=1 | alerts=0
2025-11-16 16:20:42,897 [INFO] gaitguard.main: FPS=19.3 | tracks=1 | alerts=0
2025-11-16 16:20:44,432 [INFO] gaitguard.main: FPS=19.3 | tracks=1 | alerts=0
2025-11-16 16:20:46,005 [INFO] gaitguard.main: FPS=19.3 | tracks=1 | alerts=0
2025-11-16 16:20:47,611 [INFO] gaitguard.main: FPS=19.3 | tracks=1 | alerts=0
2025-11-16 16:20:49,104 [INFO] gaitguard.main: FPS=19.3 | tracks=1 | alerts=0
2025-11-16 16:20:50,650 [INFO] gaitguard.main: FPS=19.3 | tracks=1 | alerts=0
2025-11-16 16:20:52,193 [INFO] gaitguard.main: FPS=19.3 | tracks=1 | alerts=0
2025-11-16 16:20:53,796 [INFO] gaitguard.main: FPS=19.3 | tracks=1 | alerts=0
2025-11-16 16:20:55,289 [INFO] gaitguard.main: FPS=19.3 | tracks=1 | alerts=0
2025-11-16 16:20:56,907 [INFO] gaitguard.main: FPS=19.3 | tracks=1 | alerts=0
2025-11-16 16:20:58,504 [INFO] gaitguard.main: FPS=19.3 | tracks=1 | alerts=0
2025-11-16 16:21:00,015 [INFO] gaitguard.main: FPS=19.3 | tracks=1 | alerts=0
2025-11-16 16:21:01,572 [INFO] gaitguard.main: FPS=19.3 | tracks=1 | alerts=0
2025-11-16 16:21:03,208 [INFO] gaitguard.main: FPS=19.3 | tracks=1 | alerts=0
2025-11-16 16:21:04,797 [INFO] gaitguard.main: FPS=19.3 | tracks=1 | alerts=0
2025-11-16 16:21:06,392 [INFO] gaitguard.main: FPS=19.2 | tracks=1 | alerts=0
2025-11-16 16:21:07,943 [INFO] gaitguard.main: FPS=19.2 | tracks=1 | alerts=0
2025-11-16 16:21:09,828 [INFO] gaitguard.main: FPS=19.1 | tracks=1 | alerts=0
2025-11-16 16:21:11,803 [INFO] gaitguard.main: FPS=19.0 | tracks=1 | alerts=0
2025-11-16 16:21:13,800 [INFO] gaitguard.main: FPS=18.9 | tracks=1 | alerts=0
2025-11-16 16:21:15,702 [INFO] gaitguard.main: FPS=18.8 | tracks=1 | alerts=0
2025-11-16 16:21:17,588 [INFO] gaitguard.main: FPS=18.7 | tracks=1 | alerts=0
2025-11-16 16:21:19,554 [INFO] gaitguard.main: FPS=18.6 | tracks=1 | alerts=0
2025-11-16 16:21:21,446 [INFO] gaitguard.main: FPS=18.6 | tracks=1 | alerts=0
2025-11-16 16:21:23,320 [INFO] gaitguard.main: FPS=18.5 | tracks=1 | alerts=0
2025-11-16 16:21:25,217 [INFO] gaitguard.main: FPS=18.4 | tracks=1 | alerts=0
2025-11-16 16:21:27,066 [INFO] gaitguard.main: FPS=18.4 | tracks=1 | alerts=0
2025-11-16 16:21:28,894 [INFO] gaitguard.main: FPS=18.3 | tracks=1 | alerts=0
2025-11-16 16:21:30,824 [INFO] gaitguard.main: FPS=18.3 | tracks=1 | alerts=0
2025-11-16 16:21:32,693 [INFO] gaitguard.main: FPS=18.2 | tracks=1 | alerts=0
2025-11-16 16:21:34,646 [INFO] gaitguard.main: FPS=18.2 | tracks=1 | alerts=0
2025-11-16 16:21:36,556 [INFO] gaitguard.main: FPS=18.1 | tracks=1 | alerts=0
2025-11-16 16:21:38,374 [INFO] gaitguard.main: FPS=18.1 | tracks=1 | alerts=0
2025-11-16 16:21:40,303 [INFO] gaitguard.main: FPS=18.0 | tracks=1 | alerts=0
2025-11-16 16:21:42,192 [INFO] gaitguard.main: FPS=18.0 | tracks=1 | alerts=0
2025-11-16 16:21:44,182 [INFO] gaitguard.main: FPS=17.9 | tracks=1 | alerts=0
2025-11-16 16:21:46,083 [INFO] gaitguard.main: FPS=17.9 | tracks=1 | alerts=0
2025-11-16 16:21:48,031 [INFO] gaitguard.main: FPS=17.8 | tracks=1 | alerts=0
2025-11-16 16:21:49,896 [INFO] gaitguard.main: FPS=17.8 | tracks=1 | alerts=0
2025-11-16 16:21:51,801 [INFO] gaitguard.main: FPS=17.7 | tracks=1 | alerts=0
2025-11-16 16:21:53,722 [INFO] gaitguard.main: FPS=17.7 | tracks=1 | alerts=0
2025-11-16 16:21:55,638 [INFO] gaitguard.main: FPS=17.7 | tracks=1 | alerts=0
2025-11-16 16:21:57,557 [INFO] gaitguard.main: FPS=17.6 | tracks=1 | alerts=0
2025-11-16 16:21:59,560 [INFO] gaitguard.main: FPS=17.6 | tracks=1 | alerts=0
2025-11-16 16:22:01,501 [INFO] gaitguard.main: FPS=17.6 | tracks=1 | alerts=0
2025-11-16 16:22:03,388 [INFO] gaitguard.main: FPS=17.5 | tracks=1 | alerts=0
2025-11-16 16:22:05,347 [INFO] gaitguard.main: FPS=17.5 | tracks=1 | alerts=0
2025-11-16 16:22:07,377 [INFO] gaitguard.main: FPS=17.4 | tracks=1 | alerts=0
2025-11-16 16:22:09,525 [INFO] gaitguard.main: FPS=17.4 | tracks=1 | alerts=0
2025-11-16 16:22:11,542 [INFO] gaitguard.main: FPS=17.3 | tracks=1 | alerts=0
2025-11-16 16:22:13,477 [INFO] gaitguard.main: FPS=17.3 | tracks=1 | alerts=0
2025-11-16 16:22:15,423 [INFO] gaitguard.main: FPS=17.3 | tracks=1 | alerts=0
2025-11-16 16:22:17,339 [INFO] gaitguard.main: FPS=17.3 | tracks=1 | alerts=0
2025-11-16 16:22:19,380 [INFO] gaitguard.main: FPS=17.2 | tracks=1 | alerts=0
2025-11-16 16:22:21,288 [INFO] gaitguard.main: FPS=17.2 | tracks=1 | alerts=0
2025-11-16 16:22:23,181 [INFO] gaitguard.main: FPS=17.2 | tracks=1 | alerts=0
2025-11-16 16:22:25,107 [INFO] gaitguard.main: FPS=17.2 | tracks=1 | alerts=0
2025-11-16 16:22:27,018 [INFO] gaitguard.main: FPS=17.1 | tracks=1 | alerts=0
2025-11-16 16:22:28,656 [INFO] gaitguard.main: FPS=17.1 | tracks=1 | alerts=0
2025-11-16 16:22:30,250 [INFO] gaitguard.main: FPS=17.2 | tracks=1 | alerts=0
2025-11-16 16:22:31,851 [INFO] gaitguard.main: FPS=17.2 | tracks=1 | alerts=0
2025-11-16 16:22:33,521 [INFO] gaitguard.main: FPS=17.2 | tracks=1 | alerts=0
2025-11-16 16:22:35,147 [INFO] gaitguard.main: FPS=17.2 | tracks=1 | alerts=0
2025-11-16 16:22:36,779 [INFO] gaitguard.main: FPS=17.2 | tracks=1 | alerts=0
2025-11-16 16:22:38,487 [INFO] gaitguard.main: FPS=17.2 | tracks=1 | alerts=0
2025-11-16 16:22:40,172 [INFO] gaitguard.main: FPS=17.2 | tracks=1 | alerts=0
2025-11-16 16:22:41,845 [INFO] gaitguard.main: FPS=17.2 | tracks=1 | alerts=0
2025-11-16 16:22:43,385 [INFO] gaitguard.main: FPS=17.3 | tracks=1 | alerts=0
2025-11-16 16:22:45,015 [INFO] gaitguard.main: FPS=17.3 | tracks=1 | alerts=0
2025-11-16 16:22:46,955 [INFO] gaitguard.main: FPS=17.3 | tracks=2 | alerts=0
2025-11-16 16:22:48,666 [INFO] gaitguard.main: FPS=17.3 | tracks=1 | alerts=0
2025-11-16 16:22:50,431 [INFO] gaitguard.main: FPS=17.3 | tracks=1 | alerts=0
2025-11-16 16:22:52,118 [INFO] gaitguard.main: FPS=17.3 | tracks=1 | alerts=0
2025-11-16 16:22:53,783 [INFO] gaitguard.main: FPS=17.3 | tracks=1 | alerts=0
2025-11-16 16:22:55,437 [INFO] gaitguard.main: FPS=17.3 | tracks=1 | alerts=0
2025-11-16 16:22:57,124 [INFO] gaitguard.main: FPS=17.3 | tracks=1 | alerts=0
2025-11-16 16:22:58,731 [INFO] gaitguard.main: FPS=17.3 | tracks=1 | alerts=0
2025-11-16 16:23:00,414 [INFO] gaitguard.main: FPS=17.3 | tracks=1 | alerts=0
2025-11-16 16:23:02,082 [INFO] gaitguard.main: FPS=17.3 | tracks=1 | alerts=0
2025-11-16 16:23:03,855 [INFO] gaitguard.main: FPS=17.3 | tracks=1 | alerts=0
2025-11-16 16:23:05,541 [INFO] gaitguard.main: FPS=17.3 | tracks=1 | alerts=0
2025-11-16 16:23:07,196 [INFO] gaitguard.main: FPS=17.3 | tracks=1 | alerts=0
2025-11-16 16:23:08,843 [INFO] gaitguard.main: FPS=17.3 | tracks=1 | alerts=0
2025-11-16 16:23:10,467 [INFO] gaitguard.main: FPS=17.3 | tracks=1 | alerts=0
2025-11-16 16:23:12,213 [INFO] gaitguard.main: FPS=17.3 | tracks=1 | alerts=0
2025-11-16 16:23:13,937 [INFO] gaitguard.main: FPS=17.3 | tracks=1 | alerts=0
2025-11-16 16:23:15,615 [INFO] gaitguard.main: FPS=17.3 | tracks=1 | alerts=0
2025-11-16 16:23:17,325 [INFO] gaitguard.main: FPS=17.3 | tracks=1 | alerts=0
2025-11-16 16:23:19,058 [INFO] gaitguard.main: FPS=17.3 | tracks=1 | alerts=0
2025-11-16 16:23:20,807 [INFO] gaitguard.main: FPS=17.3 | tracks=1 | alerts=0
2025-11-16 16:23:22,384 [INFO] gaitguard.main: FPS=17.4 | tracks=1 | alerts=0
2025-11-16 16:23:24,040 [INFO] gaitguard.main: FPS=17.4 | tracks=1 | alerts=0
2025-11-16 16:23:25,947 [INFO] gaitguard.main: FPS=17.3 | tracks=1 | alerts=0
2025-11-16 16:23:27,808 [INFO] gaitguard.main: FPS=17.3 | tracks=1 | alerts=0
2025-11-16 16:23:29,680 [INFO] gaitguard.main: FPS=17.3 | tracks=1 | alerts=0
2025-11-16 16:23:31,390 [INFO] gaitguard.main: FPS=17.3 | tracks=1 | alerts=0
2025-11-16 16:23:33,140 [INFO] gaitguard.main: FPS=17.3 | tracks=1 | alerts=0
2025-11-16 16:23:34,731 [INFO] gaitguard.main: FPS=17.3 | tracks=1 | alerts=0
2025-11-16 16:23:36,394 [INFO] gaitguard.main: FPS=17.3 | tracks=1 | alerts=0
2025-11-16 16:23:38,049 [INFO] gaitguard.main: FPS=17.3 | tracks=1 | alerts=0
2025-11-16 16:23:39,762 [INFO] gaitguard.main: FPS=17.3 | tracks=1 | alerts=0
2025-11-16 16:23:41,421 [INFO] gaitguard.main: FPS=17.4 | tracks=1 | alerts=0
2025-11-16 16:23:43,106 [INFO] gaitguard.main: FPS=17.4 | tracks=1 | alerts=0
2025-11-16 16:23:44,750 [INFO] gaitguard.main: FPS=17.4 | tracks=1 | alerts=0
2025-11-16 16:23:46,410 [INFO] gaitguard.main: FPS=17.4 | tracks=1 | alerts=0
2025-11-16 16:23:48,045 [INFO] gaitguard.main: FPS=17.4 | tracks=1 | alerts=0
2025-11-16 16:23:49,730 [INFO] gaitguard.main: FPS=17.4 | tracks=1 | alerts=0
2025-11-16 16:23:51,345 [INFO] gaitguard.main: FPS=17.4 | tracks=1 | alerts=0
2025-11-16 16:23:52,991 [INFO] gaitguard.main: FPS=17.4 | tracks=1 | alerts=0
2025-11-16 16:23:54,677 [INFO] gaitguard.main: FPS=17.4 | tracks=1 | alerts=0
2025-11-16 16:23:56,357 [INFO] gaitguard.main: FPS=17.4 | tracks=1 | alerts=0
2025-11-16 16:23:58,026 [INFO] gaitguard.main: FPS=17.4 | tracks=1 | alerts=0
2025-11-16 16:23:59,643 [INFO] gaitguard.main: FPS=17.4 | tracks=1 | alerts=0
2025-11-16 16:24:01,335 [INFO] gaitguard.main: FPS=17.4 | tracks=1 | alerts=0
2025-11-16 16:24:03,015 [INFO] gaitguard.main: FPS=17.4 | tracks=1 | alerts=0
2025-11-16 16:24:04,648 [INFO] gaitguard.main: FPS=17.4 | tracks=1 | alerts=0
2025-11-16 16:24:06,353 [INFO] gaitguard.main: FPS=17.4 | tracks=1 | alerts=0
2025-11-16 16:24:08,078 [INFO] gaitguard.main: FPS=17.4 | tracks=1 | alerts=0
2025-11-16 16:24:09,784 [INFO] gaitguard.main: FPS=17.4 | tracks=1 | alerts=0
2025-11-16 16:24:11,425 [INFO] gaitguard.main: FPS=17.4 | tracks=1 | alerts=0
2025-11-16 16:24:13,076 [INFO] gaitguard.main: FPS=17.4 | tracks=1 | alerts=0
2025-11-16 16:24:14,682 [INFO] gaitguard.main: FPS=17.4 | tracks=1 | alerts=0
2025-11-16 16:24:16,377 [INFO] gaitguard.main: FPS=17.4 | tracks=1 | alerts=0
2025-11-16 16:24:18,048 [INFO] gaitguard.main: FPS=17.4 | tracks=1 | alerts=0
2025-11-16 16:24:20,485 [INFO] gaitguard.main: FPS=17.4 | tracks=4 | alerts=0
2025-11-16 16:24:22,565 [INFO] gaitguard.main: FPS=17.4 | tracks=1 | alerts=0
2025-11-16 16:24:24,182 [INFO] gaitguard.main: FPS=17.4 | tracks=1 | alerts=0
2025-11-16 16:24:25,810 [INFO] gaitguard.main: FPS=17.4 | tracks=1 | alerts=0
2025-11-16 16:24:27,482 [INFO] gaitguard.main: FPS=17.4 | tracks=1 | alerts=0
2025-11-16 16:24:29,070 [INFO] gaitguard.main: FPS=17.4 | tracks=1 | alerts=0
2025-11-16 16:24:30,690 [INFO] gaitguard.main: FPS=17.4 | tracks=1 | alerts=0
2025-11-16 16:24:32,286 [INFO] gaitguard.main: FPS=17.4 | tracks=1 | alerts=0
2025-11-16 16:24:33,969 [INFO] gaitguard.main: FPS=17.4 | tracks=1 | alerts=0
2025-11-16 16:24:35,755 [INFO] gaitguard.main: FPS=17.4 | tracks=1 | alerts=0
2025-11-16 16:24:37,578 [INFO] gaitguard.main: FPS=17.4 | tracks=1 | alerts=0
2025-11-16 16:24:39,521 [INFO] gaitguard.main: FPS=17.4 | tracks=1 | alerts=0
2025-11-16 16:24:41,481 [INFO] gaitguard.main: FPS=17.4 | tracks=1 | alerts=0
2025-11-16 16:24:43,416 [INFO] gaitguard.main: FPS=17.4 | tracks=1 | alerts=0
2025-11-16 16:24:45,280 [INFO] gaitguard.main: FPS=17.4 | tracks=1 | alerts=0
2025-11-16 16:24:47,230 [INFO] gaitguard.main: FPS=17.3 | tracks=1 | alerts=0
2025-11-16 16:24:49,208 [INFO] gaitguard.main: FPS=17.3 | tracks=1 | alerts=0
2025-11-16 16:24:51,167 [INFO] gaitguard.main: FPS=17.3 | tracks=1 | alerts=0
2025-11-16 16:24:53,215 [INFO] gaitguard.main: FPS=17.3 | tracks=1 | alerts=0
2025-11-16 16:24:55,025 [INFO] gaitguard.main: FPS=17.3 | tracks=1 | alerts=0
2025-11-16 16:24:56,973 [INFO] gaitguard.main: FPS=17.3 | tracks=1 | alerts=0
2025-11-16 16:24:58,876 [INFO] gaitguard.main: FPS=17.3 | tracks=1 | alerts=0
2025-11-16 16:25:00,876 [INFO] gaitguard.main: FPS=17.3 | tracks=1 | alerts=0
2025-11-16 16:25:02,738 [INFO] gaitguard.main: FPS=17.2 | tracks=1 | alerts=0
2025-11-16 16:25:04,559 [INFO] gaitguard.main: FPS=17.2 | tracks=1 | alerts=0
2025-11-16 16:25:06,412 [INFO] gaitguard.main: FPS=17.2 | tracks=1 | alerts=0
2025-11-16 16:25:08,342 [INFO] gaitguard.main: FPS=17.2 | tracks=1 | alerts=0
2025-11-16 16:25:10,234 [INFO] gaitguard.main: FPS=17.2 | tracks=1 | alerts=0
2025-11-16 16:25:11,845 [INFO] gaitguard.main: FPS=17.2 | tracks=1 | alerts=0
2025-11-16 16:25:13,495 [INFO] gaitguard.main: FPS=17.2 | tracks=1 | alerts=0
2025-11-16 16:25:15,075 [INFO] gaitguard.main: FPS=17.2 | tracks=1 | alerts=0
2025-11-16 16:25:16,675 [INFO] gaitguard.main: FPS=17.2 | tracks=1 | alerts=0
2025-11-16 16:25:18,265 [INFO] gaitguard.main: FPS=17.3 | tracks=1 | alerts=0
2025-11-16 16:25:19,949 [INFO] gaitguard.main: FPS=17.3 | tracks=1 | alerts=0
2025-11-16 16:25:21,602 [INFO] gaitguard.main: FPS=17.3 | tracks=1 | alerts=0
2025-11-16 16:25:23,219 [INFO] gaitguard.main: FPS=17.3 | tracks=1 | alerts=0
2025-11-16 16:25:24,933 [INFO] gaitguard.main: FPS=17.3 | tracks=1 | alerts=0
2025-11-16 16:25:26,675 [INFO] gaitguard.main: FPS=17.3 | tracks=1 | alerts=0
2025-11-16 16:25:28,371 [INFO] gaitguard.main: FPS=17.3 | tracks=1 | alerts=0
2025-11-16 16:25:30,283 [INFO] gaitguard.main: FPS=17.3 | tracks=1 | alerts=0
2025-11-16 16:25:31,936 [INFO] gaitguard.main: FPS=17.3 | tracks=1 | alerts=0
2025-11-16 16:25:33,614 [INFO] gaitguard.main: FPS=17.3 | tracks=1 | alerts=0
2025-11-16 16:25:35,266 [INFO] gaitguard.main: FPS=17.3 | tracks=1 | alerts=0
2025-11-16 16:25:37,046 [INFO] gaitguard.main: FPS=17.3 | tracks=1 | alerts=0
2025-11-16 16:25:38,921 [INFO] gaitguard.main: FPS=17.3 | tracks=1 | alerts=0
2025-11-16 16:25:40,944 [INFO] gaitguard.main: FPS=17.3 | tracks=1 | alerts=0
2025-11-16 16:25:42,802 [INFO] gaitguard.main: FPS=17.2 | tracks=1 | alerts=0
2025-11-16 16:25:44,718 [INFO] gaitguard.main: FPS=17.2 | tracks=1 | alerts=0
2025-11-16 16:25:46,625 [INFO] gaitguard.main: FPS=17.2 | tracks=1 | alerts=0
2025-11-16 16:25:48,469 [INFO] gaitguard.main: FPS=17.2 | tracks=1 | alerts=0
2025-11-16 16:25:50,390 [INFO] gaitguard.main: FPS=17.2 | tracks=1 | alerts=0
2025-11-16 16:25:52,410 [INFO] gaitguard.main: FPS=17.2 | tracks=1 | alerts=0
2025-11-16 16:25:54,248 [INFO] gaitguard.main: FPS=17.2 | tracks=1 | alerts=0
2025-11-16 16:25:56,106 [INFO] gaitguard.main: FPS=17.2 | tracks=1 | alerts=0
2025-11-16 16:25:58,082 [INFO] gaitguard.main: FPS=17.2 | tracks=1 | alerts=0
2025-11-16 16:25:59,965 [INFO] gaitguard.main: FPS=17.2 | tracks=1 | alerts=0
2025-11-16 16:26:01,844 [INFO] gaitguard.main: FPS=17.2 | tracks=1 | alerts=0
2025-11-16 16:26:03,879 [INFO] gaitguard.main: FPS=17.2 | tracks=1 | alerts=0
2025-11-16 16:26:05,870 [INFO] gaitguard.main: FPS=17.1 | tracks=1 | alerts=0
2025-11-16 16:26:07,874 [INFO] gaitguard.main: FPS=17.1 | tracks=1 | alerts=0
2025-11-16 16:26:09,777 [INFO] gaitguard.main: FPS=17.1 | tracks=1 | alerts=0
2025-11-16 16:26:11,620 [INFO] gaitguard.main: FPS=17.1 | tracks=1 | alerts=0
2025-11-16 16:26:13,455 [INFO] gaitguard.main: FPS=17.1 | tracks=1 | alerts=0
2025-11-16 16:26:15,314 [INFO] gaitguard.main: FPS=17.1 | tracks=1 | alerts=0
2025-11-16 16:26:17,189 [INFO] gaitguard.main: FPS=17.1 | tracks=1 | alerts=0
2025-11-16 16:26:19,140 [INFO] gaitguard.main: FPS=17.1 | tracks=1 | alerts=0
2025-11-16 16:26:21,109 [INFO] gaitguard.main: FPS=17.1 | tracks=1 | alerts=0
2025-11-16 16:26:23,017 [INFO] gaitguard.main: FPS=17.1 | tracks=1 | alerts=0
2025-11-16 16:26:24,894 [INFO] gaitguard.main: FPS=17.1 | tracks=1 | alerts=0
2025-11-16 16:26:26,805 [INFO] gaitguard.main: FPS=17.1 | tracks=1 | alerts=0
2025-11-16 16:26:28,676 [INFO] gaitguard.main: FPS=17.1 | tracks=1 | alerts=0
2025-11-16 16:26:30,669 [INFO] gaitguard.main: FPS=17.0 | tracks=1 | alerts=0
2025-11-16 16:26:32,692 [INFO] gaitguard.main: FPS=17.0 | tracks=1 | alerts=0
2025-11-16 16:26:34,599 [INFO] gaitguard.main: FPS=17.0 | tracks=1 | alerts=0
2025-11-16 16:26:36,533 [INFO] gaitguard.main: FPS=17.0 | tracks=1 | alerts=0
2025-11-16 16:26:38,427 [INFO] gaitguard.main: FPS=17.0 | tracks=1 | alerts=0
2025-11-16 16:26:40,376 [INFO] gaitguard.main: FPS=17.0 | tracks=1 | alerts=0
2025-11-16 16:26:42,300 [INFO] gaitguard.main: FPS=17.0 | tracks=1 | alerts=0
2025-11-16 16:26:44,190 [INFO] gaitguard.main: FPS=17.0 | tracks=1 | alerts=0
2025-11-16 16:26:46,017 [INFO] gaitguard.main: FPS=17.0 | tracks=1 | alerts=0
2025-11-16 16:26:47,869 [INFO] gaitguard.main: FPS=17.0 | tracks=1 | alerts=0
2025-11-16 16:26:49,732 [INFO] gaitguard.main: FPS=17.0 | tracks=1 | alerts=0
2025-11-16 16:26:51,639 [INFO] gaitguard.main: FPS=17.0 | tracks=1 | alerts=0
2025-11-16 16:26:53,503 [INFO] gaitguard.main: FPS=17.0 | tracks=1 | alerts=0
2025-11-16 16:26:55,381 [INFO] gaitguard.main: FPS=17.0 | tracks=1 | alerts=0
2025-11-16 16:26:57,214 [INFO] gaitguard.main: FPS=17.0 | tracks=1 | alerts=0
2025-11-16 16:26:59,139 [INFO] gaitguard.main: FPS=17.0 | tracks=1 | alerts=0
2025-11-16 16:27:01,029 [INFO] gaitguard.main: FPS=17.0 | tracks=1 | alerts=0
2025-11-16 16:27:02,936 [INFO] gaitguard.main: FPS=16.9 | tracks=1 | alerts=0
2025-11-16 16:27:04,734 [INFO] gaitguard.main: FPS=16.9 | tracks=1 | alerts=0
2025-11-16 16:27:06,605 [INFO] gaitguard.main: FPS=16.9 | tracks=1 | alerts=0
2025-11-16 16:27:08,446 [INFO] gaitguard.main: FPS=16.9 | tracks=1 | alerts=0
2025-11-16 16:27:10,291 [INFO] gaitguard.main: FPS=16.9 | tracks=1 | alerts=0
2025-11-16 16:27:12,162 [INFO] gaitguard.main: FPS=16.9 | tracks=1 | alerts=0
2025-11-16 16:27:13,978 [INFO] gaitguard.main: FPS=16.9 | tracks=1 | alerts=0
2025-11-16 16:27:15,849 [INFO] gaitguard.main: FPS=16.9 | tracks=1 | alerts=0
2025-11-16 16:27:17,797 [INFO] gaitguard.main: FPS=16.9 | tracks=1 | alerts=0
2025-11-16 16:27:19,710 [INFO] gaitguard.main: FPS=16.9 | tracks=1 | alerts=0
2025-11-16 16:27:21,553 [INFO] gaitguard.main: FPS=16.9 | tracks=1 | alerts=0
2025-11-16 16:27:23,259 [INFO] gaitguard.main: FPS=16.9 | tracks=1 | alerts=0
2025-11-16 16:27:24,851 [INFO] gaitguard.main: GaitGuard pipeline stopped.
2025-11-16 16:34:54,684 [INFO] gaitguard.device: Using CUDA device: NVIDIA GeForce RTX 3050 6GB Laptop GPU
2025-11-16 16:34:54,684 [INFO] gaitguard.main: Runtime device=cuda | half=True
2025-11-16 16:34:54,684 [INFO] perception.detector: Loading YOLO model 'yolo11n.pt' on device 'cuda'
2025-11-16 16:34:55,690 [INFO] perception.detector: YOLO model loaded in FP16 on CUDA
2025-11-16 16:34:55,691 [INFO] perception.detector: YOLO model ready
2025-11-16 16:34:55,691 [INFO] perception.perception_engine: Phase-1 PerceptionEngine initialized.
2025-11-16 16:34:55,691 [INFO] gaitguard.device: Using CUDA device: NVIDIA GeForce RTX 3050 6GB Laptop GPU
2025-11-16 16:34:55,692 [INFO] face.config: FaceConfig initialised | device=cuda half=True | gallery=C:\Users\ildi\Desktop\GaitGuard\data\face_gallery.enc | dim=512 metric=cosine
2025-11-16 16:34:55,693 [INFO] face.detector_align: Initialising FaceDetectorAligner with pack=buffalo_l ctx_id=0 det_size=(640, 640) providers=['CUDAExecutionProvider', 'CPUExecutionProvider']
2025-11-16 16:34:56,610 [INFO] face.route: FaceRoute initialised | lookback=2.0s max_entries=30 every_n_frames=5
2025-11-16 16:34:56,610 [INFO] identity.crypto: Loaded AES key from env var 'GAITGUARD_FACE_KEY' (length=32 bytes).
2025-11-16 16:34:56,624 [INFO] identity.face_gallery: Face gallery loaded from C:\Users\ildi\Desktop\GaitGuard\data\face_gallery.enc (persons=1).
2025-11-16 16:34:56,624 [INFO] identity.identity_engine: FaceIdentityEngine initialised | strong_match_dist=0.900
2025-11-16 16:35:01,495 [INFO] gaitguard.main: GaitGuard pipeline (Phase-1 + Face 2A) started. Press ESC to exit.
2025-11-16 16:35:04,403 [INFO] gaitguard.main: FPS=10.4 | tracks=1 | alerts=0
2025-11-16 16:35:06,606 [INFO] gaitguard.main: FPS=11.8 | tracks=1 | alerts=0
2025-11-16 16:35:07,266 [INFO] identity.face_gallery: Face gallery FAISS index rebuilt (templates=5).
2025-11-16 16:35:08,057 [INFO] gaitguard.main: FPS=13.8 | tracks=2 | alerts=0
2025-11-16 16:35:09,544 [INFO] gaitguard.main: FPS=15.0 | tracks=1 | alerts=0
2025-11-16 16:35:11,016 [INFO] gaitguard.main: FPS=15.8 | tracks=1 | alerts=0
2025-11-16 16:35:12,486 [INFO] gaitguard.main: FPS=16.4 | tracks=1 | alerts=0
2025-11-16 16:35:13,924 [INFO] gaitguard.main: FPS=16.9 | tracks=1 | alerts=0
2025-11-16 16:35:15,405 [INFO] gaitguard.main: FPS=17.3 | tracks=1 | alerts=0
2025-11-16 16:35:16,864 [INFO] gaitguard.main: FPS=17.6 | tracks=1 | alerts=0
2025-11-16 16:35:18,301 [INFO] gaitguard.main: FPS=17.9 | tracks=1 | alerts=0
2025-11-16 16:35:19,715 [INFO] gaitguard.main: FPS=18.1 | tracks=1 | alerts=0
2025-11-16 16:35:21,126 [INFO] gaitguard.main: FPS=18.4 | tracks=1 | alerts=0
2025-11-16 16:35:22,573 [INFO] gaitguard.main: FPS=18.5 | tracks=1 | alerts=0
2025-11-16 16:35:23,989 [INFO] gaitguard.main: FPS=18.7 | tracks=1 | alerts=0
2025-11-16 16:35:25,460 [INFO] gaitguard.main: FPS=18.8 | tracks=1 | alerts=0
2025-11-16 16:35:26,954 [INFO] gaitguard.main: FPS=18.9 | tracks=1 | alerts=0
2025-11-16 16:35:28,378 [INFO] gaitguard.main: FPS=19.0 | tracks=1 | alerts=0
2025-11-16 16:35:29,806 [INFO] gaitguard.main: FPS=19.1 | tracks=1 | alerts=0
2025-11-16 16:35:31,251 [INFO] gaitguard.main: FPS=19.2 | tracks=1 | alerts=0
2025-11-16 16:35:32,704 [INFO] gaitguard.main: FPS=19.2 | tracks=1 | alerts=0
2025-11-16 16:35:34,177 [INFO] gaitguard.main: FPS=19.3 | tracks=2 | alerts=0
2025-11-16 16:35:35,724 [INFO] gaitguard.main: FPS=19.3 | tracks=1 | alerts=0
2025-11-16 16:35:37,206 [INFO] gaitguard.main: FPS=19.3 | tracks=1 | alerts=0
2025-11-16 16:35:38,640 [INFO] gaitguard.main: FPS=19.4 | tracks=1 | alerts=0
2025-11-16 16:35:40,105 [INFO] gaitguard.main: FPS=19.4 | tracks=1 | alerts=0
2025-11-16 16:35:41,554 [INFO] gaitguard.main: FPS=19.5 | tracks=1 | alerts=0
2025-11-16 16:35:42,995 [INFO] gaitguard.main: FPS=19.5 | tracks=1 | alerts=0
2025-11-16 16:35:44,435 [INFO] gaitguard.main: FPS=19.6 | tracks=1 | alerts=0
2025-11-16 16:35:45,926 [INFO] gaitguard.main: FPS=19.6 | tracks=1 | alerts=0
2025-11-16 16:35:47,427 [INFO] gaitguard.main: FPS=19.6 | tracks=1 | alerts=0
2025-11-16 16:35:48,832 [INFO] gaitguard.main: FPS=19.7 | tracks=1 | alerts=0
2025-11-16 16:35:50,356 [INFO] gaitguard.main: FPS=19.7 | tracks=1 | alerts=0
2025-11-16 16:35:51,842 [INFO] gaitguard.main: FPS=19.7 | tracks=1 | alerts=0
2025-11-16 16:35:53,273 [INFO] gaitguard.main: FPS=19.7 | tracks=1 | alerts=0
2025-11-16 16:35:54,494 [INFO] gaitguard.main: FPS=19.8 | tracks=0 | alerts=0
2025-11-16 16:35:55,910 [INFO] gaitguard.main: FPS=19.9 | tracks=3 | alerts=0
2025-11-16 16:35:57,529 [INFO] gaitguard.main: FPS=19.8 | tracks=3 | alerts=0
2025-11-16 16:35:58,966 [INFO] gaitguard.main: FPS=19.8 | tracks=1 | alerts=0
2025-11-16 16:35:59,995 [INFO] gaitguard.main: FPS=20.0 | tracks=0 | alerts=0
2025-11-16 16:36:00,971 [INFO] gaitguard.main: FPS=20.2 | tracks=0 | alerts=0
2025-11-16 16:36:02,014 [INFO] gaitguard.main: FPS=20.3 | tracks=1 | alerts=0
2025-11-16 16:36:03,374 [INFO] gaitguard.main: FPS=20.4 | tracks=2 | alerts=0
2025-11-16 16:36:04,913 [INFO] gaitguard.main: FPS=20.4 | tracks=1 | alerts=0
2025-11-16 16:36:06,328 [INFO] gaitguard.main: FPS=20.4 | tracks=1 | alerts=0
2025-11-16 16:36:07,800 [INFO] gaitguard.main: FPS=20.4 | tracks=1 | alerts=0
2025-11-16 16:36:09,234 [INFO] gaitguard.main: FPS=20.4 | tracks=1 | alerts=0
2025-11-16 16:36:10,581 [INFO] gaitguard.main: FPS=20.4 | tracks=1 | alerts=0
2025-11-16 16:36:12,144 [INFO] gaitguard.main: FPS=20.4 | tracks=2 | alerts=0
2025-11-16 16:36:13,872 [INFO] gaitguard.main: FPS=20.3 | tracks=2 | alerts=0
2025-11-16 16:36:15,242 [INFO] gaitguard.main: FPS=20.3 | tracks=1 | alerts=0
2025-11-16 16:36:16,632 [INFO] gaitguard.main: FPS=20.4 | tracks=1 | alerts=0
2025-11-16 16:36:18,085 [INFO] gaitguard.main: FPS=20.4 | tracks=1 | alerts=0
2025-11-16 16:36:19,514 [INFO] gaitguard.main: FPS=20.4 | tracks=1 | alerts=0
2025-11-16 16:36:20,952 [INFO] gaitguard.main: FPS=20.4 | tracks=1 | alerts=0
2025-11-16 16:36:22,394 [INFO] gaitguard.main: FPS=20.4 | tracks=1 | alerts=0
2025-11-16 16:36:23,819 [INFO] gaitguard.main: FPS=20.4 | tracks=1 | alerts=0
2025-11-16 16:36:25,266 [INFO] gaitguard.main: FPS=20.4 | tracks=1 | alerts=0
2025-11-16 16:36:26,712 [INFO] gaitguard.main: FPS=20.4 | tracks=1 | alerts=0
2025-11-16 16:36:28,176 [INFO] gaitguard.main: FPS=20.4 | tracks=1 | alerts=0
2025-11-16 16:36:29,637 [INFO] gaitguard.main: FPS=20.4 | tracks=1 | alerts=0
2025-11-16 16:36:31,044 [INFO] gaitguard.main: FPS=20.4 | tracks=1 | alerts=0
2025-11-16 16:36:32,343 [INFO] gaitguard.main: FPS=20.5 | tracks=1 | alerts=0
2025-11-16 16:36:33,922 [INFO] gaitguard.main: FPS=20.5 | tracks=1 | alerts=0
2025-11-16 16:36:35,441 [INFO] gaitguard.main: FPS=20.4 | tracks=1 | alerts=0
2025-11-16 16:36:37,007 [INFO] gaitguard.main: FPS=20.4 | tracks=1 | alerts=0
2025-11-16 16:36:38,660 [INFO] gaitguard.main: FPS=20.4 | tracks=1 | alerts=0
2025-11-16 16:36:40,261 [INFO] gaitguard.main: FPS=20.4 | tracks=1 | alerts=0
2025-11-16 16:36:41,874 [INFO] gaitguard.main: FPS=20.3 | tracks=1 | alerts=0
2025-11-16 16:36:43,452 [INFO] gaitguard.main: FPS=20.3 | tracks=1 | alerts=0
2025-11-16 16:36:45,079 [INFO] gaitguard.main: FPS=20.3 | tracks=1 | alerts=0
2025-11-16 16:36:47,106 [INFO] gaitguard.main: FPS=20.2 | tracks=1 | alerts=0
2025-11-16 16:36:48,975 [INFO] gaitguard.main: FPS=20.1 | tracks=1 | alerts=0
2025-11-16 16:36:49,797 [INFO] gaitguard.main: GaitGuard pipeline stopped.
2025-11-16 16:49:49,755 [INFO] gaitguard.device: Using CUDA device: NVIDIA GeForce RTX 3050 6GB Laptop GPU
2025-11-16 16:49:49,755 [INFO] gaitguard.main: Runtime device=cuda | half=True
2025-11-16 16:49:49,755 [INFO] perception.detector: Loading YOLO model 'yolo11n.pt' on device 'cuda'
2025-11-16 16:49:50,759 [INFO] perception.detector: YOLO model loaded in FP16 on CUDA
2025-11-16 16:49:50,759 [INFO] perception.detector: YOLO model ready
2025-11-16 16:49:50,759 [INFO] perception.perception_engine: Phase-1 PerceptionEngine initialized.
2025-11-16 16:49:50,759 [INFO] gaitguard.device: Using CUDA device: NVIDIA GeForce RTX 3050 6GB Laptop GPU
2025-11-16 16:49:50,760 [INFO] face.config: FaceConfig initialised | device=cuda half=True | gallery=C:\Users\ildi\Desktop\GaitGuard\data\face_gallery.enc | dim=512 metric=cosine
2025-11-16 16:49:50,760 [INFO] face.detector_align: Initialising FaceDetectorAligner with pack=buffalo_l ctx_id=0 det_size=(640, 640) providers=['CUDAExecutionProvider', 'CPUExecutionProvider']
2025-11-16 16:49:51,738 [INFO] face.route: FaceRoute initialised | lookback=2.0s max_entries=30 every_n_frames=5
2025-11-16 16:49:51,738 [INFO] identity.crypto: Loaded AES key from env var 'GAITGUARD_FACE_KEY' (length=32 bytes).
2025-11-16 16:49:51,742 [INFO] identity.face_gallery: Face gallery loaded from C:\Users\ildi\Desktop\GaitGuard\data\face_gallery.enc (persons=1).
2025-11-16 16:49:51,742 [INFO] identity.identity_engine: FaceIdentityEngine initialised | strong_match_dist=0.900
2025-11-16 16:49:56,525 [INFO] gaitguard.main: GaitGuard pipeline (Phase-1 + Face 2A) started. Press ESC to exit.
2025-11-16 16:49:58,261 [INFO] identity.face_gallery: Face gallery FAISS index rebuilt (templates=5).
2025-11-16 16:49:59,326 [INFO] gaitguard.main: FPS=10.9 | tracks=1 | alerts=0
2025-11-16 16:50:00,760 [INFO] gaitguard.main: FPS=14.3 | tracks=1 | alerts=0
2025-11-16 16:50:02,340 [INFO] gaitguard.main: FPS=15.5 | tracks=1 | alerts=0
2025-11-16 16:50:04,182 [INFO] gaitguard.main: FPS=15.7 | tracks=3 | alerts=0
2025-11-16 16:50:05,866 [INFO] gaitguard.main: FPS=16.1 | tracks=2 | alerts=0
2025-11-16 16:50:07,330 [INFO] gaitguard.main: FPS=16.7 | tracks=1 | alerts=0
2025-11-16 16:50:08,809 [INFO] gaitguard.main: FPS=17.1 | tracks=1 | alerts=0
2025-11-16 16:50:10,277 [INFO] gaitguard.main: FPS=17.5 | tracks=1 | alerts=0
2025-11-16 16:50:11,727 [INFO] gaitguard.main: FPS=17.8 | tracks=1 | alerts=0
2025-11-16 16:50:13,223 [INFO] gaitguard.main: FPS=18.0 | tracks=1 | alerts=0
2025-11-16 16:50:14,703 [INFO] gaitguard.main: FPS=18.2 | tracks=1 | alerts=0
2025-11-16 16:50:16,188 [INFO] gaitguard.main: FPS=18.3 | tracks=1 | alerts=0
2025-11-16 16:50:17,664 [INFO] gaitguard.main: FPS=18.5 | tracks=1 | alerts=0
2025-11-16 16:50:19,117 [INFO] gaitguard.main: FPS=18.6 | tracks=1 | alerts=0
2025-11-16 16:50:20,615 [INFO] gaitguard.main: FPS=18.7 | tracks=1 | alerts=0
2025-11-16 16:50:22,081 [INFO] gaitguard.main: FPS=18.8 | tracks=1 | alerts=0
2025-11-16 16:50:23,600 [INFO] gaitguard.main: FPS=18.9 | tracks=1 | alerts=0
2025-11-16 16:50:25,115 [INFO] gaitguard.main: FPS=18.9 | tracks=1 | alerts=0
2025-11-16 16:50:26,602 [INFO] gaitguard.main: FPS=19.0 | tracks=1 | alerts=0
2025-11-16 16:50:28,039 [INFO] gaitguard.main: FPS=19.1 | tracks=1 | alerts=0
2025-11-16 16:50:29,774 [INFO] gaitguard.main: FPS=19.0 | tracks=1 | alerts=0
2025-11-16 16:50:31,578 [INFO] gaitguard.main: FPS=18.8 | tracks=1 | alerts=0
2025-11-16 16:50:33,369 [INFO] gaitguard.main: FPS=18.7 | tracks=1 | alerts=0
2025-11-16 16:50:35,236 [INFO] gaitguard.main: FPS=18.6 | tracks=1 | alerts=0
2025-11-16 16:50:37,045 [INFO] gaitguard.main: FPS=18.5 | tracks=1 | alerts=0
2025-11-16 16:50:38,904 [INFO] gaitguard.main: FPS=18.4 | tracks=1 | alerts=0
2025-11-16 16:50:40,734 [INFO] gaitguard.main: FPS=18.3 | tracks=1 | alerts=0
2025-11-16 16:50:42,524 [INFO] gaitguard.main: FPS=18.3 | tracks=1 | alerts=0
2025-11-16 16:50:44,374 [INFO] gaitguard.main: FPS=18.2 | tracks=1 | alerts=0
2025-11-16 16:50:46,257 [INFO] gaitguard.main: FPS=18.1 | tracks=1 | alerts=0
2025-11-16 16:50:48,120 [INFO] gaitguard.main: FPS=18.0 | tracks=1 | alerts=0
2025-11-16 16:50:50,049 [INFO] gaitguard.main: FPS=18.0 | tracks=1 | alerts=0
2025-11-16 16:50:51,895 [INFO] gaitguard.main: FPS=17.9 | tracks=1 | alerts=0
2025-11-16 16:50:53,764 [INFO] gaitguard.main: FPS=17.8 | tracks=1 | alerts=0
2025-11-16 16:50:55,582 [INFO] gaitguard.main: FPS=17.8 | tracks=1 | alerts=0
2025-11-16 16:50:57,468 [INFO] gaitguard.main: FPS=17.7 | tracks=1 | alerts=0
2025-11-16 16:50:59,252 [INFO] gaitguard.main: FPS=17.7 | tracks=1 | alerts=0
2025-11-16 16:51:01,030 [INFO] gaitguard.main: FPS=17.7 | tracks=1 | alerts=0
2025-11-16 16:51:02,839 [INFO] gaitguard.main: FPS=17.7 | tracks=1 | alerts=0
2025-11-16 16:51:04,659 [INFO] gaitguard.main: FPS=17.6 | tracks=1 | alerts=0
2025-11-16 16:51:06,590 [INFO] gaitguard.main: FPS=17.6 | tracks=1 | alerts=0
2025-11-16 16:51:08,398 [INFO] gaitguard.main: FPS=17.5 | tracks=1 | alerts=0
2025-11-16 16:51:10,255 [INFO] gaitguard.main: FPS=17.5 | tracks=1 | alerts=0
2025-11-16 16:51:12,055 [INFO] gaitguard.main: FPS=17.5 | tracks=1 | alerts=0
2025-11-16 16:51:13,867 [INFO] gaitguard.main: FPS=17.5 | tracks=1 | alerts=0
2025-11-16 16:51:15,737 [INFO] gaitguard.main: FPS=17.4 | tracks=1 | alerts=0
2025-11-16 16:51:17,649 [INFO] gaitguard.main: FPS=17.4 | tracks=1 | alerts=0
2025-11-16 16:51:19,626 [INFO] gaitguard.main: FPS=17.3 | tracks=1 | alerts=0
2025-11-16 16:51:21,547 [INFO] gaitguard.main: FPS=17.3 | tracks=1 | alerts=0
2025-11-16 16:51:23,598 [INFO] gaitguard.main: FPS=17.2 | tracks=1 | alerts=0
2025-11-16 16:51:25,408 [INFO] gaitguard.main: FPS=17.2 | tracks=1 | alerts=0
2025-11-16 16:51:27,401 [INFO] gaitguard.main: FPS=17.2 | tracks=1 | alerts=0
2025-11-16 16:51:28,929 [INFO] gaitguard.main: FPS=17.2 | tracks=1 | alerts=0
2025-11-16 16:51:30,273 [INFO] gaitguard.main: GaitGuard pipeline stopped.
2025-11-16 17:00:07,158 [INFO] gaitguard.device: Using CUDA device: NVIDIA GeForce RTX 3050 6GB Laptop GPU
2025-11-16 17:00:07,158 [INFO] gaitguard.main: Runtime device=cuda | half=True
2025-11-16 17:00:07,168 [INFO] perception.detector: Loading YOLO model 'yolo11n.pt' on device 'cuda'
2025-11-16 17:00:08,146 [INFO] perception.detector: YOLO model loaded in FP16 on CUDA
2025-11-16 17:00:08,146 [INFO] perception.detector: YOLO model ready
2025-11-16 17:00:08,147 [INFO] perception.perception_engine: Phase-1 PerceptionEngine initialized.
2025-11-16 17:00:08,147 [INFO] gaitguard.device: Using CUDA device: NVIDIA GeForce RTX 3050 6GB Laptop GPU
2025-11-16 17:00:08,149 [INFO] face.config: FaceConfig initialised | device=cuda half=True | gallery=C:\Users\ildi\Desktop\GaitGuard\data\face_gallery.enc | dim=512 metric=cosine
2025-11-16 17:00:08,149 [INFO] face.detector_align: Initialising FaceDetectorAligner with pack=buffalo_l ctx_id=0 det_size=(640, 640) providers=['CUDAExecutionProvider', 'CPUExecutionProvider']
2025-11-16 17:00:09,059 [INFO] face.route: FaceRoute initialised | lookback=2.0s max_entries=30 every_n_frames=5
2025-11-16 17:00:09,059 [INFO] identity.crypto: Loaded AES key from env var 'GAITGUARD_FACE_KEY' (length=32 bytes).
2025-11-16 17:00:09,070 [INFO] identity.face_gallery: Face gallery loaded from C:\Users\ildi\Desktop\GaitGuard\data\face_gallery.enc (persons=1).
2025-11-16 17:00:09,070 [INFO] identity.identity_engine: FaceIdentityEngine initialised | strong_match_dist=0.900
2025-11-16 17:00:13,933 [INFO] gaitguard.main: GaitGuard pipeline (Phase-1 + Face 2A) started. Press ESC to exit.
2025-11-16 17:00:16,864 [INFO] gaitguard.main: FPS=10.3 | tracks=1 | alerts=0
2025-11-16 17:00:18,229 [INFO] identity.face_gallery: Face gallery FAISS index rebuilt (templates=5).
2025-11-16 17:00:18,297 [INFO] gaitguard.main: FPS=13.9 | tracks=1 | alerts=0
2025-11-16 17:00:19,715 [INFO] gaitguard.main: FPS=15.7 | tracks=1 | alerts=0
2025-11-16 17:00:21,487 [INFO] gaitguard.main: FPS=16.0 | tracks=1 | alerts=0
2025-11-16 17:00:23,337 [INFO] gaitguard.main: FPS=16.0 | tracks=1 | alerts=0
2025-11-16 17:00:25,186 [INFO] gaitguard.main: FPS=16.0 | tracks=1 | alerts=0
2025-11-16 17:00:27,013 [INFO] gaitguard.main: FPS=16.1 | tracks=1 | alerts=0
2025-11-16 17:00:28,817 [INFO] gaitguard.main: FPS=16.2 | tracks=1 | alerts=0
2025-11-16 17:00:30,608 [INFO] gaitguard.main: FPS=16.2 | tracks=1 | alerts=0
2025-11-16 17:00:32,465 [INFO] gaitguard.main: FPS=16.2 | tracks=1 | alerts=0
2025-11-16 17:00:34,269 [INFO] gaitguard.main: FPS=16.2 | tracks=1 | alerts=0
2025-11-16 17:00:35,488 [INFO] gaitguard.main: GaitGuard pipeline stopped.
2025-11-16 18:14:51,756 [INFO] gaitguard.device: Using CUDA device: NVIDIA GeForce RTX 3050 6GB Laptop GPU
2025-11-16 18:14:51,756 [INFO] gaitguard.main: Runtime device=cuda | half=True
2025-11-16 18:14:51,756 [INFO] perception.detector: Loading YOLO model 'yolo11n.pt' on device 'cuda'
2025-11-16 18:14:52,740 [INFO] perception.detector: YOLO model loaded in FP16 on CUDA
2025-11-16 18:14:52,740 [INFO] perception.detector: YOLO model ready
2025-11-16 18:14:52,741 [INFO] perception.perception_engine: Phase-1 PerceptionEngine initialized.
2025-11-16 18:14:52,742 [INFO] gaitguard.device: Using CUDA device: NVIDIA GeForce RTX 3050 6GB Laptop GPU
2025-11-16 18:14:52,743 [INFO] face.config: FaceConfig initialised | device=cuda half=True | gallery=C:\Users\ildi\Desktop\GaitGuard\data\face_gallery.enc | dim=512 metric=cosine
2025-11-16 18:14:52,743 [INFO] face.detector_align: Initialising FaceDetectorAligner with pack=buffalo_l ctx_id=0 det_size=(640, 640) providers=['CUDAExecutionProvider', 'CPUExecutionProvider']
2025-11-16 18:14:53,690 [INFO] face.route: FaceRoute initialised | lookback=2.0s max_entries=30 every_n_frames=5
2025-11-16 18:14:53,691 [INFO] identity.crypto: Loaded AES key from env var 'GAITGUARD_FACE_KEY' (length=32 bytes).
2025-11-16 18:14:53,693 [INFO] identity.face_gallery: Face gallery loaded from C:\Users\ildi\Desktop\GaitGuard\data\face_gallery.enc (persons=1).
2025-11-16 18:14:53,693 [INFO] identity.identity_engine: FaceIdentityEngine initialised | strong_match_dist=0.900
2025-11-16 18:14:58,518 [INFO] gaitguard.main: GaitGuard pipeline (Phase-1 + Face 2A) started. Press ESC to exit.
2025-11-16 18:15:00,040 [INFO] identity.face_gallery: Face gallery FAISS index rebuilt (templates=5).
2025-11-16 18:15:01,332 [INFO] gaitguard.main: FPS=10.8 | tracks=1 | alerts=0
2025-11-16 18:15:02,968 [INFO] gaitguard.main: FPS=13.6 | tracks=1 | alerts=0
2025-11-16 18:15:04,845 [INFO] gaitguard.main: FPS=14.3 | tracks=1 | alerts=0
2025-11-16 18:15:06,666 [INFO] gaitguard.main: FPS=14.8 | tracks=1 | alerts=0
2025-11-16 18:15:08,439 [INFO] gaitguard.main: FPS=15.2 | tracks=1 | alerts=0
2025-11-16 18:15:10,343 [INFO] gaitguard.main: FPS=15.3 | tracks=1 | alerts=0
2025-11-16 18:15:12,123 [INFO] gaitguard.main: FPS=15.5 | tracks=1 | alerts=0
2025-11-16 18:15:13,931 [INFO] gaitguard.main: FPS=15.6 | tracks=1 | alerts=0
2025-11-16 18:15:15,728 [INFO] gaitguard.main: FPS=15.7 | tracks=1 | alerts=0
2025-11-16 18:15:17,510 [INFO] gaitguard.main: FPS=15.8 | tracks=1 | alerts=0
2025-11-16 18:15:19,450 [INFO] gaitguard.main: FPS=15.8 | tracks=1 | alerts=0
2025-11-16 18:15:21,268 [INFO] gaitguard.main: FPS=15.9 | tracks=1 | alerts=0
2025-11-16 18:15:23,045 [INFO] gaitguard.main: FPS=16.0 | tracks=1 | alerts=0
2025-11-16 18:15:24,855 [INFO] gaitguard.main: FPS=16.0 | tracks=1 | alerts=0
2025-11-16 18:15:26,665 [INFO] gaitguard.main: FPS=16.0 | tracks=1 | alerts=0
2025-11-16 18:15:28,545 [INFO] gaitguard.main: FPS=16.0 | tracks=1 | alerts=0
2025-11-16 18:15:30,326 [INFO] gaitguard.main: FPS=16.1 | tracks=1 | alerts=0
2025-11-16 18:15:32,104 [INFO] gaitguard.main: FPS=16.1 | tracks=1 | alerts=0
2025-11-16 18:15:34,032 [INFO] gaitguard.main: FPS=16.1 | tracks=2 | alerts=0
2025-11-16 18:15:35,840 [INFO] gaitguard.main: FPS=16.1 | tracks=1 | alerts=0
2025-11-16 18:15:37,636 [INFO] gaitguard.main: FPS=16.1 | tracks=1 | alerts=0
2025-11-16 18:15:39,520 [INFO] gaitguard.main: FPS=16.1 | tracks=1 | alerts=0
2025-11-16 18:15:41,381 [INFO] gaitguard.main: FPS=16.1 | tracks=1 | alerts=0
2025-11-16 18:15:43,122 [INFO] gaitguard.main: FPS=16.2 | tracks=1 | alerts=0
2025-11-16 18:15:44,662 [INFO] gaitguard.main: FPS=16.3 | tracks=1 | alerts=0
2025-11-16 18:15:46,214 [INFO] gaitguard.main: FPS=16.4 | tracks=1 | alerts=0
2025-11-16 18:15:47,796 [INFO] gaitguard.main: FPS=16.4 | tracks=1 | alerts=0
2025-11-16 18:15:49,319 [INFO] gaitguard.main: FPS=16.5 | tracks=1 | alerts=0
2025-11-16 18:15:50,758 [INFO] gaitguard.main: FPS=16.7 | tracks=1 | alerts=0
2025-11-16 18:15:52,039 [INFO] gaitguard.main: FPS=16.8 | tracks=0 | alerts=0
2025-11-16 18:15:53,309 [INFO] gaitguard.main: FPS=17.0 | tracks=1 | alerts=0
2025-11-16 18:15:54,814 [INFO] gaitguard.main: FPS=17.1 | tracks=1 | alerts=0
2025-11-16 18:15:56,386 [INFO] gaitguard.main: FPS=17.1 | tracks=1 | alerts=0
2025-11-16 18:15:57,970 [INFO] gaitguard.main: FPS=17.2 | tracks=1 | alerts=0
2025-11-16 18:15:59,757 [INFO] gaitguard.main: FPS=17.2 | tracks=1 | alerts=0
2025-11-16 18:16:01,622 [INFO] gaitguard.main: FPS=17.1 | tracks=1 | alerts=0
2025-11-16 18:16:03,413 [INFO] gaitguard.main: FPS=17.1 | tracks=1 | alerts=0
2025-11-16 18:16:04,922 [INFO] gaitguard.main: FPS=17.2 | tracks=1 | alerts=0
2025-11-16 18:16:06,428 [INFO] gaitguard.main: FPS=17.2 | tracks=1 | alerts=0
2025-11-16 18:16:08,125 [INFO] gaitguard.main: FPS=17.3 | tracks=1 | alerts=0
2025-11-16 18:16:09,917 [INFO] gaitguard.main: FPS=17.2 | tracks=1 | alerts=0
2025-11-16 18:16:11,716 [INFO] gaitguard.main: FPS=17.2 | tracks=1 | alerts=0
2025-11-16 18:16:13,533 [INFO] gaitguard.main: FPS=17.2 | tracks=1 | alerts=0
2025-11-16 18:16:15,383 [INFO] gaitguard.main: FPS=17.2 | tracks=1 | alerts=0
2025-11-16 18:16:17,201 [INFO] gaitguard.main: FPS=17.2 | tracks=1 | alerts=0
2025-11-16 18:16:19,112 [INFO] gaitguard.main: FPS=17.1 | tracks=1 | alerts=0
2025-11-16 18:16:20,927 [INFO] gaitguard.main: FPS=17.1 | tracks=1 | alerts=0
2025-11-16 18:16:22,865 [INFO] gaitguard.main: FPS=17.1 | tracks=1 | alerts=0
2025-11-16 18:16:24,717 [INFO] gaitguard.main: FPS=17.1 | tracks=1 | alerts=0
2025-11-16 18:16:26,529 [INFO] gaitguard.main: FPS=17.0 | tracks=1 | alerts=0
2025-11-16 18:16:28,318 [INFO] gaitguard.main: FPS=17.0 | tracks=1 | alerts=0
2025-11-16 18:16:30,271 [INFO] gaitguard.main: FPS=17.0 | tracks=1 | alerts=0
2025-11-16 18:16:32,181 [INFO] gaitguard.main: FPS=17.0 | tracks=1 | alerts=0
2025-11-16 18:16:34,090 [INFO] gaitguard.main: FPS=17.0 | tracks=1 | alerts=0
2025-11-16 18:16:35,988 [INFO] gaitguard.main: FPS=16.9 | tracks=1 | alerts=0
2025-11-16 18:16:37,943 [INFO] gaitguard.main: FPS=16.9 | tracks=1 | alerts=0
2025-11-16 18:16:39,738 [INFO] gaitguard.main: FPS=16.9 | tracks=1 | alerts=0
2025-11-16 18:16:41,608 [INFO] gaitguard.main: FPS=16.9 | tracks=1 | alerts=0
2025-11-16 18:16:43,415 [INFO] gaitguard.main: FPS=16.9 | tracks=1 | alerts=0
2025-11-16 18:16:45,213 [INFO] gaitguard.main: FPS=16.9 | tracks=1 | alerts=0
2025-11-16 18:16:47,022 [INFO] gaitguard.main: FPS=16.9 | tracks=1 | alerts=0
2025-11-16 18:16:48,897 [INFO] gaitguard.main: FPS=16.9 | tracks=1 | alerts=0
2025-11-16 18:16:50,706 [INFO] gaitguard.main: FPS=16.9 | tracks=1 | alerts=0
2025-11-16 18:16:52,490 [INFO] gaitguard.main: FPS=16.9 | tracks=1 | alerts=0
2025-11-16 18:16:54,496 [INFO] gaitguard.main: FPS=16.8 | tracks=2 | alerts=0
2025-11-16 18:16:56,533 [INFO] gaitguard.main: FPS=16.8 | tracks=1 | alerts=0
2025-11-16 18:16:58,340 [INFO] gaitguard.main: FPS=16.8 | tracks=1 | alerts=0
2025-11-16 18:17:00,136 [INFO] gaitguard.main: FPS=16.8 | tracks=1 | alerts=0
2025-11-16 18:17:02,018 [INFO] gaitguard.main: FPS=16.8 | tracks=1 | alerts=0
2025-11-16 18:17:03,799 [INFO] gaitguard.main: FPS=16.8 | tracks=1 | alerts=0
2025-11-16 18:17:05,858 [INFO] gaitguard.main: FPS=16.7 | tracks=2 | alerts=0
2025-11-16 18:17:07,727 [INFO] gaitguard.main: FPS=16.7 | tracks=1 | alerts=0
2025-11-16 18:17:09,520 [INFO] gaitguard.main: FPS=16.7 | tracks=1 | alerts=0
2025-11-16 18:17:11,385 [INFO] gaitguard.main: FPS=16.7 | tracks=1 | alerts=0
2025-11-16 18:17:13,245 [INFO] gaitguard.main: FPS=16.7 | tracks=1 | alerts=0
2025-11-16 18:17:15,051 [INFO] gaitguard.main: FPS=16.7 | tracks=1 | alerts=0
2025-11-16 18:17:16,858 [INFO] gaitguard.main: FPS=16.7 | tracks=1 | alerts=0
2025-11-16 18:17:18,665 [INFO] gaitguard.main: FPS=16.7 | tracks=1 | alerts=0
2025-11-16 18:17:20,499 [INFO] gaitguard.main: FPS=16.7 | tracks=1 | alerts=0
2025-11-16 18:17:22,296 [INFO] gaitguard.main: FPS=16.7 | tracks=1 | alerts=0
2025-11-16 18:17:24,101 [INFO] gaitguard.main: FPS=16.7 | tracks=1 | alerts=0
2025-11-16 18:17:25,895 [INFO] gaitguard.main: FPS=16.7 | tracks=1 | alerts=0
2025-11-16 18:17:27,813 [INFO] gaitguard.main: FPS=16.7 | tracks=1 | alerts=0
2025-11-16 18:17:30,362 [INFO] gaitguard.main: GaitGuard pipeline stopped.
2025-11-16 20:59:39,181 [INFO] gaitguard.device: Using CUDA device: NVIDIA GeForce RTX 3050 6GB Laptop GPU
2025-11-16 20:59:39,181 [INFO] gaitguard.main: Runtime device=cuda | half=True
2025-11-16 20:59:39,181 [INFO] perception.detector: Loading YOLO model 'yolo11n.pt' on device 'cuda'
2025-11-16 20:59:40,204 [INFO] perception.detector: YOLO model loaded in FP16 on CUDA
2025-11-16 20:59:40,204 [INFO] perception.detector: YOLO model ready
2025-11-16 20:59:40,205 [INFO] perception.perception_engine: Phase-1 PerceptionEngine initialized.
2025-11-16 20:59:40,205 [INFO] gaitguard.device: Using CUDA device: NVIDIA GeForce RTX 3050 6GB Laptop GPU
2025-11-16 20:59:40,205 [INFO] face.config: FaceConfig initialised | device=cuda half=True | gallery=C:\Users\ildi\Desktop\GaitGuard\data\face_gallery.enc | dim=512 metric=cosine
2025-11-16 20:59:40,205 [INFO] face.detector_align: Initialising FaceDetectorAligner with pack=buffalo_l ctx_id=0 det_size=(640, 640) providers=['CUDAExecutionProvider', 'CPUExecutionProvider']
2025-11-16 20:59:41,149 [INFO] face.route: FaceRoute initialised | lookback=2.0s max_entries=30 every_n_frames=5
2025-11-16 20:59:41,149 [INFO] identity.crypto: Loaded AES key from env var 'GAITGUARD_FACE_KEY' (length=32 bytes).
2025-11-16 20:59:41,149 [INFO] identity.face_gallery: Face gallery loaded from C:\Users\ildi\Desktop\GaitGuard\data\face_gallery.enc (persons=1).
2025-11-16 20:59:41,149 [INFO] identity.identity_engine: FaceIdentityEngine initialised | strong_match_dist=0.900 min_q_runtime=0.550
2025-11-16 20:59:46,042 [INFO] gaitguard.main: GaitGuard pipeline (Phase-1 + Face 2A) started. Press ESC to exit.
2025-11-16 20:59:47,607 [INFO] gaitguard.main: FPS=19.6 | tracks=0 | alerts=0
2025-11-16 20:59:48,566 [INFO] gaitguard.main: FPS=24.0 | tracks=0 | alerts=0
2025-11-16 20:59:49,574 [INFO] gaitguard.main: FPS=25.7 | tracks=0 | alerts=0
2025-11-16 20:59:50,551 [INFO] gaitguard.main: FPS=26.8 | tracks=0 | alerts=0
2025-11-16 20:59:51,551 [INFO] gaitguard.main: FPS=27.4 | tracks=0 | alerts=0
2025-11-16 20:59:52,518 [INFO] gaitguard.main: FPS=27.9 | tracks=0 | alerts=0
2025-11-16 20:59:53,521 [INFO] gaitguard.main: FPS=28.2 | tracks=0 | alerts=0
2025-11-16 20:59:54,531 [INFO] gaitguard.main: FPS=28.4 | tracks=0 | alerts=0
2025-11-16 20:59:55,526 [INFO] gaitguard.main: FPS=28.5 | tracks=0 | alerts=0
2025-11-16 20:59:56,503 [INFO] gaitguard.main: FPS=28.7 | tracks=0 | alerts=0
2025-11-16 20:59:57,497 [INFO] gaitguard.main: FPS=28.9 | tracks=0 | alerts=0
2025-11-16 20:59:58,498 [INFO] gaitguard.main: FPS=29.0 | tracks=0 | alerts=0
2025-11-16 20:59:59,478 [INFO] gaitguard.main: FPS=29.1 | tracks=0 | alerts=0
2025-11-16 21:00:00,456 [INFO] gaitguard.main: FPS=29.2 | tracks=0 | alerts=0
2025-11-16 21:00:01,454 [INFO] gaitguard.main: FPS=29.3 | tracks=0 | alerts=0
2025-11-16 21:00:02,451 [INFO] gaitguard.main: FPS=29.3 | tracks=0 | alerts=0
2025-11-16 21:00:03,464 [INFO] gaitguard.main: FPS=29.3 | tracks=0 | alerts=0
2025-11-16 21:00:04,440 [INFO] gaitguard.main: FPS=29.4 | tracks=0 | alerts=0
2025-11-16 21:00:05,434 [INFO] gaitguard.main: FPS=29.4 | tracks=0 | alerts=0
2025-11-16 21:00:06,429 [INFO] gaitguard.main: FPS=29.5 | tracks=0 | alerts=0
2025-11-16 21:00:07,441 [INFO] gaitguard.main: FPS=29.5 | tracks=0 | alerts=0
2025-11-16 21:00:08,391 [INFO] gaitguard.main: FPS=29.6 | tracks=0 | alerts=0
2025-11-16 21:00:09,404 [INFO] gaitguard.main: FPS=29.6 | tracks=0 | alerts=0
2025-11-16 21:00:10,953 [INFO] gaitguard.main: FPS=29.0 | tracks=1 | alerts=0
2025-11-16 21:00:12,130 [INFO] gaitguard.main: FPS=28.8 | tracks=2 | alerts=0
2025-11-16 21:00:13,608 [INFO] gaitguard.main: FPS=28.3 | tracks=3 | alerts=0
2025-11-16 21:00:14,921 [INFO] gaitguard.main: FPS=28.1 | tracks=0 | alerts=0
2025-11-16 21:00:15,911 [INFO] gaitguard.main: FPS=28.1 | tracks=0 | alerts=0
2025-11-16 21:00:16,887 [INFO] gaitguard.main: FPS=28.2 | tracks=0 | alerts=0
2025-11-16 21:00:17,886 [INFO] gaitguard.main: FPS=28.3 | tracks=0 | alerts=0
2025-11-16 21:00:18,896 [INFO] gaitguard.main: FPS=28.3 | tracks=0 | alerts=0
2025-11-16 21:00:19,848 [INFO] gaitguard.main: FPS=28.4 | tracks=0 | alerts=0
2025-11-16 21:00:20,850 [INFO] gaitguard.main: FPS=28.5 | tracks=0 | alerts=0
2025-11-16 21:00:21,853 [INFO] gaitguard.main: FPS=28.5 | tracks=0 | alerts=0
2025-11-16 21:00:22,822 [INFO] gaitguard.main: FPS=28.6 | tracks=0 | alerts=0
2025-11-16 21:00:23,856 [INFO] gaitguard.main: FPS=28.6 | tracks=1 | alerts=0
2025-11-16 21:00:25,606 [INFO] gaitguard.main: FPS=28.1 | tracks=1 | alerts=0
2025-11-16 21:00:25,837 [INFO] identity.face_gallery: Face gallery FAISS index rebuilt (templates=5).
2025-11-16 21:00:27,084 [INFO] gaitguard.main: FPS=27.8 | tracks=1 | alerts=0
2025-11-16 21:00:28,510 [INFO] gaitguard.main: FPS=27.6 | tracks=1 | alerts=0
2025-11-16 21:00:30,224 [INFO] gaitguard.main: FPS=27.2 | tracks=1 | alerts=0
2025-11-16 21:00:32,054 [INFO] gaitguard.main: FPS=26.7 | tracks=1 | alerts=0
2025-11-16 21:00:33,883 [INFO] gaitguard.main: FPS=26.4 | tracks=1 | alerts=0
2025-11-16 21:00:35,701 [INFO] gaitguard.main: FPS=26.0 | tracks=1 | alerts=0
2025-11-16 21:00:37,580 [INFO] gaitguard.main: FPS=25.6 | tracks=1 | alerts=0
2025-11-16 21:00:39,434 [INFO] gaitguard.main: FPS=25.3 | tracks=1 | alerts=0
2025-11-16 21:00:41,237 [INFO] gaitguard.main: FPS=25.0 | tracks=1 | alerts=0
2025-11-16 21:00:43,046 [INFO] gaitguard.main: FPS=24.7 | tracks=1 | alerts=0
2025-11-16 21:00:44,950 [INFO] gaitguard.main: FPS=24.5 | tracks=1 | alerts=0
2025-11-16 21:00:46,784 [INFO] gaitguard.main: FPS=24.2 | tracks=1 | alerts=0
2025-11-16 21:00:48,622 [INFO] gaitguard.main: FPS=24.0 | tracks=1 | alerts=0
2025-11-16 21:00:49,890 [INFO] gaitguard.main: FPS=24.0 | tracks=1 | alerts=0
2025-11-16 21:00:51,185 [INFO] gaitguard.main: FPS=24.0 | tracks=1 | alerts=0
2025-11-16 21:00:52,385 [INFO] gaitguard.main: FPS=24.0 | tracks=1 | alerts=0
2025-11-16 21:00:53,588 [INFO] gaitguard.main: FPS=24.0 | tracks=1 | alerts=0
2025-11-16 21:00:54,874 [INFO] gaitguard.main: FPS=24.0 | tracks=1 | alerts=0
2025-11-16 21:00:56,252 [INFO] gaitguard.main: FPS=23.9 | tracks=1 | alerts=0
2025-11-16 21:00:57,597 [INFO] gaitguard.main: FPS=23.9 | tracks=1 | alerts=0
2025-11-16 21:00:58,784 [INFO] gaitguard.main: FPS=23.9 | tracks=1 | alerts=0
2025-11-16 21:01:00,041 [INFO] gaitguard.main: FPS=23.9 | tracks=1 | alerts=0
2025-11-16 21:01:01,178 [INFO] gaitguard.main: FPS=24.0 | tracks=1 | alerts=0
2025-11-16 21:01:02,337 [INFO] gaitguard.main: FPS=24.0 | tracks=1 | alerts=0
2025-11-16 21:01:03,565 [INFO] gaitguard.main: FPS=24.0 | tracks=1 | alerts=0
2025-11-16 21:01:04,882 [INFO] gaitguard.main: FPS=24.0 | tracks=1 | alerts=0
2025-11-16 21:01:06,091 [INFO] gaitguard.main: FPS=24.0 | tracks=1 | alerts=0
2025-11-16 21:01:07,463 [INFO] gaitguard.main: FPS=24.0 | tracks=1 | alerts=0
2025-11-16 21:01:08,988 [INFO] gaitguard.main: FPS=23.9 | tracks=1 | alerts=0
2025-11-16 21:01:10,428 [INFO] gaitguard.main: FPS=23.8 | tracks=1 | alerts=0
2025-11-16 21:01:12,223 [INFO] gaitguard.main: FPS=23.7 | tracks=1 | alerts=0
2025-11-16 21:01:14,274 [INFO] gaitguard.main: FPS=23.5 | tracks=2 | alerts=0
2025-11-16 21:01:15,779 [INFO] gaitguard.main: FPS=23.4 | tracks=1 | alerts=0
2025-11-16 21:01:17,234 [INFO] gaitguard.main: FPS=23.4 | tracks=1 | alerts=0
2025-11-16 21:01:18,679 [INFO] gaitguard.main: FPS=23.3 | tracks=1 | alerts=0
2025-11-16 21:01:20,220 [INFO] gaitguard.main: FPS=23.3 | tracks=2 | alerts=0
2025-11-16 21:01:22,153 [INFO] gaitguard.main: FPS=23.1 | tracks=2 | alerts=0
2025-11-16 21:01:23,745 [INFO] gaitguard.main: FPS=23.0 | tracks=2 | alerts=0
2025-11-16 21:01:25,611 [INFO] gaitguard.main: FPS=22.9 | tracks=2 | alerts=0
2025-11-16 21:01:27,153 [INFO] gaitguard.main: FPS=22.9 | tracks=1 | alerts=0
2025-11-16 21:01:28,637 [INFO] gaitguard.main: FPS=22.8 | tracks=1 | alerts=0
2025-11-16 21:01:30,280 [INFO] gaitguard.main: FPS=22.7 | tracks=1 | alerts=0
2025-11-16 21:01:32,057 [INFO] gaitguard.main: FPS=22.6 | tracks=1 | alerts=0
2025-11-16 21:01:33,860 [INFO] gaitguard.main: FPS=22.5 | tracks=1 | alerts=0
2025-11-16 21:01:35,403 [INFO] gaitguard.main: FPS=22.5 | tracks=1 | alerts=0
2025-11-16 21:01:36,881 [INFO] gaitguard.main: FPS=22.5 | tracks=3 | alerts=0
2025-11-16 21:01:38,555 [INFO] gaitguard.main: FPS=22.4 | tracks=2 | alerts=0
2025-11-16 21:01:40,661 [INFO] gaitguard.main: FPS=22.3 | tracks=3 | alerts=0
2025-11-16 21:01:42,366 [INFO] gaitguard.main: FPS=22.2 | tracks=1 | alerts=0
2025-11-16 21:01:44,314 [INFO] gaitguard.main: FPS=22.1 | tracks=1 | alerts=0
2025-11-16 21:01:45,815 [INFO] gaitguard.main: FPS=22.0 | tracks=1 | alerts=0
2025-11-16 21:01:47,251 [INFO] gaitguard.main: FPS=22.0 | tracks=1 | alerts=0
2025-11-16 21:01:48,720 [INFO] gaitguard.main: FPS=22.0 | tracks=1 | alerts=0
2025-11-16 21:01:50,153 [INFO] gaitguard.main: FPS=22.0 | tracks=1 | alerts=0
2025-11-16 21:01:51,721 [INFO] gaitguard.main: FPS=22.0 | tracks=2 | alerts=0
2025-11-16 21:01:53,559 [INFO] gaitguard.main: FPS=21.9 | tracks=1 | alerts=0
2025-11-16 21:01:55,372 [INFO] gaitguard.main: FPS=21.8 | tracks=1 | alerts=0
2025-11-16 21:01:57,223 [INFO] gaitguard.main: FPS=21.7 | tracks=1 | alerts=0
2025-11-16 21:01:59,122 [INFO] gaitguard.main: FPS=21.6 | tracks=1 | alerts=0
2025-11-16 21:02:00,943 [INFO] gaitguard.main: FPS=21.6 | tracks=1 | alerts=0
2025-11-16 21:02:02,749 [INFO] gaitguard.main: FPS=21.5 | tracks=1 | alerts=0
2025-11-16 21:02:04,604 [INFO] gaitguard.main: FPS=21.4 | tracks=1 | alerts=0
2025-11-16 21:02:06,288 [INFO] gaitguard.main: FPS=21.4 | tracks=1 | alerts=0
2025-11-16 21:02:08,109 [INFO] gaitguard.main: FPS=21.3 | tracks=1 | alerts=0
2025-11-16 21:02:09,935 [INFO] gaitguard.main: FPS=21.3 | tracks=1 | alerts=0
2025-11-16 21:02:11,582 [INFO] gaitguard.main: FPS=21.2 | tracks=1 | alerts=0
2025-11-16 21:02:13,470 [INFO] gaitguard.main: FPS=21.2 | tracks=1 | alerts=0
2025-11-16 21:02:15,294 [INFO] gaitguard.main: FPS=21.1 | tracks=1 | alerts=0
2025-11-16 21:02:17,114 [INFO] gaitguard.main: FPS=21.1 | tracks=1 | alerts=0
2025-11-16 21:02:18,991 [INFO] gaitguard.main: FPS=21.0 | tracks=1 | alerts=0
2025-11-16 21:02:20,767 [INFO] gaitguard.main: FPS=20.9 | tracks=1 | alerts=0
2025-11-16 21:02:22,671 [INFO] gaitguard.main: FPS=20.9 | tracks=1 | alerts=0
2025-11-16 21:02:24,476 [INFO] gaitguard.main: FPS=20.8 | tracks=1 | alerts=0
2025-11-16 21:02:26,370 [INFO] gaitguard.main: FPS=20.8 | tracks=1 | alerts=0
2025-11-16 21:02:28,225 [INFO] gaitguard.main: FPS=20.7 | tracks=1 | alerts=0
2025-11-16 21:02:30,031 [INFO] gaitguard.main: FPS=20.7 | tracks=1 | alerts=0
2025-11-16 21:02:31,876 [INFO] gaitguard.main: FPS=20.6 | tracks=1 | alerts=0
2025-11-16 21:02:33,729 [INFO] gaitguard.main: FPS=20.6 | tracks=1 | alerts=0
2025-11-16 21:02:35,506 [INFO] gaitguard.main: FPS=20.5 | tracks=1 | alerts=0
2025-11-16 21:02:37,311 [INFO] gaitguard.main: FPS=20.5 | tracks=1 | alerts=0
2025-11-16 21:02:39,119 [INFO] gaitguard.main: FPS=20.5 | tracks=1 | alerts=0
2025-11-16 21:02:40,926 [INFO] gaitguard.main: FPS=20.4 | tracks=1 | alerts=0
2025-11-16 21:02:42,731 [INFO] gaitguard.main: FPS=20.4 | tracks=1 | alerts=0
2025-11-16 21:02:44,540 [INFO] gaitguard.main: FPS=20.3 | tracks=1 | alerts=0
2025-11-16 21:02:46,347 [INFO] gaitguard.main: FPS=20.3 | tracks=1 | alerts=0
2025-11-16 21:02:48,131 [INFO] gaitguard.main: FPS=20.3 | tracks=1 | alerts=0
2025-11-16 21:02:49,439 [INFO] gaitguard.main: FPS=20.3 | tracks=1 | alerts=0
2025-11-16 21:02:50,718 [INFO] gaitguard.main: FPS=20.3 | tracks=1 | alerts=0
2025-11-16 21:02:52,070 [INFO] gaitguard.main: FPS=20.3 | tracks=1 | alerts=0
2025-11-16 21:02:53,867 [INFO] gaitguard.main: FPS=20.3 | tracks=1 | alerts=0
2025-11-16 21:02:55,826 [INFO] gaitguard.main: FPS=20.2 | tracks=1 | alerts=0
2025-11-16 21:02:57,632 [INFO] gaitguard.main: FPS=20.2 | tracks=1 | alerts=0
2025-11-16 21:02:59,073 [INFO] gaitguard.main: FPS=20.2 | tracks=1 | alerts=0
2025-11-16 21:03:00,389 [INFO] gaitguard.main: FPS=20.2 | tracks=1 | alerts=0
2025-11-16 21:03:01,606 [INFO] gaitguard.main: FPS=20.3 | tracks=1 | alerts=0
2025-11-16 21:03:02,855 [INFO] gaitguard.main: FPS=20.3 | tracks=1 | alerts=0
2025-11-16 21:03:04,070 [INFO] gaitguard.main: FPS=20.3 | tracks=1 | alerts=0
2025-11-16 21:03:05,297 [INFO] gaitguard.main: FPS=20.3 | tracks=1 | alerts=0
2025-11-16 21:03:06,557 [INFO] gaitguard.main: FPS=20.4 | tracks=1 | alerts=0
2025-11-16 21:03:07,790 [INFO] gaitguard.main: FPS=20.4 | tracks=1 | alerts=0
2025-11-16 21:03:09,022 [INFO] gaitguard.main: FPS=20.4 | tracks=1 | alerts=0
2025-11-16 21:03:10,332 [INFO] gaitguard.main: FPS=20.4 | tracks=1 | alerts=0
2025-11-16 21:03:11,856 [INFO] gaitguard.main: FPS=20.4 | tracks=1 | alerts=0
2025-11-16 21:03:13,687 [INFO] gaitguard.main: FPS=20.4 | tracks=1 | alerts=0
2025-11-16 21:03:15,490 [INFO] gaitguard.main: FPS=20.3 | tracks=1 | alerts=0
2025-11-16 21:03:17,294 [INFO] gaitguard.main: FPS=20.3 | tracks=1 | alerts=0
2025-11-16 21:03:18,797 [INFO] gaitguard.main: FPS=20.3 | tracks=1 | alerts=0
2025-11-16 21:03:20,113 [INFO] gaitguard.main: FPS=20.3 | tracks=1 | alerts=0
2025-11-16 21:03:21,319 [INFO] gaitguard.main: FPS=20.3 | tracks=1 | alerts=0
2025-11-16 21:03:22,519 [INFO] gaitguard.main: FPS=20.4 | tracks=1 | alerts=0
2025-11-16 21:03:23,717 [INFO] gaitguard.main: FPS=20.4 | tracks=1 | alerts=0
2025-11-16 21:03:24,944 [INFO] gaitguard.main: FPS=20.4 | tracks=1 | alerts=0
2025-11-16 21:03:26,160 [INFO] gaitguard.main: FPS=20.4 | tracks=1 | alerts=0
2025-11-16 21:03:27,521 [INFO] gaitguard.main: FPS=20.5 | tracks=1 | alerts=0
2025-11-16 21:03:28,906 [INFO] gaitguard.main: FPS=20.5 | tracks=1 | alerts=0
2025-11-16 21:03:30,343 [INFO] gaitguard.main: FPS=20.5 | tracks=1 | alerts=0
2025-11-16 21:03:32,098 [INFO] gaitguard.main: FPS=20.4 | tracks=1 | alerts=0
2025-11-16 21:03:33,964 [INFO] gaitguard.main: FPS=20.4 | tracks=1 | alerts=0
2025-11-16 21:03:35,870 [INFO] gaitguard.main: FPS=20.4 | tracks=1 | alerts=0
2025-11-16 21:03:37,688 [INFO] gaitguard.main: FPS=20.3 | tracks=1 | alerts=0
2025-11-16 21:03:39,446 [INFO] gaitguard.main: FPS=20.3 | tracks=1 | alerts=0
2025-11-16 21:03:41,270 [INFO] gaitguard.main: FPS=20.3 | tracks=1 | alerts=0
2025-11-16 21:03:43,062 [INFO] gaitguard.main: FPS=20.3 | tracks=1 | alerts=0
2025-11-16 21:03:44,857 [INFO] gaitguard.main: FPS=20.2 | tracks=1 | alerts=0
2025-11-16 21:03:46,665 [INFO] gaitguard.main: FPS=20.2 | tracks=1 | alerts=0
2025-11-16 21:03:48,489 [INFO] gaitguard.main: FPS=20.2 | tracks=1 | alerts=0
2025-11-16 21:03:50,400 [INFO] gaitguard.main: FPS=20.1 | tracks=1 | alerts=0
2025-11-16 21:03:52,221 [INFO] gaitguard.main: FPS=20.1 | tracks=1 | alerts=0
2025-11-16 21:03:54,008 [INFO] gaitguard.main: FPS=20.1 | tracks=1 | alerts=0
2025-11-16 21:03:55,823 [INFO] gaitguard.main: FPS=20.1 | tracks=1 | alerts=0
2025-11-16 21:03:57,667 [INFO] gaitguard.main: FPS=20.0 | tracks=1 | alerts=0
2025-11-16 21:03:59,523 [INFO] gaitguard.main: FPS=20.0 | tracks=1 | alerts=0
2025-11-16 21:04:01,376 [INFO] gaitguard.main: FPS=20.0 | tracks=1 | alerts=0
2025-11-16 21:04:03,158 [INFO] gaitguard.main: FPS=20.0 | tracks=1 | alerts=0
2025-11-16 21:04:04,947 [INFO] gaitguard.main: FPS=19.9 | tracks=1 | alerts=0
2025-11-16 21:04:06,747 [INFO] gaitguard.main: FPS=19.9 | tracks=1 | alerts=0
2025-11-16 21:04:08,573 [INFO] gaitguard.main: FPS=19.9 | tracks=1 | alerts=0
2025-11-16 21:04:10,420 [INFO] gaitguard.main: FPS=19.9 | tracks=1 | alerts=0
2025-11-16 21:04:12,225 [INFO] gaitguard.main: FPS=19.8 | tracks=1 | alerts=0
2025-11-16 21:04:14,047 [INFO] gaitguard.main: FPS=19.8 | tracks=1 | alerts=0
2025-11-16 21:04:15,835 [INFO] gaitguard.main: FPS=19.8 | tracks=1 | alerts=0
2025-11-16 21:04:17,779 [INFO] gaitguard.main: FPS=19.8 | tracks=1 | alerts=0
2025-11-16 21:04:19,600 [INFO] gaitguard.main: FPS=19.7 | tracks=1 | alerts=0
2025-11-16 21:04:21,463 [INFO] gaitguard.main: FPS=19.7 | tracks=1 | alerts=0
2025-11-16 21:04:23,315 [INFO] gaitguard.main: FPS=19.7 | tracks=1 | alerts=0
2025-11-16 21:04:25,163 [INFO] gaitguard.main: FPS=19.7 | tracks=1 | alerts=0
2025-11-16 21:04:26,966 [INFO] gaitguard.main: FPS=19.7 | tracks=1 | alerts=0
2025-11-16 21:04:28,886 [INFO] gaitguard.main: FPS=19.6 | tracks=1 | alerts=0
2025-11-16 21:04:30,763 [INFO] gaitguard.main: FPS=19.6 | tracks=1 | alerts=0
2025-11-16 21:04:32,645 [INFO] gaitguard.main: FPS=19.6 | tracks=1 | alerts=0
2025-11-16 21:04:34,455 [INFO] gaitguard.main: FPS=19.6 | tracks=1 | alerts=0
2025-11-16 21:04:36,259 [INFO] gaitguard.main: FPS=19.5 | tracks=1 | alerts=0
2025-11-16 21:04:38,033 [INFO] gaitguard.main: FPS=19.5 | tracks=1 | alerts=0
2025-11-16 21:04:39,827 [INFO] gaitguard.main: FPS=19.5 | tracks=1 | alerts=0
2025-11-16 21:04:41,720 [INFO] gaitguard.main: FPS=19.5 | tracks=1 | alerts=0
2025-11-16 21:04:43,521 [INFO] gaitguard.main: FPS=19.5 | tracks=1 | alerts=0
2025-11-16 21:04:45,315 [INFO] gaitguard.main: FPS=19.4 | tracks=1 | alerts=0
2025-11-16 21:04:47,299 [INFO] gaitguard.main: FPS=19.4 | tracks=1 | alerts=0
2025-11-16 21:04:49,186 [INFO] gaitguard.main: FPS=19.4 | tracks=1 | alerts=0
2025-11-16 21:04:50,976 [INFO] gaitguard.main: FPS=19.4 | tracks=1 | alerts=0
2025-11-16 21:04:52,757 [INFO] gaitguard.main: FPS=19.4 | tracks=1 | alerts=0
2025-11-16 21:04:54,582 [INFO] gaitguard.main: FPS=19.4 | tracks=1 | alerts=0
2025-11-16 21:04:56,398 [INFO] gaitguard.main: FPS=19.3 | tracks=1 | alerts=0
2025-11-16 21:04:58,194 [INFO] gaitguard.main: FPS=19.3 | tracks=1 | alerts=0
2025-11-16 21:05:00,016 [INFO] gaitguard.main: FPS=19.3 | tracks=1 | alerts=0
2025-11-16 21:05:01,803 [INFO] gaitguard.main: FPS=19.3 | tracks=1 | alerts=0
2025-11-16 21:05:03,595 [INFO] gaitguard.main: FPS=19.3 | tracks=1 | alerts=0
2025-11-16 21:05:05,397 [INFO] gaitguard.main: FPS=19.3 | tracks=1 | alerts=0
2025-11-16 21:05:07,215 [INFO] gaitguard.main: FPS=19.2 | tracks=1 | alerts=0
2025-11-16 21:05:09,038 [INFO] gaitguard.main: FPS=19.2 | tracks=1 | alerts=0
2025-11-16 21:05:10,848 [INFO] gaitguard.main: FPS=19.2 | tracks=1 | alerts=0
2025-11-16 21:05:12,614 [INFO] gaitguard.main: FPS=19.2 | tracks=1 | alerts=0
2025-11-16 21:05:14,420 [INFO] gaitguard.main: FPS=19.2 | tracks=1 | alerts=0
2025-11-16 21:05:16,006 [INFO] gaitguard.main: FPS=19.2 | tracks=1 | alerts=0
2025-11-16 21:05:17,891 [INFO] gaitguard.main: FPS=19.2 | tracks=1 | alerts=0
2025-11-16 21:05:19,694 [INFO] gaitguard.main: FPS=19.2 | tracks=1 | alerts=0
2025-11-16 21:05:21,538 [INFO] gaitguard.main: FPS=19.1 | tracks=1 | alerts=0
2025-11-16 21:05:23,352 [INFO] gaitguard.main: FPS=19.1 | tracks=1 | alerts=0
2025-11-16 21:05:25,149 [INFO] gaitguard.main: FPS=19.1 | tracks=1 | alerts=0
2025-11-16 21:05:26,953 [INFO] gaitguard.main: FPS=19.1 | tracks=1 | alerts=0
2025-11-16 21:05:28,781 [INFO] gaitguard.main: FPS=19.1 | tracks=1 | alerts=0
2025-11-16 21:05:30,575 [INFO] gaitguard.main: FPS=19.1 | tracks=1 | alerts=0
2025-11-16 21:05:32,366 [INFO] gaitguard.main: FPS=19.1 | tracks=1 | alerts=0
2025-11-16 21:05:34,169 [INFO] gaitguard.main: FPS=19.0 | tracks=1 | alerts=0
2025-11-16 21:05:35,974 [INFO] gaitguard.main: FPS=19.0 | tracks=1 | alerts=0
2025-11-16 21:05:37,781 [INFO] gaitguard.main: FPS=19.0 | tracks=1 | alerts=0
2025-11-16 21:05:39,587 [INFO] gaitguard.main: FPS=19.0 | tracks=1 | alerts=0
2025-11-16 21:05:41,392 [INFO] gaitguard.main: FPS=19.0 | tracks=1 | alerts=0
2025-11-16 21:05:43,188 [INFO] gaitguard.main: FPS=19.0 | tracks=1 | alerts=0
2025-11-16 21:05:45,012 [INFO] gaitguard.main: FPS=19.0 | tracks=1 | alerts=0
2025-11-16 21:05:46,824 [INFO] gaitguard.main: FPS=19.0 | tracks=1 | alerts=0
2025-11-16 21:05:48,639 [INFO] gaitguard.main: FPS=18.9 | tracks=1 | alerts=0
2025-11-16 21:05:50,421 [INFO] gaitguard.main: FPS=18.9 | tracks=1 | alerts=0
2025-11-16 21:05:52,240 [INFO] gaitguard.main: FPS=18.9 | tracks=1 | alerts=0
2025-11-16 21:05:54,036 [INFO] gaitguard.main: FPS=18.9 | tracks=1 | alerts=0
2025-11-16 21:05:55,861 [INFO] gaitguard.main: FPS=18.9 | tracks=1 | alerts=0
2025-11-16 21:05:57,647 [INFO] gaitguard.main: FPS=18.9 | tracks=1 | alerts=0
2025-11-16 21:05:59,447 [INFO] gaitguard.main: FPS=18.9 | tracks=1 | alerts=0
2025-11-16 21:06:01,248 [INFO] gaitguard.main: FPS=18.9 | tracks=1 | alerts=0
2025-11-16 21:06:03,070 [INFO] gaitguard.main: FPS=18.9 | tracks=1 | alerts=0
2025-11-16 21:06:04,855 [INFO] gaitguard.main: FPS=18.8 | tracks=1 | alerts=0
2025-11-16 21:06:06,725 [INFO] gaitguard.main: FPS=18.8 | tracks=1 | alerts=0
2025-11-16 21:06:08,518 [INFO] gaitguard.main: FPS=18.8 | tracks=1 | alerts=0
2025-11-16 21:06:10,328 [INFO] gaitguard.main: FPS=18.8 | tracks=1 | alerts=0
2025-11-16 21:06:12,181 [INFO] gaitguard.main: FPS=18.8 | tracks=1 | alerts=0
2025-11-16 21:06:14,060 [INFO] gaitguard.main: FPS=18.8 | tracks=1 | alerts=0
2025-11-16 21:06:15,973 [INFO] gaitguard.main: FPS=18.8 | tracks=1 | alerts=0
2025-11-16 21:06:17,788 [INFO] gaitguard.main: FPS=18.8 | tracks=1 | alerts=0
2025-11-16 21:06:19,657 [INFO] gaitguard.main: FPS=18.8 | tracks=1 | alerts=0
2025-11-16 21:06:21,468 [INFO] gaitguard.main: FPS=18.7 | tracks=1 | alerts=0
2025-11-16 21:06:23,252 [INFO] gaitguard.main: FPS=18.7 | tracks=1 | alerts=0
2025-11-16 21:06:25,073 [INFO] gaitguard.main: FPS=18.7 | tracks=1 | alerts=0
2025-11-16 21:06:26,918 [INFO] gaitguard.main: FPS=18.7 | tracks=1 | alerts=0
2025-11-16 21:06:28,821 [INFO] gaitguard.main: FPS=18.7 | tracks=1 | alerts=0
2025-11-16 21:06:30,618 [INFO] gaitguard.main: FPS=18.7 | tracks=1 | alerts=0
2025-11-16 21:06:32,407 [INFO] gaitguard.main: FPS=18.7 | tracks=1 | alerts=0
2025-11-16 21:06:34,356 [INFO] gaitguard.main: FPS=18.7 | tracks=1 | alerts=0
2025-11-16 21:06:36,143 [INFO] gaitguard.main: FPS=18.7 | tracks=1 | alerts=0
2025-11-16 21:06:37,951 [INFO] gaitguard.main: FPS=18.6 | tracks=1 | alerts=0
2025-11-16 21:06:39,753 [INFO] gaitguard.main: FPS=18.6 | tracks=1 | alerts=0
2025-11-16 21:06:41,628 [INFO] gaitguard.main: FPS=18.6 | tracks=1 | alerts=0
2025-11-16 21:06:43,413 [INFO] gaitguard.main: FPS=18.6 | tracks=1 | alerts=0
2025-11-16 21:06:45,227 [INFO] gaitguard.main: FPS=18.6 | tracks=1 | alerts=0
2025-11-16 21:06:47,089 [INFO] gaitguard.main: FPS=18.6 | tracks=1 | alerts=0
2025-11-16 21:06:48,892 [INFO] gaitguard.main: FPS=18.6 | tracks=1 | alerts=0
2025-11-16 21:06:50,693 [INFO] gaitguard.main: FPS=18.6 | tracks=1 | alerts=0
2025-11-16 21:06:52,508 [INFO] gaitguard.main: FPS=18.6 | tracks=1 | alerts=0
2025-11-16 21:06:54,294 [INFO] gaitguard.main: FPS=18.6 | tracks=1 | alerts=0
2025-11-16 21:06:56,131 [INFO] gaitguard.main: FPS=18.6 | tracks=1 | alerts=0
2025-11-16 21:06:57,917 [INFO] gaitguard.main: FPS=18.5 | tracks=1 | alerts=0
2025-11-16 21:06:59,743 [INFO] gaitguard.main: FPS=18.5 | tracks=1 | alerts=0
2025-11-16 21:07:01,508 [INFO] gaitguard.main: FPS=18.5 | tracks=1 | alerts=0
2025-11-16 21:07:03,350 [INFO] gaitguard.main: FPS=18.5 | tracks=1 | alerts=0
2025-11-16 21:07:05,122 [INFO] gaitguard.main: FPS=18.5 | tracks=1 | alerts=0
2025-11-16 21:07:06,420 [INFO] gaitguard.main: FPS=18.5 | tracks=1 | alerts=0
2025-11-16 21:07:07,625 [INFO] gaitguard.main: FPS=18.5 | tracks=1 | alerts=0
2025-11-16 21:07:08,829 [INFO] gaitguard.main: FPS=18.6 | tracks=1 | alerts=0
2025-11-16 21:07:10,035 [INFO] gaitguard.main: FPS=18.6 | tracks=1 | alerts=0
2025-11-16 21:07:11,219 [INFO] gaitguard.main: FPS=18.6 | tracks=1 | alerts=0
2025-11-16 21:07:12,472 [INFO] gaitguard.main: FPS=18.6 | tracks=1 | alerts=0
2025-11-16 21:07:13,837 [INFO] gaitguard.main: FPS=18.6 | tracks=1 | alerts=0
2025-11-16 21:07:15,372 [INFO] gaitguard.main: FPS=18.6 | tracks=1 | alerts=0
2025-11-16 21:07:17,164 [INFO] gaitguard.main: FPS=18.6 | tracks=1 | alerts=0
2025-11-16 21:07:19,031 [INFO] gaitguard.main: FPS=18.6 | tracks=1 | alerts=0
2025-11-16 21:07:20,832 [INFO] gaitguard.main: FPS=18.6 | tracks=1 | alerts=0
2025-11-16 21:07:22,656 [INFO] gaitguard.main: FPS=18.6 | tracks=1 | alerts=0
2025-11-16 21:07:24,463 [INFO] gaitguard.main: FPS=18.6 | tracks=1 | alerts=0
2025-11-16 21:07:26,310 [INFO] gaitguard.main: FPS=18.6 | tracks=1 | alerts=0
2025-11-16 21:07:28,107 [INFO] gaitguard.main: FPS=18.6 | tracks=1 | alerts=0
2025-11-16 21:07:30,015 [INFO] gaitguard.main: FPS=18.6 | tracks=1 | alerts=0
2025-11-16 21:07:31,857 [INFO] gaitguard.main: FPS=18.6 | tracks=1 | alerts=0
2025-11-16 21:07:33,688 [INFO] gaitguard.main: FPS=18.5 | tracks=1 | alerts=0
2025-11-16 21:07:35,596 [INFO] gaitguard.main: FPS=18.5 | tracks=1 | alerts=0
2025-11-16 21:07:37,496 [INFO] gaitguard.main: FPS=18.5 | tracks=1 | alerts=0
2025-11-16 21:07:39,316 [INFO] gaitguard.main: FPS=18.5 | tracks=1 | alerts=0
2025-11-16 21:07:41,213 [INFO] gaitguard.main: FPS=18.5 | tracks=1 | alerts=0
2025-11-16 21:07:43,022 [INFO] gaitguard.main: FPS=18.5 | tracks=1 | alerts=0
2025-11-16 21:07:44,858 [INFO] gaitguard.main: FPS=18.5 | tracks=1 | alerts=0
2025-11-16 21:07:46,752 [INFO] gaitguard.main: FPS=18.5 | tracks=1 | alerts=0
2025-11-16 21:07:48,561 [INFO] gaitguard.main: FPS=18.5 | tracks=1 | alerts=0
2025-11-16 21:07:50,428 [INFO] gaitguard.main: FPS=18.5 | tracks=1 | alerts=0
2025-11-16 21:07:52,293 [INFO] gaitguard.main: FPS=18.4 | tracks=1 | alerts=0
2025-11-16 21:07:54,209 [INFO] gaitguard.main: FPS=18.4 | tracks=1 | alerts=0
2025-11-16 21:07:56,082 [INFO] gaitguard.main: FPS=18.4 | tracks=1 | alerts=0
2025-11-16 21:07:57,995 [INFO] gaitguard.main: FPS=18.4 | tracks=1 | alerts=0
2025-11-16 21:08:00,027 [INFO] gaitguard.main: FPS=18.4 | tracks=1 | alerts=0
2025-11-16 21:08:01,825 [INFO] gaitguard.main: FPS=18.4 | tracks=1 | alerts=0
2025-11-16 21:08:03,597 [INFO] gaitguard.main: FPS=18.4 | tracks=1 | alerts=0
2025-11-16 21:08:05,396 [INFO] gaitguard.main: FPS=18.4 | tracks=1 | alerts=0
2025-11-16 21:08:07,293 [INFO] gaitguard.main: FPS=18.4 | tracks=1 | alerts=0
2025-11-16 21:08:09,065 [INFO] gaitguard.main: FPS=18.4 | tracks=1 | alerts=0
2025-11-16 21:08:10,889 [INFO] gaitguard.main: FPS=18.4 | tracks=1 | alerts=0
2025-11-16 21:08:12,729 [INFO] gaitguard.main: FPS=18.4 | tracks=1 | alerts=0
2025-11-16 21:08:14,640 [INFO] gaitguard.main: FPS=18.3 | tracks=1 | alerts=0
2025-11-16 21:08:16,420 [INFO] gaitguard.main: FPS=18.3 | tracks=1 | alerts=0
2025-11-16 21:08:18,225 [INFO] gaitguard.main: FPS=18.3 | tracks=1 | alerts=0
2025-11-16 21:08:20,072 [INFO] gaitguard.main: FPS=18.3 | tracks=1 | alerts=0
2025-11-16 21:08:21,930 [INFO] gaitguard.main: FPS=18.3 | tracks=1 | alerts=0
2025-11-16 21:08:23,776 [INFO] gaitguard.main: FPS=18.3 | tracks=1 | alerts=0
2025-11-16 21:08:25,573 [INFO] gaitguard.main: FPS=18.3 | tracks=1 | alerts=0
2025-11-16 21:08:27,442 [INFO] gaitguard.main: FPS=18.3 | tracks=1 | alerts=0
2025-11-16 21:08:29,297 [INFO] gaitguard.main: FPS=18.3 | tracks=1 | alerts=0
2025-11-16 21:08:31,148 [INFO] gaitguard.main: FPS=18.3 | tracks=1 | alerts=0
2025-11-16 21:08:32,960 [INFO] gaitguard.main: FPS=18.3 | tracks=1 | alerts=0
2025-11-16 21:08:34,775 [INFO] gaitguard.main: FPS=18.3 | tracks=1 | alerts=0
2025-11-16 21:08:36,633 [INFO] gaitguard.main: FPS=18.3 | tracks=1 | alerts=0
2025-11-16 21:08:38,493 [INFO] gaitguard.main: FPS=18.3 | tracks=1 | alerts=0
2025-11-16 21:08:40,325 [INFO] gaitguard.main: FPS=18.2 | tracks=1 | alerts=0
2025-11-16 21:08:42,111 [INFO] gaitguard.main: FPS=18.2 | tracks=1 | alerts=0
2025-11-16 21:08:43,914 [INFO] gaitguard.main: FPS=18.2 | tracks=1 | alerts=0
2025-11-16 21:08:45,701 [INFO] gaitguard.main: FPS=18.2 | tracks=1 | alerts=0
2025-11-16 21:08:47,498 [INFO] gaitguard.main: FPS=18.2 | tracks=1 | alerts=0
2025-11-16 21:08:49,360 [INFO] gaitguard.main: FPS=18.2 | tracks=1 | alerts=0
2025-11-16 21:08:51,101 [INFO] gaitguard.main: FPS=18.2 | tracks=1 | alerts=0
2025-11-16 21:08:52,906 [INFO] gaitguard.main: FPS=18.2 | tracks=1 | alerts=0
2025-11-16 21:08:54,781 [INFO] gaitguard.main: FPS=18.2 | tracks=1 | alerts=0
2025-11-16 21:08:56,657 [INFO] gaitguard.main: FPS=18.2 | tracks=1 | alerts=0
2025-11-16 21:08:58,547 [INFO] gaitguard.main: FPS=18.2 | tracks=1 | alerts=0
2025-11-16 21:09:00,480 [INFO] gaitguard.main: FPS=18.2 | tracks=1 | alerts=0
2025-11-16 21:09:02,253 [INFO] gaitguard.main: FPS=18.2 | tracks=1 | alerts=0
2025-11-16 21:09:04,042 [INFO] gaitguard.main: FPS=18.2 | tracks=1 | alerts=0
2025-11-16 21:09:05,850 [INFO] gaitguard.main: FPS=18.2 | tracks=1 | alerts=0
2025-11-16 21:09:07,642 [INFO] gaitguard.main: FPS=18.2 | tracks=1 | alerts=0
2025-11-16 21:09:09,477 [INFO] gaitguard.main: FPS=18.2 | tracks=1 | alerts=0
2025-11-16 21:09:11,258 [INFO] gaitguard.main: FPS=18.2 | tracks=1 | alerts=0
2025-11-16 21:09:13,073 [INFO] gaitguard.main: FPS=18.1 | tracks=1 | alerts=0
2025-11-16 21:09:14,870 [INFO] gaitguard.main: FPS=18.1 | tracks=1 | alerts=0
2025-11-16 21:09:16,701 [INFO] gaitguard.main: FPS=18.1 | tracks=1 | alerts=0
2025-11-16 21:09:18,519 [INFO] gaitguard.main: FPS=18.1 | tracks=1 | alerts=0
2025-11-16 21:09:20,288 [INFO] gaitguard.main: FPS=18.1 | tracks=1 | alerts=0
2025-11-16 21:09:22,098 [INFO] gaitguard.main: FPS=18.1 | tracks=1 | alerts=0
2025-11-16 21:09:23,898 [INFO] gaitguard.main: FPS=18.1 | tracks=1 | alerts=0
2025-11-16 21:09:25,706 [INFO] gaitguard.main: FPS=18.1 | tracks=1 | alerts=0
2025-11-16 21:09:27,498 [INFO] gaitguard.main: FPS=18.1 | tracks=1 | alerts=0
2025-11-16 21:09:29,305 [INFO] gaitguard.main: FPS=18.1 | tracks=1 | alerts=0
2025-11-16 21:09:31,097 [INFO] gaitguard.main: FPS=18.1 | tracks=1 | alerts=0
2025-11-16 21:09:32,927 [INFO] gaitguard.main: FPS=18.1 | tracks=1 | alerts=0
2025-11-16 21:09:34,717 [INFO] gaitguard.main: FPS=18.1 | tracks=1 | alerts=0
2025-11-16 21:09:36,534 [INFO] gaitguard.main: FPS=18.1 | tracks=1 | alerts=0
2025-11-16 21:09:38,336 [INFO] gaitguard.main: FPS=18.1 | tracks=1 | alerts=0
2025-11-16 21:09:40,123 [INFO] gaitguard.main: FPS=18.1 | tracks=1 | alerts=0
2025-11-16 21:09:41,942 [INFO] gaitguard.main: FPS=18.1 | tracks=1 | alerts=0
2025-11-16 21:09:43,434 [INFO] gaitguard.main: FPS=18.1 | tracks=1 | alerts=0
2025-11-16 21:09:44,569 [INFO] gaitguard.main: FPS=18.1 | tracks=1 | alerts=0
2025-11-16 21:09:45,710 [INFO] gaitguard.main: FPS=18.1 | tracks=1 | alerts=0
2025-11-16 21:09:46,947 [INFO] gaitguard.main: FPS=18.1 | tracks=1 | alerts=0
2025-11-16 21:09:48,149 [INFO] gaitguard.main: FPS=18.1 | tracks=1 | alerts=0
2025-11-16 21:09:49,366 [INFO] gaitguard.main: FPS=18.2 | tracks=1 | alerts=0
2025-11-16 21:09:50,800 [INFO] gaitguard.main: FPS=18.2 | tracks=1 | alerts=0
2025-11-16 21:09:52,605 [INFO] gaitguard.main: FPS=18.2 | tracks=1 | alerts=0
2025-11-16 21:09:54,413 [INFO] gaitguard.main: FPS=18.1 | tracks=1 | alerts=0
2025-11-16 21:09:56,224 [INFO] gaitguard.main: FPS=18.1 | tracks=1 | alerts=0
2025-11-16 21:09:58,033 [INFO] gaitguard.main: FPS=18.1 | tracks=1 | alerts=0
2025-11-16 21:09:59,839 [INFO] gaitguard.main: FPS=18.1 | tracks=1 | alerts=0
2025-11-16 21:10:01,638 [INFO] gaitguard.main: FPS=18.1 | tracks=1 | alerts=0
2025-11-16 21:10:03,437 [INFO] gaitguard.main: FPS=18.1 | tracks=1 | alerts=0
2025-11-16 21:10:05,248 [INFO] gaitguard.main: FPS=18.1 | tracks=1 | alerts=0
2025-11-16 21:10:07,042 [INFO] gaitguard.main: FPS=18.1 | tracks=1 | alerts=0
2025-11-16 21:10:08,843 [INFO] gaitguard.main: FPS=18.1 | tracks=1 | alerts=0
2025-11-16 21:10:10,652 [INFO] gaitguard.main: FPS=18.1 | tracks=1 | alerts=0
2025-11-16 21:10:12,458 [INFO] gaitguard.main: FPS=18.1 | tracks=1 | alerts=0
2025-11-16 21:10:14,267 [INFO] gaitguard.main: FPS=18.1 | tracks=1 | alerts=0
2025-11-16 21:10:16,069 [INFO] gaitguard.main: FPS=18.1 | tracks=1 | alerts=0
2025-11-16 21:10:17,606 [INFO] gaitguard.main: FPS=18.1 | tracks=1 | alerts=0
2025-11-16 21:10:19,035 [INFO] gaitguard.main: FPS=18.1 | tracks=1 | alerts=0
2025-11-16 21:10:20,816 [INFO] gaitguard.main: FPS=18.1 | tracks=1 | alerts=0
2025-11-16 21:10:22,604 [INFO] gaitguard.main: FPS=18.1 | tracks=1 | alerts=0
2025-11-16 21:10:24,110 [INFO] gaitguard.main: FPS=18.1 | tracks=1 | alerts=0
2025-11-16 21:10:25,261 [INFO] gaitguard.main: FPS=18.1 | tracks=1 | alerts=0
2025-11-16 21:10:26,467 [INFO] gaitguard.main: FPS=18.1 | tracks=1 | alerts=0
2025-11-16 21:10:27,631 [INFO] gaitguard.main: FPS=18.1 | tracks=1 | alerts=0
2025-11-16 21:10:28,801 [INFO] gaitguard.main: FPS=18.2 | tracks=1 | alerts=0
2025-11-16 21:10:30,021 [INFO] gaitguard.main: FPS=18.2 | tracks=1 | alerts=0
2025-11-16 21:10:31,324 [INFO] gaitguard.main: FPS=18.2 | tracks=1 | alerts=0
2025-11-16 21:10:32,626 [INFO] gaitguard.main: FPS=18.2 | tracks=1 | alerts=0
2025-11-16 21:10:33,870 [INFO] gaitguard.main: FPS=18.2 | tracks=1 | alerts=0
2025-11-16 21:10:35,217 [INFO] gaitguard.main: FPS=18.2 | tracks=1 | alerts=0
2025-11-16 21:10:36,646 [INFO] gaitguard.main: FPS=18.2 | tracks=1 | alerts=0
2025-11-16 21:10:37,998 [INFO] gaitguard.main: FPS=18.2 | tracks=1 | alerts=0
2025-11-16 21:10:39,507 [INFO] gaitguard.main: FPS=18.2 | tracks=1 | alerts=0
2025-11-16 21:10:41,299 [INFO] gaitguard.main: FPS=18.2 | tracks=1 | alerts=0
2025-11-16 21:10:43,182 [INFO] gaitguard.main: FPS=18.2 | tracks=1 | alerts=0
2025-11-16 21:10:44,957 [INFO] gaitguard.main: FPS=18.2 | tracks=2 | alerts=0
2025-11-16 21:10:46,749 [INFO] gaitguard.main: FPS=18.2 | tracks=1 | alerts=0
2025-11-16 21:10:48,579 [INFO] gaitguard.main: FPS=18.2 | tracks=1 | alerts=0
2025-11-16 21:10:50,430 [INFO] gaitguard.main: FPS=18.2 | tracks=1 | alerts=0
2025-11-16 21:10:52,471 [INFO] gaitguard.main: FPS=18.2 | tracks=2 | alerts=0
2025-11-16 21:10:54,484 [INFO] gaitguard.main: FPS=18.2 | tracks=4 | alerts=0
2025-11-16 21:10:56,655 [INFO] gaitguard.main: FPS=18.2 | tracks=3 | alerts=0
2025-11-16 21:10:59,170 [INFO] gaitguard.main: FPS=18.1 | tracks=5 | alerts=0
2025-11-16 21:11:01,009 [INFO] gaitguard.main: FPS=18.1 | tracks=1 | alerts=0
2025-11-16 21:11:02,923 [INFO] gaitguard.main: FPS=18.1 | tracks=2 | alerts=0
2025-11-16 21:11:04,865 [INFO] gaitguard.main: FPS=18.1 | tracks=3 | alerts=0
2025-11-16 21:11:06,604 [INFO] gaitguard.main: FPS=18.1 | tracks=1 | alerts=0
2025-11-16 21:11:08,412 [INFO] gaitguard.main: FPS=18.1 | tracks=1 | alerts=0
2025-11-16 21:11:09,683 [INFO] gaitguard.main: FPS=18.1 | tracks=1 | alerts=0
2025-11-16 21:11:11,102 [INFO] gaitguard.main: FPS=18.1 | tracks=1 | alerts=0
2025-11-16 21:11:12,425 [INFO] gaitguard.main: FPS=18.1 | tracks=1 | alerts=0
2025-11-16 21:11:14,238 [INFO] gaitguard.main: FPS=18.1 | tracks=1 | alerts=0
2025-11-16 21:11:15,609 [INFO] gaitguard.main: FPS=18.1 | tracks=2 | alerts=0
2025-11-16 21:11:17,113 [INFO] gaitguard.main: FPS=18.1 | tracks=2 | alerts=0
2025-11-16 21:11:18,450 [INFO] gaitguard.main: FPS=18.2 | tracks=1 | alerts=0
2025-11-16 21:11:19,732 [INFO] gaitguard.main: FPS=18.2 | tracks=1 | alerts=0
2025-11-16 21:11:21,156 [INFO] gaitguard.main: FPS=18.2 | tracks=2 | alerts=0
2025-11-16 21:11:22,516 [INFO] gaitguard.main: FPS=18.2 | tracks=1 | alerts=0
2025-11-16 21:11:23,830 [INFO] gaitguard.main: FPS=18.2 | tracks=1 | alerts=0
2025-11-16 21:11:25,287 [INFO] gaitguard.main: FPS=18.2 | tracks=1 | alerts=0
2025-11-16 21:11:26,658 [INFO] gaitguard.main: FPS=18.2 | tracks=1 | alerts=0
2025-11-16 21:11:28,023 [INFO] gaitguard.main: FPS=18.2 | tracks=2 | alerts=0
2025-11-16 21:11:29,407 [INFO] gaitguard.main: FPS=18.2 | tracks=1 | alerts=0
2025-11-16 21:11:30,769 [INFO] gaitguard.main: FPS=18.2 | tracks=1 | alerts=0
2025-11-16 21:11:32,142 [INFO] gaitguard.main: FPS=18.2 | tracks=1 | alerts=0
2025-11-16 21:11:33,434 [INFO] gaitguard.main: FPS=18.2 | tracks=1 | alerts=0
2025-11-16 21:11:34,749 [INFO] gaitguard.main: FPS=18.2 | tracks=1 | alerts=0
2025-11-16 21:11:36,165 [INFO] gaitguard.main: FPS=18.3 | tracks=1 | alerts=0
2025-11-16 21:11:37,620 [INFO] gaitguard.main: FPS=18.3 | tracks=1 | alerts=0
2025-11-16 21:11:39,039 [INFO] gaitguard.main: FPS=18.3 | tracks=1 | alerts=0
2025-11-16 21:11:40,482 [INFO] gaitguard.main: FPS=18.3 | tracks=1 | alerts=0
2025-11-16 21:11:41,910 [INFO] gaitguard.main: FPS=18.3 | tracks=1 | alerts=0
2025-11-16 21:11:43,333 [INFO] gaitguard.main: FPS=18.3 | tracks=1 | alerts=0
2025-11-16 21:11:44,694 [INFO] gaitguard.main: FPS=18.3 | tracks=1 | alerts=0
2025-11-16 21:11:46,066 [INFO] gaitguard.main: FPS=18.3 | tracks=1 | alerts=0
2025-11-16 21:11:47,472 [INFO] gaitguard.main: FPS=18.3 | tracks=1 | alerts=0
2025-11-16 21:11:48,859 [INFO] gaitguard.main: FPS=18.3 | tracks=1 | alerts=0
2025-11-16 21:11:50,289 [INFO] gaitguard.main: FPS=18.3 | tracks=1 | alerts=0
2025-11-16 21:11:51,850 [INFO] gaitguard.main: FPS=18.3 | tracks=1 | alerts=0
2025-11-16 21:11:53,304 [INFO] gaitguard.main: FPS=18.3 | tracks=1 | alerts=0
2025-11-16 21:11:54,721 [INFO] gaitguard.main: FPS=18.3 | tracks=1 | alerts=0
2025-11-16 21:11:56,169 [INFO] gaitguard.main: FPS=18.3 | tracks=1 | alerts=0
2025-11-16 21:11:57,586 [INFO] gaitguard.main: FPS=18.3 | tracks=1 | alerts=0
2025-11-16 21:11:58,935 [INFO] gaitguard.main: FPS=18.3 | tracks=1 | alerts=0
2025-11-16 21:12:00,431 [INFO] gaitguard.main: FPS=18.3 | tracks=1 | alerts=0
2025-11-16 21:12:01,822 [INFO] gaitguard.main: FPS=18.3 | tracks=1 | alerts=0
2025-11-16 21:12:03,200 [INFO] gaitguard.main: FPS=18.4 | tracks=1 | alerts=0
2025-11-16 21:12:04,630 [INFO] gaitguard.main: FPS=18.4 | tracks=1 | alerts=0
2025-11-16 21:12:06,041 [INFO] gaitguard.main: FPS=18.4 | tracks=1 | alerts=0
2025-11-16 21:12:07,439 [INFO] gaitguard.main: FPS=18.4 | tracks=1 | alerts=0
2025-11-16 21:12:08,800 [INFO] gaitguard.main: FPS=18.4 | tracks=1 | alerts=0
2025-11-16 21:12:10,175 [INFO] gaitguard.main: FPS=18.4 | tracks=1 | alerts=0
2025-11-16 21:12:11,557 [INFO] gaitguard.main: FPS=18.4 | tracks=1 | alerts=0
2025-11-16 21:12:13,091 [INFO] gaitguard.main: FPS=18.4 | tracks=1 | alerts=0
2025-11-16 21:12:14,583 [INFO] gaitguard.main: FPS=18.4 | tracks=1 | alerts=0
2025-11-16 21:12:16,122 [INFO] gaitguard.main: FPS=18.4 | tracks=1 | alerts=0
2025-11-16 21:12:17,605 [INFO] gaitguard.main: FPS=18.4 | tracks=1 | alerts=0
2025-11-16 21:12:19,004 [INFO] gaitguard.main: FPS=18.4 | tracks=1 | alerts=0
2025-11-16 21:12:20,439 [INFO] gaitguard.main: FPS=18.4 | tracks=1 | alerts=0
2025-11-16 21:12:21,837 [INFO] gaitguard.main: FPS=18.4 | tracks=1 | alerts=0
2025-11-16 21:12:23,084 [INFO] gaitguard.main: FPS=18.4 | tracks=1 | alerts=0
2025-11-16 21:12:24,294 [INFO] gaitguard.main: FPS=18.4 | tracks=1 | alerts=0
2025-11-16 21:12:25,581 [INFO] gaitguard.main: FPS=18.4 | tracks=1 | alerts=0
2025-11-16 21:12:27,063 [INFO] gaitguard.main: FPS=18.4 | tracks=1 | alerts=0
2025-11-16 21:12:28,568 [INFO] gaitguard.main: FPS=18.5 | tracks=1 | alerts=0
2025-11-16 21:12:29,945 [INFO] gaitguard.main: FPS=18.5 | tracks=1 | alerts=0
2025-11-16 21:12:31,451 [INFO] gaitguard.main: FPS=18.5 | tracks=2 | alerts=0
2025-11-16 21:12:32,459 [INFO] gaitguard.main: FPS=18.5 | tracks=0 | alerts=0
2025-11-16 21:12:33,455 [INFO] gaitguard.main: FPS=18.5 | tracks=0 | alerts=0
2025-11-16 21:12:34,623 [INFO] gaitguard.main: FPS=18.5 | tracks=1 | alerts=0
2025-11-16 21:12:36,435 [INFO] gaitguard.main: FPS=18.5 | tracks=3 | alerts=0
2025-11-16 21:12:38,419 [INFO] gaitguard.main: FPS=18.5 | tracks=3 | alerts=0
2025-11-16 21:12:40,292 [INFO] gaitguard.main: FPS=18.5 | tracks=2 | alerts=0
2025-11-16 21:12:42,358 [INFO] gaitguard.main: FPS=18.5 | tracks=2 | alerts=0
2025-11-16 21:12:43,757 [INFO] gaitguard.main: FPS=18.5 | tracks=1 | alerts=0
2025-11-16 21:12:45,297 [INFO] gaitguard.main: FPS=18.5 | tracks=1 | alerts=0
2025-11-16 21:12:46,797 [INFO] gaitguard.main: FPS=18.5 | tracks=1 | alerts=0
2025-11-16 21:12:48,177 [INFO] gaitguard.main: FPS=18.5 | tracks=1 | alerts=0
2025-11-16 21:12:49,296 [INFO] gaitguard.main: FPS=18.5 | tracks=0 | alerts=0
2025-11-16 21:12:50,253 [INFO] gaitguard.main: FPS=18.5 | tracks=0 | alerts=0
2025-11-16 21:12:51,282 [INFO] gaitguard.main: FPS=18.5 | tracks=0 | alerts=0
2025-11-16 21:12:52,269 [INFO] gaitguard.main: FPS=18.5 | tracks=0 | alerts=0
2025-11-16 21:12:53,267 [INFO] gaitguard.main: FPS=18.6 | tracks=0 | alerts=0
2025-11-16 21:12:54,250 [INFO] gaitguard.main: FPS=18.6 | tracks=0 | alerts=0
2025-11-16 21:12:55,222 [INFO] gaitguard.main: FPS=18.6 | tracks=0 | alerts=0
2025-11-16 21:12:56,209 [INFO] gaitguard.main: FPS=18.6 | tracks=0 | alerts=0
2025-11-16 21:12:57,212 [INFO] gaitguard.main: FPS=18.6 | tracks=0 | alerts=0
2025-11-16 21:12:58,189 [INFO] gaitguard.main: FPS=18.6 | tracks=0 | alerts=0
2025-11-16 21:12:59,166 [INFO] gaitguard.main: FPS=18.6 | tracks=0 | alerts=0
2025-11-16 21:13:00,156 [INFO] gaitguard.main: FPS=18.7 | tracks=0 | alerts=0
2025-11-16 21:13:01,150 [INFO] gaitguard.main: FPS=18.7 | tracks=0 | alerts=0
2025-11-16 21:13:02,179 [INFO] gaitguard.main: FPS=18.7 | tracks=0 | alerts=0
2025-11-16 21:13:03,202 [INFO] gaitguard.main: FPS=18.7 | tracks=0 | alerts=0
2025-11-16 21:13:04,241 [INFO] gaitguard.main: FPS=18.7 | tracks=1 | alerts=0
2025-11-16 21:13:05,452 [INFO] gaitguard.main: FPS=18.7 | tracks=0 | alerts=0
2025-11-16 21:13:06,511 [INFO] gaitguard.main: FPS=18.7 | tracks=0 | alerts=0
2025-11-16 21:13:07,747 [INFO] gaitguard.main: FPS=18.7 | tracks=1 | alerts=0
2025-11-16 21:13:09,116 [INFO] gaitguard.main: FPS=18.8 | tracks=3 | alerts=0
2025-11-16 21:13:10,826 [INFO] gaitguard.main: FPS=18.8 | tracks=1 | alerts=0
2025-11-16 21:13:12,319 [INFO] gaitguard.main: FPS=18.8 | tracks=1 | alerts=0
2025-11-16 21:13:13,810 [INFO] gaitguard.main: FPS=18.8 | tracks=1 | alerts=0
2025-11-16 21:13:15,481 [INFO] gaitguard.main: FPS=18.8 | tracks=2 | alerts=0
2025-11-16 21:13:17,250 [INFO] gaitguard.main: FPS=18.8 | tracks=2 | alerts=0
2025-11-16 21:13:18,997 [INFO] gaitguard.main: FPS=18.7 | tracks=1 | alerts=0
2025-11-16 21:13:20,364 [INFO] gaitguard.main: FPS=18.8 | tracks=1 | alerts=0
2025-11-16 21:13:21,770 [INFO] gaitguard.main: FPS=18.8 | tracks=1 | alerts=0
2025-11-16 21:13:23,186 [INFO] gaitguard.main: FPS=18.8 | tracks=1 | alerts=0
2025-11-16 21:13:24,558 [INFO] gaitguard.main: FPS=18.8 | tracks=1 | alerts=0
2025-11-16 21:13:26,004 [INFO] gaitguard.main: FPS=18.8 | tracks=1 | alerts=0
2025-11-16 21:13:27,628 [INFO] gaitguard.main: FPS=18.8 | tracks=1 | alerts=0
2025-11-16 21:13:29,145 [INFO] gaitguard.main: FPS=18.8 | tracks=1 | alerts=0
2025-11-16 21:13:30,654 [INFO] gaitguard.main: FPS=18.8 | tracks=1 | alerts=0
2025-11-16 21:13:32,149 [INFO] gaitguard.main: FPS=18.8 | tracks=1 | alerts=0
2025-11-16 21:13:33,661 [INFO] gaitguard.main: FPS=18.8 | tracks=1 | alerts=0
2025-11-16 21:13:35,325 [INFO] gaitguard.main: FPS=18.8 | tracks=3 | alerts=0
2025-11-16 21:13:37,158 [INFO] gaitguard.main: FPS=18.8 | tracks=2 | alerts=0
2025-11-16 21:13:38,698 [INFO] gaitguard.main: FPS=18.8 | tracks=1 | alerts=0
2025-11-16 21:13:40,193 [INFO] gaitguard.main: FPS=18.8 | tracks=1 | alerts=0
2025-11-16 21:13:41,684 [INFO] gaitguard.main: FPS=18.8 | tracks=1 | alerts=0
2025-11-16 21:13:43,298 [INFO] gaitguard.main: FPS=18.8 | tracks=1 | alerts=0
2025-11-16 21:13:44,772 [INFO] gaitguard.main: FPS=18.8 | tracks=1 | alerts=0
2025-11-16 21:13:46,347 [INFO] gaitguard.main: FPS=18.8 | tracks=1 | alerts=0
2025-11-16 21:13:47,883 [INFO] gaitguard.main: FPS=18.8 | tracks=1 | alerts=0
2025-11-16 21:13:49,668 [INFO] gaitguard.main: FPS=18.8 | tracks=1 | alerts=0
2025-11-16 21:13:51,581 [INFO] gaitguard.main: FPS=18.8 | tracks=1 | alerts=0
2025-11-16 21:13:53,548 [INFO] gaitguard.main: FPS=18.8 | tracks=2 | alerts=0
2025-11-16 21:13:55,224 [INFO] gaitguard.main: FPS=18.8 | tracks=1 | alerts=0
2025-11-16 21:13:56,843 [INFO] gaitguard.main: FPS=18.8 | tracks=2 | alerts=0
2025-11-16 21:13:58,440 [INFO] gaitguard.main: FPS=18.8 | tracks=1 | alerts=0
2025-11-16 21:13:59,577 [INFO] gaitguard.main: FPS=18.8 | tracks=0 | alerts=0
2025-11-16 21:14:00,639 [INFO] gaitguard.main: FPS=18.8 | tracks=0 | alerts=0
2025-11-16 21:14:01,730 [INFO] gaitguard.main: FPS=18.8 | tracks=0 | alerts=0
2025-11-16 21:14:03,074 [INFO] gaitguard.main: FPS=18.8 | tracks=1 | alerts=0
2025-11-16 21:14:04,808 [INFO] gaitguard.main: FPS=18.8 | tracks=1 | alerts=0
2025-11-16 21:14:06,264 [INFO] gaitguard.main: FPS=18.8 | tracks=1 | alerts=0
2025-11-16 21:14:07,764 [INFO] gaitguard.main: FPS=18.8 | tracks=1 | alerts=0
2025-11-16 21:14:09,211 [INFO] gaitguard.main: FPS=18.8 | tracks=1 | alerts=0
2025-11-16 21:14:10,412 [INFO] gaitguard.main: FPS=18.8 | tracks=2 | alerts=0
2025-11-16 21:14:12,017 [INFO] gaitguard.main: FPS=18.8 | tracks=4 | alerts=0
2025-11-16 21:14:13,404 [INFO] gaitguard.main: FPS=18.8 | tracks=1 | alerts=0
2025-11-16 21:14:14,883 [INFO] gaitguard.main: FPS=18.8 | tracks=1 | alerts=0
2025-11-16 21:14:16,293 [INFO] gaitguard.main: FPS=18.8 | tracks=1 | alerts=0
2025-11-16 21:14:17,835 [INFO] gaitguard.main: FPS=18.8 | tracks=1 | alerts=0
2025-11-16 21:14:19,372 [INFO] gaitguard.main: FPS=18.8 | tracks=1 | alerts=0
2025-11-16 21:14:20,873 [INFO] gaitguard.main: FPS=18.8 | tracks=1 | alerts=0
2025-11-16 21:14:22,366 [INFO] gaitguard.main: FPS=18.8 | tracks=1 | alerts=0
2025-11-16 21:14:23,780 [INFO] gaitguard.main: FPS=18.8 | tracks=1 | alerts=0
2025-11-16 21:14:25,440 [INFO] gaitguard.main: FPS=18.8 | tracks=2 | alerts=0
2025-11-16 21:14:27,188 [INFO] gaitguard.main: FPS=18.8 | tracks=1 | alerts=0
2025-11-16 21:14:29,044 [INFO] gaitguard.main: FPS=18.8 | tracks=2 | alerts=0
2025-11-16 21:14:31,044 [INFO] gaitguard.main: FPS=18.8 | tracks=1 | alerts=0
2025-11-16 21:14:33,203 [INFO] gaitguard.main: FPS=18.8 | tracks=2 | alerts=0
2025-11-16 21:14:35,664 [INFO] gaitguard.main: FPS=18.8 | tracks=1 | alerts=0
2025-11-16 21:14:37,463 [INFO] gaitguard.main: FPS=18.8 | tracks=1 | alerts=0
2025-11-16 21:14:39,573 [INFO] gaitguard.main: FPS=18.8 | tracks=2 | alerts=0
2025-11-16 21:14:41,572 [INFO] gaitguard.main: FPS=18.8 | tracks=1 | alerts=0
2025-11-16 21:14:43,371 [INFO] gaitguard.main: FPS=18.8 | tracks=1 | alerts=0
2025-11-16 21:14:45,158 [INFO] gaitguard.main: FPS=18.8 | tracks=1 | alerts=0
2025-11-16 21:14:46,584 [INFO] gaitguard.main: FPS=18.8 | tracks=1 | alerts=0
2025-11-16 21:14:47,968 [INFO] gaitguard.main: FPS=18.8 | tracks=1 | alerts=0
2025-11-16 21:14:49,216 [INFO] gaitguard.main: FPS=18.8 | tracks=1 | alerts=0
2025-11-16 21:14:50,400 [INFO] gaitguard.main: FPS=18.8 | tracks=1 | alerts=0
2025-11-16 21:14:51,644 [INFO] gaitguard.main: FPS=18.8 | tracks=1 | alerts=0
2025-11-16 21:14:53,130 [INFO] gaitguard.main: FPS=18.8 | tracks=1 | alerts=0
2025-11-16 21:14:54,316 [INFO] gaitguard.main: FPS=18.8 | tracks=1 | alerts=0
2025-11-16 21:14:55,311 [INFO] gaitguard.main: FPS=18.8 | tracks=0 | alerts=0
2025-11-16 21:14:56,596 [INFO] gaitguard.main: FPS=18.8 | tracks=1 | alerts=0
2025-11-16 21:14:58,480 [INFO] gaitguard.main: FPS=18.8 | tracks=3 | alerts=0
2025-11-16 21:15:00,720 [INFO] gaitguard.main: FPS=18.8 | tracks=3 | alerts=0
2025-11-16 21:15:02,492 [INFO] gaitguard.main: FPS=18.8 | tracks=1 | alerts=0
2025-11-16 21:15:04,296 [INFO] gaitguard.main: FPS=18.8 | tracks=1 | alerts=0
2025-11-16 21:15:06,119 [INFO] gaitguard.main: FPS=18.8 | tracks=1 | alerts=0
2025-11-16 21:15:07,976 [INFO] gaitguard.main: FPS=18.8 | tracks=1 | alerts=0
2025-11-16 21:15:09,838 [INFO] gaitguard.main: FPS=18.8 | tracks=1 | alerts=0
2025-11-16 21:15:11,698 [INFO] gaitguard.main: FPS=18.8 | tracks=1 | alerts=0
2025-11-16 21:15:13,506 [INFO] gaitguard.main: FPS=18.8 | tracks=1 | alerts=0
2025-11-16 21:15:15,298 [INFO] gaitguard.main: FPS=18.8 | tracks=1 | alerts=0
2025-11-16 21:15:17,197 [INFO] gaitguard.main: FPS=18.8 | tracks=1 | alerts=0
2025-11-16 21:15:18,994 [INFO] gaitguard.main: FPS=18.7 | tracks=1 | alerts=0
2025-11-16 21:15:20,907 [INFO] gaitguard.main: FPS=18.7 | tracks=1 | alerts=0
2025-11-16 21:15:22,728 [INFO] gaitguard.main: FPS=18.7 | tracks=1 | alerts=0
2025-11-16 21:15:24,525 [INFO] gaitguard.main: FPS=18.7 | tracks=1 | alerts=0
2025-11-16 21:15:26,367 [INFO] gaitguard.main: FPS=18.7 | tracks=1 | alerts=0
2025-11-16 21:15:28,255 [INFO] gaitguard.main: FPS=18.7 | tracks=1 | alerts=0
2025-11-16 21:15:30,286 [INFO] gaitguard.main: FPS=18.7 | tracks=1 | alerts=0
2025-11-16 21:15:32,077 [INFO] gaitguard.main: FPS=18.7 | tracks=1 | alerts=0
2025-11-16 21:15:33,948 [INFO] gaitguard.main: FPS=18.7 | tracks=2 | alerts=0
2025-11-16 21:15:35,857 [INFO] gaitguard.main: FPS=18.7 | tracks=1 | alerts=0
2025-11-16 21:15:37,822 [INFO] gaitguard.main: FPS=18.7 | tracks=3 | alerts=0
2025-11-16 21:15:40,051 [INFO] gaitguard.main: FPS=18.7 | tracks=4 | alerts=0
2025-11-16 21:15:42,325 [INFO] gaitguard.main: FPS=18.7 | tracks=2 | alerts=0
2025-11-16 21:15:44,149 [INFO] gaitguard.main: FPS=18.7 | tracks=3 | alerts=0
2025-11-16 21:15:45,926 [INFO] gaitguard.main: FPS=18.7 | tracks=2 | alerts=0
2025-11-16 21:15:48,218 [INFO] gaitguard.main: FPS=18.6 | tracks=5 | alerts=0
2025-11-16 21:15:50,224 [INFO] gaitguard.main: FPS=18.6 | tracks=1 | alerts=0
2025-11-16 21:15:51,547 [INFO] gaitguard.main: FPS=18.6 | tracks=1 | alerts=0
2025-11-16 21:15:53,121 [INFO] gaitguard.main: FPS=18.6 | tracks=2 | alerts=0
2025-11-16 21:15:54,983 [INFO] gaitguard.main: FPS=18.6 | tracks=3 | alerts=0
2025-11-16 21:15:56,956 [INFO] gaitguard.main: FPS=18.6 | tracks=2 | alerts=0
2025-11-16 21:15:58,707 [INFO] gaitguard.main: FPS=18.6 | tracks=1 | alerts=0
2025-11-16 21:16:00,022 [INFO] gaitguard.main: FPS=18.6 | tracks=1 | alerts=0
2025-11-16 21:16:01,197 [INFO] gaitguard.main: FPS=18.6 | tracks=2 | alerts=0
2025-11-16 21:16:02,431 [INFO] gaitguard.main: FPS=18.7 | tracks=1 | alerts=0
2025-11-16 21:16:03,467 [INFO] gaitguard.main: FPS=18.7 | tracks=0 | alerts=0
2025-11-16 21:16:04,548 [INFO] gaitguard.main: FPS=18.7 | tracks=0 | alerts=0
2025-11-16 21:16:05,539 [INFO] gaitguard.main: FPS=18.7 | tracks=0 | alerts=0
2025-11-16 21:16:06,520 [INFO] gaitguard.main: FPS=18.7 | tracks=0 | alerts=0
2025-11-16 21:16:07,570 [INFO] gaitguard.main: FPS=18.7 | tracks=0 | alerts=0
2025-11-16 21:16:08,540 [INFO] gaitguard.main: FPS=18.7 | tracks=0 | alerts=0
2025-11-16 21:16:09,551 [INFO] gaitguard.main: FPS=18.7 | tracks=0 | alerts=0
2025-11-16 21:16:10,519 [INFO] gaitguard.main: FPS=18.7 | tracks=0 | alerts=0
2025-11-16 21:16:11,501 [INFO] gaitguard.main: FPS=18.8 | tracks=0 | alerts=0
2025-11-16 21:16:12,493 [INFO] gaitguard.main: FPS=18.8 | tracks=0 | alerts=0
2025-11-16 21:16:13,476 [INFO] gaitguard.main: FPS=18.8 | tracks=0 | alerts=0
2025-11-16 21:16:14,469 [INFO] gaitguard.main: FPS=18.8 | tracks=0 | alerts=0
2025-11-16 21:16:15,460 [INFO] gaitguard.main: FPS=18.8 | tracks=0 | alerts=0
2025-11-16 21:16:16,439 [INFO] gaitguard.main: FPS=18.8 | tracks=0 | alerts=0
2025-11-16 21:16:17,437 [INFO] gaitguard.main: FPS=18.8 | tracks=0 | alerts=0
2025-11-16 21:16:18,430 [INFO] gaitguard.main: FPS=18.8 | tracks=0 | alerts=0
2025-11-16 21:16:19,418 [INFO] gaitguard.main: FPS=18.8 | tracks=0 | alerts=0
2025-11-16 21:16:20,397 [INFO] gaitguard.main: FPS=18.9 | tracks=0 | alerts=0
2025-11-16 21:16:21,381 [INFO] gaitguard.main: FPS=18.9 | tracks=0 | alerts=0
2025-11-16 21:16:22,384 [INFO] gaitguard.main: FPS=18.9 | tracks=0 | alerts=0
2025-11-16 21:16:23,359 [INFO] gaitguard.main: FPS=18.9 | tracks=0 | alerts=0
2025-11-16 21:16:24,354 [INFO] gaitguard.main: FPS=18.9 | tracks=0 | alerts=0
2025-11-16 21:16:25,347 [INFO] gaitguard.main: FPS=18.9 | tracks=0 | alerts=0
2025-11-16 21:16:26,338 [INFO] gaitguard.main: FPS=18.9 | tracks=0 | alerts=0
2025-11-16 21:16:27,301 [INFO] gaitguard.main: FPS=18.9 | tracks=0 | alerts=0
2025-11-16 21:16:28,317 [INFO] gaitguard.main: FPS=18.9 | tracks=0 | alerts=0
2025-11-16 21:16:29,317 [INFO] gaitguard.main: FPS=19.0 | tracks=0 | alerts=0
2025-11-16 21:16:30,344 [INFO] gaitguard.main: FPS=19.0 | tracks=0 | alerts=0
2025-11-16 21:16:31,349 [INFO] gaitguard.main: FPS=19.0 | tracks=0 | alerts=0
2025-11-16 21:16:32,369 [INFO] gaitguard.main: FPS=19.0 | tracks=0 | alerts=0
2025-11-16 21:16:33,422 [INFO] gaitguard.main: FPS=19.0 | tracks=0 | alerts=0
2025-11-16 21:16:34,407 [INFO] gaitguard.main: FPS=19.0 | tracks=0 | alerts=0
2025-11-16 21:16:35,397 [INFO] gaitguard.main: FPS=19.0 | tracks=0 | alerts=0
2025-11-16 21:16:36,361 [INFO] gaitguard.main: FPS=19.0 | tracks=0 | alerts=0
2025-11-16 21:16:37,352 [INFO] gaitguard.main: FPS=19.0 | tracks=0 | alerts=0
2025-11-16 21:16:38,340 [INFO] gaitguard.main: FPS=19.1 | tracks=0 | alerts=0
2025-11-16 21:16:39,314 [INFO] gaitguard.main: FPS=19.1 | tracks=0 | alerts=0
2025-11-16 21:16:40,322 [INFO] gaitguard.main: FPS=19.1 | tracks=0 | alerts=0
2025-11-16 21:16:41,306 [INFO] gaitguard.main: FPS=19.1 | tracks=0 | alerts=0
2025-11-16 21:16:42,303 [INFO] gaitguard.main: FPS=19.1 | tracks=0 | alerts=0
2025-11-16 21:16:43,274 [INFO] gaitguard.main: FPS=19.1 | tracks=0 | alerts=0
2025-11-16 21:16:44,279 [INFO] gaitguard.main: FPS=19.1 | tracks=0 | alerts=0
2025-11-16 21:16:45,275 [INFO] gaitguard.main: FPS=19.1 | tracks=0 | alerts=0
2025-11-16 21:16:46,244 [INFO] gaitguard.main: FPS=19.1 | tracks=0 | alerts=0
2025-11-16 21:16:47,225 [INFO] gaitguard.main: FPS=19.2 | tracks=0 | alerts=0
2025-11-16 21:16:48,243 [INFO] gaitguard.main: FPS=19.2 | tracks=0 | alerts=0
2025-11-16 21:16:49,250 [INFO] gaitguard.main: FPS=19.2 | tracks=0 | alerts=0
2025-11-16 21:16:50,247 [INFO] gaitguard.main: FPS=19.2 | tracks=0 | alerts=0
2025-11-16 21:16:51,237 [INFO] gaitguard.main: FPS=19.2 | tracks=0 | alerts=0
2025-11-16 21:16:52,238 [INFO] gaitguard.main: FPS=19.2 | tracks=0 | alerts=0
2025-11-16 21:16:53,242 [INFO] gaitguard.main: FPS=19.2 | tracks=0 | alerts=0
2025-11-16 21:16:54,212 [INFO] gaitguard.main: FPS=19.2 | tracks=0 | alerts=0
2025-11-16 21:16:55,188 [INFO] gaitguard.main: FPS=19.2 | tracks=0 | alerts=0
2025-11-16 21:16:56,179 [INFO] gaitguard.main: FPS=19.3 | tracks=0 | alerts=0
2025-11-16 21:16:57,238 [INFO] gaitguard.main: FPS=19.3 | tracks=0 | alerts=0
2025-11-16 21:16:58,278 [INFO] gaitguard.main: FPS=19.3 | tracks=0 | alerts=0
2025-11-16 21:16:59,283 [INFO] gaitguard.main: FPS=19.3 | tracks=0 | alerts=0
2025-11-16 21:17:00,293 [INFO] gaitguard.main: FPS=19.3 | tracks=0 | alerts=0
2025-11-16 21:17:01,311 [INFO] gaitguard.main: FPS=19.3 | tracks=0 | alerts=0
2025-11-16 21:17:02,334 [INFO] gaitguard.main: FPS=19.3 | tracks=0 | alerts=0
2025-11-16 21:17:03,320 [INFO] gaitguard.main: FPS=19.3 | tracks=0 | alerts=0
2025-11-16 21:17:04,276 [INFO] gaitguard.main: FPS=19.3 | tracks=0 | alerts=0
2025-11-16 21:17:05,267 [INFO] gaitguard.main: FPS=19.3 | tracks=0 | alerts=0
2025-11-16 21:17:06,259 [INFO] gaitguard.main: FPS=19.4 | tracks=0 | alerts=0
2025-11-16 21:17:07,253 [INFO] gaitguard.main: FPS=19.4 | tracks=0 | alerts=0
2025-11-16 21:17:08,228 [INFO] gaitguard.main: FPS=19.4 | tracks=0 | alerts=0
2025-11-16 21:17:09,218 [INFO] gaitguard.main: FPS=19.4 | tracks=0 | alerts=0
2025-11-16 21:17:10,215 [INFO] gaitguard.main: FPS=19.4 | tracks=0 | alerts=0
2025-11-16 21:17:11,255 [INFO] gaitguard.main: FPS=19.4 | tracks=0 | alerts=0
2025-11-16 21:17:12,217 [INFO] gaitguard.main: FPS=19.4 | tracks=0 | alerts=0
2025-11-16 21:17:13,204 [INFO] gaitguard.main: FPS=19.4 | tracks=0 | alerts=0
2025-11-16 21:17:14,207 [INFO] gaitguard.main: FPS=19.4 | tracks=0 | alerts=0
2025-11-16 21:17:15,243 [INFO] gaitguard.main: FPS=19.4 | tracks=1 | alerts=0
2025-11-16 21:17:16,628 [INFO] gaitguard.main: FPS=19.4 | tracks=1 | alerts=0
2025-11-16 21:17:17,872 [INFO] gaitguard.main: FPS=19.5 | tracks=1 | alerts=0
2025-11-16 21:17:19,274 [INFO] gaitguard.main: FPS=19.5 | tracks=1 | alerts=0
2025-11-16 21:17:20,671 [INFO] gaitguard.main: FPS=19.5 | tracks=1 | alerts=0
2025-11-16 21:17:22,106 [INFO] gaitguard.main: FPS=19.5 | tracks=1 | alerts=0
2025-11-16 21:17:23,601 [INFO] gaitguard.main: FPS=19.5 | tracks=1 | alerts=0
2025-11-16 21:17:25,080 [INFO] gaitguard.main: FPS=19.5 | tracks=1 | alerts=0
2025-11-16 21:17:26,802 [INFO] gaitguard.main: FPS=19.5 | tracks=1 | alerts=0
2025-11-16 21:17:28,740 [INFO] gaitguard.main: FPS=19.5 | tracks=1 | alerts=0
2025-11-16 21:17:30,587 [INFO] gaitguard.main: FPS=19.4 | tracks=1 | alerts=0
2025-11-16 21:17:32,396 [INFO] gaitguard.main: FPS=19.4 | tracks=1 | alerts=0
2025-11-16 21:17:34,199 [INFO] gaitguard.main: FPS=19.4 | tracks=1 | alerts=0
2025-11-16 21:17:36,009 [INFO] gaitguard.main: FPS=19.4 | tracks=1 | alerts=0
2025-11-16 21:17:37,807 [INFO] gaitguard.main: FPS=19.4 | tracks=1 | alerts=0
2025-11-16 21:17:39,614 [INFO] gaitguard.main: FPS=19.4 | tracks=1 | alerts=0
2025-11-16 21:17:41,421 [INFO] gaitguard.main: FPS=19.4 | tracks=1 | alerts=0
2025-11-16 21:17:43,223 [INFO] gaitguard.main: FPS=19.4 | tracks=1 | alerts=0
2025-11-16 21:17:45,038 [INFO] gaitguard.main: FPS=19.4 | tracks=1 | alerts=0
2025-11-16 21:17:46,839 [INFO] gaitguard.main: FPS=19.4 | tracks=1 | alerts=0
2025-11-16 21:17:48,640 [INFO] gaitguard.main: FPS=19.4 | tracks=1 | alerts=0
2025-11-16 21:17:50,443 [INFO] gaitguard.main: FPS=19.4 | tracks=1 | alerts=0
2025-11-16 21:17:52,254 [INFO] gaitguard.main: FPS=19.4 | tracks=1 | alerts=0
2025-11-16 21:17:54,043 [INFO] gaitguard.main: FPS=19.4 | tracks=1 | alerts=0
2025-11-16 21:17:55,856 [INFO] gaitguard.main: FPS=19.4 | tracks=1 | alerts=0
2025-11-16 21:17:57,657 [INFO] gaitguard.main: FPS=19.4 | tracks=1 | alerts=0
2025-11-16 21:17:59,489 [INFO] gaitguard.main: FPS=19.4 | tracks=1 | alerts=0
2025-11-16 21:18:01,277 [INFO] gaitguard.main: FPS=19.4 | tracks=1 | alerts=0
2025-11-16 21:18:03,080 [INFO] gaitguard.main: FPS=19.4 | tracks=1 | alerts=0
2025-11-16 21:18:04,876 [INFO] gaitguard.main: FPS=19.4 | tracks=1 | alerts=0
2025-11-16 21:18:06,692 [INFO] gaitguard.main: FPS=19.4 | tracks=1 | alerts=0
2025-11-16 21:18:08,499 [INFO] gaitguard.main: FPS=19.3 | tracks=1 | alerts=0
2025-11-16 21:18:10,282 [INFO] gaitguard.main: FPS=19.3 | tracks=1 | alerts=0
2025-11-16 21:18:12,092 [INFO] gaitguard.main: FPS=19.3 | tracks=1 | alerts=0
2025-11-16 21:18:13,915 [INFO] gaitguard.main: FPS=19.3 | tracks=1 | alerts=0
2025-11-16 21:18:15,707 [INFO] gaitguard.main: FPS=19.3 | tracks=1 | alerts=0
2025-11-16 21:18:17,518 [INFO] gaitguard.main: FPS=19.3 | tracks=1 | alerts=0
2025-11-16 21:18:19,314 [INFO] gaitguard.main: FPS=19.3 | tracks=1 | alerts=0
2025-11-16 21:18:21,118 [INFO] gaitguard.main: FPS=19.3 | tracks=1 | alerts=0
2025-11-16 21:18:22,939 [INFO] gaitguard.main: FPS=19.3 | tracks=1 | alerts=0
2025-11-16 21:18:24,747 [INFO] gaitguard.main: FPS=19.3 | tracks=1 | alerts=0
2025-11-16 21:18:26,605 [INFO] gaitguard.main: FPS=19.3 | tracks=1 | alerts=0
2025-11-16 21:18:28,458 [INFO] gaitguard.main: FPS=19.3 | tracks=1 | alerts=0
2025-11-16 21:18:30,285 [INFO] gaitguard.main: FPS=19.3 | tracks=1 | alerts=0
2025-11-16 21:18:32,070 [INFO] gaitguard.main: FPS=19.3 | tracks=1 | alerts=0
2025-11-16 21:18:33,872 [INFO] gaitguard.main: FPS=19.3 | tracks=1 | alerts=0
2025-11-16 21:18:35,750 [INFO] gaitguard.main: FPS=19.3 | tracks=1 | alerts=0
2025-11-16 21:18:37,530 [INFO] gaitguard.main: FPS=19.3 | tracks=1 | alerts=0
2025-11-16 21:18:39,339 [INFO] gaitguard.main: FPS=19.3 | tracks=1 | alerts=0
2025-11-16 21:18:41,155 [INFO] gaitguard.main: FPS=19.3 | tracks=1 | alerts=0
2025-11-16 21:18:42,960 [INFO] gaitguard.main: FPS=19.3 | tracks=1 | alerts=0
2025-11-16 21:18:44,764 [INFO] gaitguard.main: FPS=19.3 | tracks=1 | alerts=0
2025-11-16 21:18:46,555 [INFO] gaitguard.main: FPS=19.3 | tracks=1 | alerts=0
2025-11-16 21:18:48,383 [INFO] gaitguard.main: FPS=19.3 | tracks=1 | alerts=0
2025-11-16 21:18:50,173 [INFO] gaitguard.main: FPS=19.2 | tracks=1 | alerts=0
2025-11-16 21:18:51,991 [INFO] gaitguard.main: FPS=19.2 | tracks=1 | alerts=0
2025-11-16 21:18:53,771 [INFO] gaitguard.main: FPS=19.2 | tracks=1 | alerts=0
2025-11-16 21:18:55,583 [INFO] gaitguard.main: FPS=19.2 | tracks=1 | alerts=0
2025-11-16 21:18:57,393 [INFO] gaitguard.main: FPS=19.2 | tracks=1 | alerts=0
2025-11-16 21:18:59,203 [INFO] gaitguard.main: FPS=19.2 | tracks=1 | alerts=0
2025-11-16 21:19:01,004 [INFO] gaitguard.main: FPS=19.2 | tracks=1 | alerts=0
2025-11-16 21:19:02,795 [INFO] gaitguard.main: FPS=19.2 | tracks=1 | alerts=0
2025-11-16 21:19:04,611 [INFO] gaitguard.main: FPS=19.2 | tracks=1 | alerts=0
2025-11-16 21:19:06,432 [INFO] gaitguard.main: FPS=19.2 | tracks=1 | alerts=0
2025-11-16 21:19:08,220 [INFO] gaitguard.main: FPS=19.2 | tracks=1 | alerts=0
2025-11-16 21:19:10,076 [INFO] gaitguard.main: FPS=19.2 | tracks=1 | alerts=0
2025-11-16 21:19:11,885 [INFO] gaitguard.main: FPS=19.2 | tracks=1 | alerts=0
2025-11-16 21:19:13,697 [INFO] gaitguard.main: FPS=19.2 | tracks=1 | alerts=0
2025-11-16 21:19:15,500 [INFO] gaitguard.main: FPS=19.2 | tracks=1 | alerts=0
2025-11-16 21:19:17,296 [INFO] gaitguard.main: FPS=19.2 | tracks=1 | alerts=0
2025-11-16 21:19:19,117 [INFO] gaitguard.main: FPS=19.2 | tracks=1 | alerts=0
2025-11-16 21:19:20,927 [INFO] gaitguard.main: FPS=19.2 | tracks=1 | alerts=0
2025-11-16 21:19:22,721 [INFO] gaitguard.main: FPS=19.2 | tracks=1 | alerts=0
2025-11-16 21:19:24,513 [INFO] gaitguard.main: FPS=19.2 | tracks=1 | alerts=0
2025-11-16 21:19:26,318 [INFO] gaitguard.main: FPS=19.2 | tracks=1 | alerts=0
2025-11-16 21:19:28,123 [INFO] gaitguard.main: FPS=19.2 | tracks=1 | alerts=0
2025-11-16 21:19:29,932 [INFO] gaitguard.main: FPS=19.2 | tracks=1 | alerts=0
2025-11-16 21:19:31,766 [INFO] gaitguard.main: FPS=19.2 | tracks=1 | alerts=0
2025-11-16 21:19:33,533 [INFO] gaitguard.main: FPS=19.2 | tracks=1 | alerts=0
2025-11-16 21:19:35,366 [INFO] gaitguard.main: FPS=19.1 | tracks=1 | alerts=0
2025-11-16 21:19:37,157 [INFO] gaitguard.main: FPS=19.1 | tracks=1 | alerts=0
2025-11-16 21:19:38,982 [INFO] gaitguard.main: FPS=19.1 | tracks=1 | alerts=0
2025-11-16 21:19:40,763 [INFO] gaitguard.main: FPS=19.1 | tracks=1 | alerts=0
2025-11-16 21:19:42,565 [INFO] gaitguard.main: FPS=19.1 | tracks=1 | alerts=0
2025-11-16 21:19:44,365 [INFO] gaitguard.main: FPS=19.1 | tracks=1 | alerts=0
2025-11-16 21:19:46,200 [INFO] gaitguard.main: FPS=19.1 | tracks=1 | alerts=0
2025-11-16 21:19:47,982 [INFO] gaitguard.main: FPS=19.1 | tracks=1 | alerts=0
2025-11-16 21:19:49,780 [INFO] gaitguard.main: FPS=19.1 | tracks=1 | alerts=0
2025-11-16 21:19:51,580 [INFO] gaitguard.main: FPS=19.1 | tracks=1 | alerts=0
2025-11-16 21:19:53,401 [INFO] gaitguard.main: FPS=19.1 | tracks=1 | alerts=0
2025-11-16 21:19:55,260 [INFO] gaitguard.main: FPS=19.1 | tracks=1 | alerts=0
2025-11-16 21:19:57,067 [INFO] gaitguard.main: FPS=19.1 | tracks=1 | alerts=0
2025-11-16 21:19:58,863 [INFO] gaitguard.main: FPS=19.1 | tracks=1 | alerts=0
2025-11-16 21:20:00,696 [INFO] gaitguard.main: FPS=19.1 | tracks=1 | alerts=0
2025-11-16 21:20:02,486 [INFO] gaitguard.main: FPS=19.1 | tracks=1 | alerts=0
2025-11-16 21:20:04,269 [INFO] gaitguard.main: FPS=19.1 | tracks=1 | alerts=0
2025-11-16 21:20:06,078 [INFO] gaitguard.main: FPS=19.1 | tracks=1 | alerts=0
2025-11-16 21:20:07,909 [INFO] gaitguard.main: FPS=19.1 | tracks=1 | alerts=0
2025-11-16 21:20:09,699 [INFO] gaitguard.main: FPS=19.1 | tracks=1 | alerts=0
2025-11-16 21:20:11,500 [INFO] gaitguard.main: FPS=19.1 | tracks=1 | alerts=0
2025-11-16 21:20:13,298 [INFO] gaitguard.main: FPS=19.1 | tracks=1 | alerts=0
2025-11-16 21:20:15,101 [INFO] gaitguard.main: FPS=19.1 | tracks=1 | alerts=0
2025-11-16 21:20:16,908 [INFO] gaitguard.main: FPS=19.1 | tracks=1 | alerts=0
2025-11-16 21:20:18,738 [INFO] gaitguard.main: FPS=19.1 | tracks=1 | alerts=0
2025-11-16 21:20:20,510 [INFO] gaitguard.main: FPS=19.1 | tracks=1 | alerts=0
2025-11-16 21:20:22,323 [INFO] gaitguard.main: FPS=19.0 | tracks=1 | alerts=0
2025-11-16 21:20:24,127 [INFO] gaitguard.main: FPS=19.0 | tracks=1 | alerts=0
2025-11-16 21:20:25,934 [INFO] gaitguard.main: FPS=19.0 | tracks=1 | alerts=0
2025-11-16 21:20:27,744 [INFO] gaitguard.main: FPS=19.0 | tracks=1 | alerts=0
2025-11-16 21:20:29,539 [INFO] gaitguard.main: FPS=19.0 | tracks=1 | alerts=0
2025-11-16 21:20:31,342 [INFO] gaitguard.main: FPS=19.0 | tracks=1 | alerts=0
2025-11-16 21:20:33,154 [INFO] gaitguard.main: FPS=19.0 | tracks=1 | alerts=0
2025-11-16 21:20:34,957 [INFO] gaitguard.main: FPS=19.0 | tracks=1 | alerts=0
2025-11-16 21:20:36,754 [INFO] gaitguard.main: FPS=19.0 | tracks=1 | alerts=0
2025-11-16 21:20:38,558 [INFO] gaitguard.main: FPS=19.0 | tracks=1 | alerts=0
2025-11-16 21:20:40,366 [INFO] gaitguard.main: FPS=19.0 | tracks=1 | alerts=0
2025-11-16 21:20:42,177 [INFO] gaitguard.main: FPS=19.0 | tracks=1 | alerts=0
2025-11-16 21:20:43,983 [INFO] gaitguard.main: FPS=19.0 | tracks=1 | alerts=0
2025-11-16 21:20:45,775 [INFO] gaitguard.main: FPS=19.0 | tracks=1 | alerts=0
2025-11-16 21:20:47,595 [INFO] gaitguard.main: FPS=19.0 | tracks=1 | alerts=0
2025-11-16 21:20:49,393 [INFO] gaitguard.main: FPS=19.0 | tracks=1 | alerts=0
2025-11-16 21:20:51,253 [INFO] gaitguard.main: FPS=19.0 | tracks=1 | alerts=0
2025-11-16 21:20:53,118 [INFO] gaitguard.main: FPS=19.0 | tracks=1 | alerts=0
2025-11-16 21:20:55,115 [INFO] gaitguard.main: FPS=19.0 | tracks=1 | alerts=0
2025-11-16 21:20:56,987 [INFO] gaitguard.main: FPS=19.0 | tracks=1 | alerts=0
2025-11-16 21:20:58,765 [INFO] gaitguard.main: FPS=19.0 | tracks=1 | alerts=0
2025-11-16 21:21:00,670 [INFO] gaitguard.main: FPS=19.0 | tracks=1 | alerts=0
2025-11-16 21:21:02,562 [INFO] gaitguard.main: FPS=19.0 | tracks=1 | alerts=0
2025-11-16 21:21:04,545 [INFO] gaitguard.main: FPS=19.0 | tracks=2 | alerts=0
2025-11-16 21:21:06,414 [INFO] gaitguard.main: FPS=19.0 | tracks=1 | alerts=0
2025-11-16 21:21:08,227 [INFO] gaitguard.main: FPS=19.0 | tracks=1 | alerts=0
2025-11-16 21:21:10,079 [INFO] gaitguard.main: FPS=18.9 | tracks=1 | alerts=0
2025-11-16 21:21:11,950 [INFO] gaitguard.main: FPS=18.9 | tracks=1 | alerts=0
2025-11-16 21:21:13,704 [INFO] gaitguard.main: FPS=18.9 | tracks=1 | alerts=0
2025-11-16 21:21:15,202 [INFO] gaitguard.main: FPS=18.9 | tracks=1 | alerts=0
2025-11-16 21:21:16,688 [INFO] gaitguard.main: FPS=18.9 | tracks=1 | alerts=0
2025-11-16 21:21:18,199 [INFO] gaitguard.main: FPS=18.9 | tracks=1 | alerts=0
2025-11-16 21:21:20,134 [INFO] gaitguard.main: FPS=18.9 | tracks=4 | alerts=0
2025-11-16 21:21:22,793 [INFO] gaitguard.main: FPS=18.9 | tracks=3 | alerts=0
2025-11-16 21:21:24,802 [INFO] gaitguard.main: FPS=18.9 | tracks=3 | alerts=0
2025-11-16 21:21:26,834 [INFO] gaitguard.main: FPS=18.9 | tracks=2 | alerts=0
2025-11-16 21:21:28,701 [INFO] gaitguard.main: FPS=18.9 | tracks=1 | alerts=0
2025-11-16 21:21:30,538 [INFO] gaitguard.main: FPS=18.9 | tracks=1 | alerts=0
2025-11-16 21:21:32,359 [INFO] gaitguard.main: FPS=18.9 | tracks=1 | alerts=0
2025-11-16 21:21:34,211 [INFO] gaitguard.main: FPS=18.9 | tracks=1 | alerts=0
2025-11-16 21:21:36,147 [INFO] gaitguard.main: FPS=18.9 | tracks=2 | alerts=0
2025-11-16 21:21:38,181 [INFO] gaitguard.main: FPS=18.9 | tracks=1 | alerts=0
2025-11-16 21:21:40,108 [INFO] gaitguard.main: FPS=18.9 | tracks=2 | alerts=0
2025-11-16 21:21:42,116 [INFO] gaitguard.main: FPS=18.9 | tracks=1 | alerts=0
2025-11-16 21:21:44,022 [INFO] gaitguard.main: FPS=18.9 | tracks=1 | alerts=0
2025-11-16 21:21:45,849 [INFO] gaitguard.main: FPS=18.9 | tracks=1 | alerts=0
2025-11-16 21:21:47,984 [INFO] gaitguard.main: FPS=18.9 | tracks=2 | alerts=0
2025-11-16 21:21:49,691 [INFO] gaitguard.main: FPS=18.9 | tracks=1 | alerts=0
2025-11-16 21:21:51,148 [INFO] gaitguard.main: FPS=18.9 | tracks=1 | alerts=0
2025-11-16 21:21:52,631 [INFO] gaitguard.main: FPS=18.9 | tracks=1 | alerts=0
2025-11-16 21:21:54,071 [INFO] gaitguard.main: FPS=18.9 | tracks=1 | alerts=0
2025-11-16 21:21:55,574 [INFO] gaitguard.main: FPS=18.9 | tracks=1 | alerts=0
2025-11-16 21:21:57,583 [INFO] gaitguard.main: FPS=18.9 | tracks=3 | alerts=0
2025-11-16 21:21:59,676 [INFO] gaitguard.main: FPS=18.9 | tracks=2 | alerts=0
2025-11-16 21:22:01,786 [INFO] gaitguard.main: FPS=18.8 | tracks=3 | alerts=0
2025-11-16 21:22:03,874 [INFO] gaitguard.main: FPS=18.8 | tracks=3 | alerts=0
2025-11-16 21:22:05,833 [INFO] gaitguard.main: FPS=18.8 | tracks=2 | alerts=0
2025-11-16 21:22:07,479 [INFO] gaitguard.main: FPS=18.8 | tracks=1 | alerts=0
2025-11-16 21:22:08,980 [INFO] gaitguard.main: FPS=18.8 | tracks=3 | alerts=0
2025-11-16 21:22:10,643 [INFO] gaitguard.main: FPS=18.8 | tracks=1 | alerts=0
2025-11-16 21:22:12,080 [INFO] gaitguard.main: FPS=18.8 | tracks=1 | alerts=0
2025-11-16 21:22:14,035 [INFO] gaitguard.main: FPS=18.8 | tracks=4 | alerts=0
2025-11-16 21:22:16,273 [INFO] gaitguard.main: FPS=18.8 | tracks=1 | alerts=0
2025-11-16 21:22:17,833 [INFO] gaitguard.main: FPS=18.8 | tracks=1 | alerts=0
2025-11-16 21:22:19,420 [INFO] gaitguard.main: FPS=18.8 | tracks=3 | alerts=0
2025-11-16 21:22:21,510 [INFO] gaitguard.main: FPS=18.8 | tracks=4 | alerts=0
2025-11-16 21:22:23,154 [INFO] gaitguard.main: FPS=18.8 | tracks=1 | alerts=0
2025-11-16 21:22:24,349 [INFO] gaitguard.main: FPS=18.8 | tracks=1 | alerts=0
2025-11-16 21:22:25,464 [INFO] gaitguard.main: FPS=18.8 | tracks=1 | alerts=0
2025-11-16 21:22:26,676 [INFO] gaitguard.main: FPS=18.8 | tracks=1 | alerts=0
2025-11-16 21:22:27,869 [INFO] gaitguard.main: FPS=18.8 | tracks=1 | alerts=0
2025-11-16 21:22:29,047 [INFO] gaitguard.main: FPS=18.8 | tracks=1 | alerts=0
2025-11-16 21:22:30,321 [INFO] gaitguard.main: FPS=18.8 | tracks=1 | alerts=0
2025-11-16 21:22:31,793 [INFO] gaitguard.main: FPS=18.8 | tracks=2 | alerts=0
2025-11-16 21:22:33,216 [INFO] gaitguard.main: FPS=18.8 | tracks=1 | alerts=0
2025-11-16 21:22:34,435 [INFO] gaitguard.main: FPS=18.9 | tracks=1 | alerts=0
2025-11-16 21:22:35,685 [INFO] gaitguard.main: FPS=18.9 | tracks=2 | alerts=0
2025-11-16 21:22:37,043 [INFO] gaitguard.main: FPS=18.9 | tracks=3 | alerts=0
2025-11-16 21:22:38,537 [INFO] gaitguard.main: FPS=18.9 | tracks=2 | alerts=0
2025-11-16 21:22:39,932 [INFO] gaitguard.main: FPS=18.9 | tracks=2 | alerts=0
2025-11-16 21:22:41,356 [INFO] gaitguard.main: FPS=18.9 | tracks=2 | alerts=0
2025-11-16 21:22:42,673 [INFO] gaitguard.main: FPS=18.9 | tracks=1 | alerts=0
2025-11-16 21:22:43,860 [INFO] gaitguard.main: FPS=18.9 | tracks=1 | alerts=0
2025-11-16 21:22:45,064 [INFO] gaitguard.main: FPS=18.9 | tracks=1 | alerts=0
2025-11-16 21:22:46,210 [INFO] gaitguard.main: FPS=18.9 | tracks=1 | alerts=0
2025-11-16 21:22:47,356 [INFO] gaitguard.main: FPS=18.9 | tracks=1 | alerts=0
2025-11-16 21:22:48,543 [INFO] gaitguard.main: FPS=18.9 | tracks=1 | alerts=0
2025-11-16 21:22:49,740 [INFO] gaitguard.main: FPS=18.9 | tracks=1 | alerts=0
2025-11-16 21:22:51,066 [INFO] gaitguard.main: FPS=18.9 | tracks=2 | alerts=0
2025-11-16 21:22:52,611 [INFO] gaitguard.main: FPS=18.9 | tracks=2 | alerts=0
2025-11-16 21:22:54,033 [INFO] gaitguard.main: FPS=18.9 | tracks=1 | alerts=0
2025-11-16 21:22:55,546 [INFO] gaitguard.main: FPS=18.9 | tracks=1 | alerts=0
2025-11-16 21:22:57,051 [INFO] gaitguard.main: FPS=18.9 | tracks=1 | alerts=0
2025-11-16 21:22:58,663 [INFO] gaitguard.main: FPS=18.9 | tracks=1 | alerts=0
2025-11-16 21:23:00,675 [INFO] gaitguard.main: FPS=18.9 | tracks=1 | alerts=0
2025-11-16 21:23:02,714 [INFO] gaitguard.main: FPS=18.9 | tracks=1 | alerts=0
2025-11-16 21:23:04,521 [INFO] gaitguard.main: FPS=18.9 | tracks=1 | alerts=0
2025-11-16 21:23:06,319 [INFO] gaitguard.main: FPS=18.9 | tracks=1 | alerts=0
2025-11-16 21:23:08,123 [INFO] gaitguard.main: FPS=18.9 | tracks=1 | alerts=0
2025-11-16 21:23:09,886 [INFO] gaitguard.main: FPS=18.9 | tracks=1 | alerts=0
2025-11-16 21:23:11,520 [INFO] gaitguard.main: FPS=18.9 | tracks=1 | alerts=0
2025-11-16 21:23:13,098 [INFO] gaitguard.main: FPS=18.9 | tracks=1 | alerts=0
2025-11-16 21:23:14,720 [INFO] gaitguard.main: FPS=18.9 | tracks=1 | alerts=0
2025-11-16 21:23:16,328 [INFO] gaitguard.main: FPS=18.9 | tracks=1 | alerts=0
2025-11-16 21:23:17,934 [INFO] gaitguard.main: FPS=18.9 | tracks=1 | alerts=0
2025-11-16 21:23:19,548 [INFO] gaitguard.main: FPS=18.9 | tracks=1 | alerts=0
2025-11-16 21:23:21,076 [INFO] gaitguard.main: FPS=18.9 | tracks=1 | alerts=0
2025-11-16 21:23:22,630 [INFO] gaitguard.main: FPS=18.9 | tracks=1 | alerts=0
2025-11-16 21:23:24,178 [INFO] gaitguard.main: FPS=18.9 | tracks=1 | alerts=0
2025-11-16 21:23:25,723 [INFO] gaitguard.main: FPS=18.9 | tracks=1 | alerts=0
2025-11-16 21:23:27,334 [INFO] gaitguard.main: FPS=18.9 | tracks=1 | alerts=0
2025-11-16 21:23:28,892 [INFO] gaitguard.main: FPS=18.9 | tracks=1 | alerts=0
2025-11-16 21:23:30,499 [INFO] gaitguard.main: FPS=18.9 | tracks=1 | alerts=0
2025-11-16 21:23:32,241 [INFO] gaitguard.main: FPS=18.9 | tracks=1 | alerts=0
2025-11-16 21:23:33,643 [INFO] gaitguard.main: FPS=18.9 | tracks=1 | alerts=0
2025-11-16 21:23:35,064 [INFO] gaitguard.main: FPS=18.9 | tracks=1 | alerts=0
2025-11-16 21:23:36,480 [INFO] gaitguard.main: FPS=18.9 | tracks=1 | alerts=0
2025-11-16 21:23:37,925 [INFO] gaitguard.main: FPS=18.9 | tracks=1 | alerts=0
2025-11-16 21:23:39,335 [INFO] gaitguard.main: FPS=18.9 | tracks=1 | alerts=0
2025-11-16 21:23:40,877 [INFO] gaitguard.main: FPS=18.9 | tracks=2 | alerts=0
2025-11-16 21:23:42,309 [INFO] gaitguard.main: FPS=18.9 | tracks=2 | alerts=0
2025-11-16 21:23:43,345 [INFO] gaitguard.main: FPS=18.9 | tracks=0 | alerts=0
2025-11-16 21:23:44,322 [INFO] gaitguard.main: FPS=18.9 | tracks=0 | alerts=0
2025-11-16 21:23:45,316 [INFO] gaitguard.main: FPS=18.9 | tracks=0 | alerts=0
2025-11-16 21:23:46,419 [INFO] gaitguard.main: FPS=18.9 | tracks=1 | alerts=0
2025-11-16 21:23:47,877 [INFO] gaitguard.main: FPS=18.9 | tracks=1 | alerts=0
2025-11-16 21:23:49,198 [INFO] gaitguard.main: FPS=18.9 | tracks=1 | alerts=0
2025-11-16 21:23:50,405 [INFO] gaitguard.main: FPS=18.9 | tracks=1 | alerts=0
2025-11-16 21:23:51,654 [INFO] gaitguard.main: FPS=18.9 | tracks=1 | alerts=0
2025-11-16 21:23:52,977 [INFO] gaitguard.main: FPS=19.0 | tracks=1 | alerts=0
2025-11-16 21:23:54,284 [INFO] gaitguard.main: FPS=19.0 | tracks=1 | alerts=0
2025-11-16 21:23:55,630 [INFO] gaitguard.main: FPS=19.0 | tracks=1 | alerts=0
2025-11-16 21:23:57,137 [INFO] gaitguard.main: FPS=19.0 | tracks=1 | alerts=0
2025-11-16 21:23:58,737 [INFO] gaitguard.main: FPS=19.0 | tracks=1 | alerts=0
2025-11-16 21:24:00,360 [INFO] gaitguard.main: FPS=19.0 | tracks=1 | alerts=0
2025-11-16 21:24:02,173 [INFO] gaitguard.main: FPS=19.0 | tracks=1 | alerts=0
2025-11-16 21:24:04,023 [INFO] gaitguard.main: FPS=19.0 | tracks=1 | alerts=0
2025-11-16 21:24:06,213 [INFO] gaitguard.main: FPS=18.9 | tracks=1 | alerts=0
2025-11-16 21:24:08,012 [INFO] gaitguard.main: FPS=18.9 | tracks=1 | alerts=0
2025-11-16 21:24:09,859 [INFO] gaitguard.main: FPS=18.9 | tracks=1 | alerts=0
2025-11-16 21:24:11,669 [INFO] gaitguard.main: FPS=18.9 | tracks=1 | alerts=0
2025-11-16 21:24:13,470 [INFO] gaitguard.main: FPS=18.9 | tracks=1 | alerts=0
2025-11-16 21:24:15,335 [INFO] gaitguard.main: FPS=18.9 | tracks=1 | alerts=0
2025-11-16 21:24:17,149 [INFO] gaitguard.main: FPS=18.9 | tracks=1 | alerts=0
2025-11-16 21:24:18,932 [INFO] gaitguard.main: FPS=18.9 | tracks=1 | alerts=0
2025-11-16 21:24:20,955 [INFO] gaitguard.main: FPS=18.9 | tracks=1 | alerts=0
2025-11-16 21:24:22,725 [INFO] gaitguard.main: FPS=18.9 | tracks=1 | alerts=0
2025-11-16 21:24:24,534 [INFO] gaitguard.main: FPS=18.9 | tracks=1 | alerts=0
2025-11-16 21:24:26,403 [INFO] gaitguard.main: FPS=18.9 | tracks=1 | alerts=0
2025-11-16 21:24:28,219 [INFO] gaitguard.main: FPS=18.9 | tracks=1 | alerts=0
2025-11-16 21:24:30,004 [INFO] gaitguard.main: FPS=18.9 | tracks=1 | alerts=0
2025-11-16 21:24:31,811 [INFO] gaitguard.main: FPS=18.9 | tracks=1 | alerts=0
2025-11-16 21:24:33,620 [INFO] gaitguard.main: FPS=18.9 | tracks=1 | alerts=0
2025-11-16 21:24:35,428 [INFO] gaitguard.main: FPS=18.9 | tracks=1 | alerts=0
2025-11-16 21:24:37,222 [INFO] gaitguard.main: FPS=18.9 | tracks=1 | alerts=0
2025-11-16 21:24:39,034 [INFO] gaitguard.main: FPS=18.9 | tracks=1 | alerts=0
2025-11-16 21:24:40,681 [INFO] gaitguard.main: FPS=18.9 | tracks=1 | alerts=0
2025-11-16 21:24:42,492 [INFO] gaitguard.main: FPS=18.9 | tracks=1 | alerts=0
2025-11-16 21:24:44,416 [INFO] gaitguard.main: FPS=18.9 | tracks=1 | alerts=0
2025-11-16 21:24:46,296 [INFO] gaitguard.main: FPS=18.9 | tracks=1 | alerts=0
2025-11-16 21:24:48,142 [INFO] gaitguard.main: FPS=18.9 | tracks=1 | alerts=0
2025-11-16 21:24:49,330 [INFO] gaitguard.main: GaitGuard pipeline stopped.
2025-11-16 21:32:07,371 [INFO] gaitguard.device: Using CUDA device: NVIDIA GeForce RTX 3050 6GB Laptop GPU
2025-11-16 21:32:07,371 [INFO] gaitguard.main: Runtime device=cuda | half=True
2025-11-16 21:32:07,371 [INFO] perception.detector: Loading YOLO model 'yolo11n.pt' on device 'cuda'
2025-11-16 21:32:08,375 [INFO] perception.detector: YOLO model loaded in FP16 on CUDA
2025-11-16 21:32:08,377 [INFO] perception.detector: YOLO model ready
2025-11-16 21:32:08,377 [INFO] perception.perception_engine: Phase-1 PerceptionEngine initialized.
2025-11-16 21:32:08,379 [INFO] gaitguard.device: Using CUDA device: NVIDIA GeForce RTX 3050 6GB Laptop GPU
2025-11-16 21:32:08,380 [INFO] face.config: FaceConfig initialised | device=cuda half=True | gallery=C:\Users\ildi\Desktop\GaitGuard\data\face_gallery.enc | dim=512 metric=cosine
2025-11-16 21:32:08,381 [INFO] face.detector_align: Initialising FaceDetectorAligner with pack=buffalo_l ctx_id=0 det_size=(640, 640) providers=['CUDAExecutionProvider', 'CPUExecutionProvider']
2025-11-16 21:32:09,323 [INFO] face.route: FaceRoute initialised | lookback=2.0s max_entries=30 every_n_frames=5
2025-11-16 21:32:09,330 [INFO] identity.crypto: Loaded AES key from env var 'GAITGUARD_FACE_KEY' (length=32 bytes).
2025-11-16 21:32:09,331 [INFO] identity.face_gallery: Face gallery loaded from C:\Users\ildi\Desktop\GaitGuard\data\face_gallery.enc (persons=1).
2025-11-16 21:32:09,331 [INFO] identity.identity_engine: FaceIdentityEngine initialised | strong_match_dist=0.900 min_q_runtime=0.550
2025-11-16 21:32:14,129 [INFO] gaitguard.main: GaitGuard pipeline (Phase-1 + Face 2A) started. Press ESC to exit.
2025-11-16 21:32:15,600 [INFO] identity.face_gallery: Face gallery FAISS index rebuilt (templates=5).
2025-11-16 21:32:16,817 [INFO] gaitguard.main: FPS=11.3 | tracks=1 | alerts=0
2025-11-16 21:32:18,186 [INFO] gaitguard.main: FPS=14.9 | tracks=1 | alerts=0
2025-11-16 21:32:19,652 [INFO] gaitguard.main: FPS=16.4 | tracks=1 | alerts=0
2025-11-16 21:32:21,362 [INFO] gaitguard.main: FPS=16.7 | tracks=1 | alerts=0
2025-11-16 21:32:23,302 [INFO] gaitguard.main: FPS=16.4 | tracks=1 | alerts=0
2025-11-16 21:32:25,199 [INFO] gaitguard.main: FPS=16.3 | tracks=1 | alerts=0
2025-11-16 21:32:27,080 [INFO] gaitguard.main: FPS=16.3 | tracks=1 | alerts=0
2025-11-16 21:32:29,015 [INFO] gaitguard.main: FPS=16.2 | tracks=1 | alerts=0
2025-11-16 21:32:30,810 [INFO] gaitguard.main: FPS=16.2 | tracks=1 | alerts=0
2025-11-16 21:32:32,644 [INFO] gaitguard.main: FPS=16.2 | tracks=1 | alerts=0
2025-11-16 21:32:34,484 [INFO] gaitguard.main: FPS=16.2 | tracks=1 | alerts=0
2025-11-16 21:32:36,310 [INFO] gaitguard.main: FPS=16.3 | tracks=1 | alerts=0
2025-11-16 21:32:38,089 [INFO] gaitguard.main: FPS=16.3 | tracks=2 | alerts=0
2025-11-16 21:32:40,062 [INFO] gaitguard.main: FPS=16.2 | tracks=2 | alerts=0
2025-11-16 21:32:42,147 [INFO] gaitguard.main: FPS=16.1 | tracks=2 | alerts=0
2025-11-16 21:32:43,776 [INFO] gaitguard.main: FPS=16.2 | tracks=1 | alerts=0
2025-11-16 21:32:45,256 [INFO] gaitguard.main: FPS=16.4 | tracks=1 | alerts=0
2025-11-16 21:32:46,605 [INFO] gaitguard.main: FPS=16.6 | tracks=1 | alerts=0
2025-11-16 21:32:48,110 [INFO] gaitguard.main: FPS=16.8 | tracks=1 | alerts=0
2025-11-16 21:32:49,788 [INFO] gaitguard.main: FPS=16.8 | tracks=1 | alerts=0
2025-11-16 21:32:51,721 [INFO] gaitguard.main: FPS=16.8 | tracks=1 | alerts=0
2025-11-16 21:32:53,576 [INFO] gaitguard.main: FPS=16.7 | tracks=1 | alerts=0
2025-11-16 21:32:55,364 [INFO] gaitguard.main: FPS=16.7 | tracks=1 | alerts=0
2025-11-16 21:32:56,957 [INFO] gaitguard.main: FPS=16.8 | tracks=1 | alerts=0
2025-11-16 21:32:58,729 [INFO] gaitguard.main: FPS=16.8 | tracks=1 | alerts=0
2025-11-16 21:33:00,578 [INFO] gaitguard.main: FPS=16.8 | tracks=1 | alerts=0
2025-11-16 21:33:02,469 [INFO] gaitguard.main: FPS=16.8 | tracks=1 | alerts=0
2025-11-16 21:33:04,378 [INFO] gaitguard.main: FPS=16.7 | tracks=1 | alerts=0
2025-11-16 21:33:06,198 [INFO] gaitguard.main: FPS=16.7 | tracks=1 | alerts=0
2025-11-16 21:33:07,992 [INFO] gaitguard.main: FPS=16.7 | tracks=1 | alerts=0
2025-11-16 21:33:09,795 [INFO] gaitguard.main: FPS=16.7 | tracks=1 | alerts=0
2025-11-16 21:33:11,604 [INFO] gaitguard.main: FPS=16.7 | tracks=1 | alerts=0
2025-11-16 21:33:13,463 [INFO] gaitguard.main: FPS=16.7 | tracks=1 | alerts=0
2025-11-16 21:33:15,324 [INFO] gaitguard.main: FPS=16.7 | tracks=1 | alerts=0
2025-11-16 21:33:17,259 [INFO] gaitguard.main: FPS=16.6 | tracks=2 | alerts=0
2025-11-16 21:33:19,314 [INFO] gaitguard.main: FPS=16.6 | tracks=1 | alerts=0
2025-11-16 21:33:21,372 [INFO] gaitguard.main: FPS=16.5 | tracks=2 | alerts=0
2025-11-16 21:33:23,168 [INFO] gaitguard.main: FPS=16.5 | tracks=1 | alerts=0
2025-11-16 21:33:25,457 [INFO] gaitguard.main: FPS=16.4 | tracks=4 | alerts=0
2025-11-16 21:33:27,944 [INFO] gaitguard.main: FPS=16.3 | tracks=1 | alerts=0
2025-11-16 21:33:29,801 [INFO] gaitguard.main: FPS=16.3 | tracks=1 | alerts=0
2025-11-16 21:33:31,690 [INFO] gaitguard.main: FPS=16.3 | tracks=1 | alerts=0
2025-11-16 21:33:33,553 [INFO] gaitguard.main: FPS=16.2 | tracks=1 | alerts=0
2025-11-16 21:33:35,354 [INFO] gaitguard.main: FPS=16.3 | tracks=1 | alerts=0
2025-11-16 21:33:37,124 [INFO] gaitguard.main: FPS=16.3 | tracks=1 | alerts=0
2025-11-16 21:33:39,283 [INFO] gaitguard.main: FPS=16.2 | tracks=3 | alerts=0
2025-11-16 21:33:41,326 [INFO] gaitguard.main: FPS=16.2 | tracks=2 | alerts=0
2025-11-16 21:33:43,146 [INFO] gaitguard.main: FPS=16.2 | tracks=2 | alerts=0
2025-11-16 21:33:45,551 [INFO] gaitguard.main: FPS=16.1 | tracks=3 | alerts=0
2025-11-16 21:33:47,480 [INFO] gaitguard.main: FPS=16.1 | tracks=2 | alerts=0
2025-11-16 21:33:49,907 [INFO] gaitguard.main: FPS=16.0 | tracks=4 | alerts=0
2025-11-16 21:33:52,024 [INFO] gaitguard.main: FPS=15.9 | tracks=1 | alerts=0
2025-11-16 21:33:53,904 [INFO] gaitguard.main: FPS=15.9 | tracks=1 | alerts=0
2025-11-16 21:33:55,460 [INFO] gaitguard.main: FPS=16.0 | tracks=1 | alerts=0
2025-11-16 21:33:57,248 [INFO] gaitguard.main: FPS=16.0 | tracks=1 | alerts=0
2025-11-16 21:33:58,992 [INFO] gaitguard.main: FPS=16.0 | tracks=1 | alerts=0
2025-11-16 21:34:00,371 [INFO] gaitguard.main: FPS=16.1 | tracks=1 | alerts=0
2025-11-16 21:34:01,819 [INFO] gaitguard.main: FPS=16.2 | tracks=1 | alerts=0
2025-11-16 21:34:03,276 [INFO] gaitguard.main: FPS=16.2 | tracks=1 | alerts=0
2025-11-16 21:34:04,862 [INFO] gaitguard.main: FPS=16.3 | tracks=1 | alerts=0
2025-11-16 21:34:06,512 [INFO] gaitguard.main: FPS=16.3 | tracks=1 | alerts=0
2025-11-16 21:34:08,293 [INFO] gaitguard.main: FPS=16.3 | tracks=2 | alerts=0
2025-11-16 21:34:09,856 [INFO] gaitguard.main: FPS=16.3 | tracks=1 | alerts=0
2025-11-16 21:34:11,294 [INFO] gaitguard.main: FPS=16.4 | tracks=2 | alerts=0
2025-11-16 21:34:12,814 [INFO] gaitguard.main: FPS=16.4 | tracks=2 | alerts=0
2025-11-16 21:34:14,256 [INFO] gaitguard.main: FPS=16.5 | tracks=1 | alerts=0
2025-11-16 21:34:15,820 [INFO] gaitguard.main: FPS=16.5 | tracks=1 | alerts=0
2025-11-16 21:34:17,618 [INFO] gaitguard.main: FPS=16.5 | tracks=2 | alerts=0
2025-11-16 21:34:19,201 [INFO] gaitguard.main: FPS=16.6 | tracks=1 | alerts=0
2025-11-16 21:34:20,732 [INFO] gaitguard.main: FPS=16.6 | tracks=1 | alerts=0
2025-11-16 21:34:22,168 [INFO] gaitguard.main: FPS=16.6 | tracks=1 | alerts=0
2025-11-16 21:34:24,198 [INFO] gaitguard.main: FPS=16.6 | tracks=3 | alerts=0
2025-11-16 21:34:26,529 [INFO] gaitguard.main: FPS=16.5 | tracks=3 | alerts=0
2025-11-16 21:34:28,610 [INFO] gaitguard.main: FPS=16.5 | tracks=2 | alerts=0
2025-11-16 21:34:30,702 [INFO] gaitguard.main: FPS=16.5 | tracks=3 | alerts=0
2025-11-16 21:34:32,898 [INFO] gaitguard.main: FPS=16.4 | tracks=2 | alerts=0
2025-11-16 21:34:34,488 [INFO] gaitguard.main: FPS=16.5 | tracks=1 | alerts=0
2025-11-16 21:34:36,177 [INFO] gaitguard.main: FPS=16.5 | tracks=1 | alerts=0
2025-11-16 21:34:37,730 [INFO] gaitguard.main: FPS=16.5 | tracks=1 | alerts=0
2025-11-16 21:34:39,394 [INFO] gaitguard.main: FPS=16.5 | tracks=1 | alerts=0
2025-11-16 21:34:40,951 [INFO] gaitguard.main: FPS=16.6 | tracks=1 | alerts=0
2025-11-16 21:34:42,545 [INFO] gaitguard.main: FPS=16.6 | tracks=1 | alerts=0
2025-11-16 21:34:44,210 [INFO] gaitguard.main: FPS=16.6 | tracks=1 | alerts=0
2025-11-16 21:34:45,878 [INFO] gaitguard.main: FPS=16.6 | tracks=1 | alerts=0
2025-11-16 21:34:47,413 [INFO] gaitguard.main: FPS=16.6 | tracks=1 | alerts=0
2025-11-16 21:34:48,966 [INFO] gaitguard.main: FPS=16.7 | tracks=1 | alerts=0
2025-11-16 21:34:50,568 [INFO] gaitguard.main: FPS=16.7 | tracks=1 | alerts=0
2025-11-16 21:34:52,290 [INFO] gaitguard.main: FPS=16.7 | tracks=1 | alerts=0
2025-11-16 21:34:53,760 [INFO] gaitguard.main: FPS=16.7 | tracks=1 | alerts=0
2025-11-16 21:34:55,230 [INFO] gaitguard.main: FPS=16.8 | tracks=1 | alerts=0
2025-11-16 21:34:56,863 [INFO] gaitguard.main: FPS=16.8 | tracks=1 | alerts=0
2025-11-16 21:34:58,642 [INFO] gaitguard.main: FPS=16.8 | tracks=1 | alerts=0
2025-11-16 21:35:00,415 [INFO] gaitguard.main: FPS=16.8 | tracks=1 | alerts=0
2025-11-16 21:35:02,058 [INFO] gaitguard.main: FPS=16.8 | tracks=1 | alerts=0
2025-11-16 21:35:03,625 [INFO] gaitguard.main: FPS=16.8 | tracks=2 | alerts=0
2025-11-16 21:35:04,960 [INFO] gaitguard.main: FPS=16.9 | tracks=1 | alerts=0
2025-11-16 21:35:06,219 [INFO] gaitguard.main: FPS=16.9 | tracks=2 | alerts=0
2025-11-16 21:35:07,566 [INFO] gaitguard.main: FPS=17.0 | tracks=4 | alerts=0
2025-11-16 21:35:09,010 [INFO] gaitguard.main: FPS=17.0 | tracks=1 | alerts=0
2025-11-16 21:35:11,016 [INFO] gaitguard.main: GaitGuard pipeline stopped.
2025-11-16 22:43:17,567 [INFO] gaitguard.device: Using CUDA device: NVIDIA GeForce RTX 3050 6GB Laptop GPU
2025-11-16 22:43:17,575 [INFO] gaitguard.main: Runtime device=cuda | half=True
2025-11-16 22:43:17,575 [INFO] perception.detector: Loading YOLO model 'yolo11n.pt' on device 'cuda'
2025-11-16 22:43:18,594 [INFO] perception.detector: YOLO model loaded in FP16 on CUDA
2025-11-16 22:43:18,595 [INFO] perception.detector: YOLO model ready
2025-11-16 22:43:18,595 [INFO] perception.perception_engine: Phase-1 PerceptionEngine initialized.
2025-11-16 22:43:18,595 [INFO] gaitguard.device: Using CUDA device: NVIDIA GeForce RTX 3050 6GB Laptop GPU
2025-11-16 22:43:18,597 [INFO] face.config: FaceConfig initialised | device=cuda half=True | gallery=C:\Users\ildi\Desktop\GaitGuard\data\face_gallery.enc | dim=512 metric=cosine
2025-11-16 22:43:18,597 [INFO] face.detector_align: Initialising FaceDetectorAligner with pack=buffalo_l ctx_id=0 det_size=(640, 640) providers=['CUDAExecutionProvider', 'CPUExecutionProvider']
2025-11-16 22:43:19,513 [INFO] face.route: FaceRoute initialised | lookback=2.0s max_entries=30 every_n_frames=5
2025-11-16 22:43:19,514 [INFO] identity.crypto: Loaded AES key from env var 'GAITGUARD_FACE_KEY' (length=32 bytes).
2025-11-16 22:43:19,515 [INFO] identity.face_gallery: Face gallery loaded from C:\Users\ildi\Desktop\GaitGuard\data\face_gallery.enc (persons=1).
2025-11-16 22:43:19,515 [INFO] identity.identity_engine: FaceIdentityEngine initialised | strong_match_dist=0.900 min_q_runtime=0.550 confirm=3 switch=4 lookback=2.0s
2025-11-16 22:43:24,297 [INFO] gaitguard.main: GaitGuard pipeline (Phase-1 + Face 2A) started. Press ESC to exit.
2025-11-16 22:43:26,396 [INFO] gaitguard.main: FPS=14.5 | tracks=1 | alerts=0
2025-11-16 22:43:27,223 [INFO] identity.face_gallery: Face gallery FAISS index rebuilt (templates=5).
2025-11-16 22:43:28,247 [INFO] gaitguard.main: FPS=15.3 | tracks=1 | alerts=0
2025-11-16 22:43:29,679 [INFO] gaitguard.main: FPS=16.8 | tracks=1 | alerts=0
2025-11-16 22:43:31,477 [INFO] gaitguard.main: FPS=16.8 | tracks=1 | alerts=0
2025-11-16 22:43:33,355 [INFO] gaitguard.main: FPS=16.6 | tracks=1 | alerts=0
2025-11-16 22:43:35,226 [INFO] gaitguard.main: FPS=16.5 | tracks=1 | alerts=0
2025-11-16 22:43:37,134 [INFO] gaitguard.main: FPS=16.4 | tracks=1 | alerts=0
2025-11-16 22:43:38,996 [INFO] gaitguard.main: FPS=16.4 | tracks=1 | alerts=0
2025-11-16 22:43:40,819 [INFO] gaitguard.main: FPS=16.4 | tracks=1 | alerts=0
2025-11-16 22:43:42,673 [INFO] gaitguard.main: FPS=16.4 | tracks=1 | alerts=0
2025-11-16 22:43:44,623 [INFO] gaitguard.main: FPS=16.3 | tracks=1 | alerts=0
2025-11-16 22:43:46,418 [INFO] gaitguard.main: FPS=16.3 | tracks=1 | alerts=0
2025-11-16 22:43:48,325 [INFO] gaitguard.main: FPS=16.2 | tracks=1 | alerts=0
2025-11-16 22:43:50,305 [INFO] gaitguard.main: FPS=16.2 | tracks=1 | alerts=0
2025-11-16 22:43:52,122 [INFO] gaitguard.main: FPS=16.2 | tracks=1 | alerts=0
2025-11-16 22:43:53,654 [INFO] gaitguard.main: FPS=16.4 | tracks=1 | alerts=0
2025-11-16 22:43:55,357 [INFO] gaitguard.main: GaitGuard pipeline stopped.
2025-11-16 23:29:50,528 [INFO] gaitguard.device: Using CUDA device: NVIDIA GeForce RTX 3050 6GB Laptop GPU
2025-11-16 23:29:50,528 [INFO] gaitguard.main: Runtime device=cuda | half=True
2025-11-16 23:29:50,528 [INFO] perception.detector: Loading YOLO model 'yolo11n.pt' on device 'cuda'
2025-11-16 23:29:51,552 [INFO] perception.detector: YOLO model loaded in FP16 on CUDA
2025-11-16 23:29:51,552 [INFO] perception.detector: YOLO model ready
2025-11-16 23:29:51,552 [INFO] perception.perception_engine: Phase-1 PerceptionEngine initialized.
2025-11-16 23:29:51,552 [INFO] gaitguard.device: Using CUDA device: NVIDIA GeForce RTX 3050 6GB Laptop GPU
2025-11-16 23:29:51,552 [INFO] face.config: FaceConfig initialised | device=cuda half=True | gallery=C:\Users\ildi\Desktop\GaitGuard\data\face_gallery.enc | dim=512 metric=cosine
2025-11-16 23:29:51,552 [INFO] face.detector_align: Initialising FaceDetectorAligner with pack=buffalo_l ctx_id=0 det_size=(640, 640) providers=['CUDAExecutionProvider', 'CPUExecutionProvider']
2025-11-16 23:29:52,521 [INFO] face.route: FaceRoute initialised | lookback=2.0s max_entries=30 every_n_frames=5
2025-11-16 23:29:52,521 [INFO] identity.crypto: Loaded AES key from env var 'GAITGUARD_FACE_KEY' (length=32 bytes).
2025-11-16 23:29:52,526 [INFO] identity.face_gallery: Face gallery loaded from C:\Users\ildi\Desktop\GaitGuard\data\face_gallery.enc (persons=1).
2025-11-16 23:29:52,526 [INFO] identity.identity_engine: FaceIdentityEngine initialised | strong_match_dist=0.850 weak_match_dist=0.930 min_q_runtime=0.550 confirm=3 switch=4 lookback=2.0s
2025-11-16 23:29:57,685 [INFO] gaitguard.main: GaitGuard pipeline (Phase-1 + Face 2A) started. Press ESC to exit.
2025-11-16 23:29:59,928 [INFO] gaitguard.main: FPS=13.5 | tracks=1 | alerts=0
2025-11-16 23:30:01,072 [INFO] gaitguard.main: FPS=17.9 | tracks=1 | alerts=0
2025-11-16 23:30:01,864 [INFO] identity.face_gallery: Face gallery FAISS index rebuilt (templates=5).
2025-11-16 23:30:02,874 [INFO] gaitguard.main: FPS=17.4 | tracks=1 | alerts=0
2025-11-16 23:30:04,285 [INFO] gaitguard.main: FPS=18.3 | tracks=1 | alerts=0
2025-11-16 23:30:05,746 [INFO] gaitguard.main: FPS=18.7 | tracks=1 | alerts=0
2025-11-16 23:30:07,135 [INFO] gaitguard.main: FPS=19.1 | tracks=1 | alerts=0
2025-11-16 23:30:08,445 [INFO] gaitguard.main: FPS=19.6 | tracks=1 | alerts=0
2025-11-16 23:30:09,837 [INFO] gaitguard.main: FPS=19.8 | tracks=1 | alerts=0
2025-11-16 23:30:11,234 [INFO] gaitguard.main: FPS=20.0 | tracks=1 | alerts=0
2025-11-16 23:30:12,576 [INFO] gaitguard.main: FPS=20.2 | tracks=1 | alerts=0
2025-11-16 23:30:13,931 [INFO] gaitguard.main: FPS=20.3 | tracks=1 | alerts=0
2025-11-16 23:30:15,276 [INFO] gaitguard.main: FPS=20.5 | tracks=1 | alerts=0
2025-11-16 23:30:16,475 [INFO] gaitguard.main: FPS=20.8 | tracks=1 | alerts=0
2025-11-16 23:30:17,831 [INFO] gaitguard.main: FPS=20.9 | tracks=1 | alerts=0
2025-11-16 23:30:19,193 [INFO] gaitguard.main: FPS=21.0 | tracks=1 | alerts=0
2025-11-16 23:30:20,565 [INFO] gaitguard.main: FPS=21.0 | tracks=1 | alerts=0
2025-11-16 23:30:21,895 [INFO] gaitguard.main: FPS=21.1 | tracks=1 | alerts=0
2025-11-16 23:30:23,430 [INFO] gaitguard.main: FPS=21.0 | tracks=1 | alerts=0
2025-11-16 23:30:24,745 [INFO] gaitguard.main: FPS=21.1 | tracks=1 | alerts=0
2025-11-16 23:30:26,070 [INFO] gaitguard.main: FPS=21.2 | tracks=1 | alerts=0
2025-11-16 23:30:27,371 [INFO] gaitguard.main: FPS=21.2 | tracks=1 | alerts=0
2025-11-16 23:30:28,685 [INFO] gaitguard.main: FPS=21.3 | tracks=1 | alerts=0
2025-11-16 23:30:30,014 [INFO] gaitguard.main: FPS=21.4 | tracks=1 | alerts=0
2025-11-16 23:30:31,107 [INFO] gaitguard.main: FPS=21.6 | tracks=1 | alerts=0
2025-11-16 23:30:32,114 [INFO] gaitguard.main: FPS=21.8 | tracks=0 | alerts=0
2025-11-16 23:30:33,095 [INFO] gaitguard.main: FPS=22.0 | tracks=0 | alerts=0
2025-11-16 23:30:34,076 [INFO] gaitguard.main: FPS=22.3 | tracks=0 | alerts=0
2025-11-16 23:30:35,117 [INFO] gaitguard.main: FPS=22.5 | tracks=0 | alerts=0
2025-11-16 23:30:36,452 [INFO] gaitguard.main: FPS=22.5 | tracks=1 | alerts=0
2025-11-16 23:30:37,773 [INFO] gaitguard.main: FPS=22.5 | tracks=1 | alerts=0
2025-11-16 23:30:39,140 [INFO] gaitguard.main: FPS=22.5 | tracks=1 | alerts=0
2025-11-16 23:30:40,473 [INFO] gaitguard.main: FPS=22.5 | tracks=1 | alerts=0
2025-11-16 23:30:41,844 [INFO] gaitguard.main: FPS=22.4 | tracks=1 | alerts=0
2025-11-16 23:30:43,454 [INFO] gaitguard.main: FPS=22.3 | tracks=1 | alerts=0
2025-11-16 23:30:44,847 [INFO] gaitguard.main: FPS=22.3 | tracks=1 | alerts=0
2025-11-16 23:30:46,345 [INFO] gaitguard.main: FPS=22.2 | tracks=1 | alerts=0
2025-11-16 23:30:47,739 [INFO] gaitguard.main: FPS=22.2 | tracks=1 | alerts=0
2025-11-16 23:30:49,018 [INFO] gaitguard.main: FPS=22.2 | tracks=1 | alerts=0
2025-11-16 23:30:50,046 [INFO] gaitguard.main: FPS=22.4 | tracks=0 | alerts=0
2025-11-16 23:30:51,067 [INFO] gaitguard.main: FPS=22.5 | tracks=1 | alerts=0
2025-11-16 23:30:52,242 [INFO] gaitguard.main: FPS=22.6 | tracks=1 | alerts=0
2025-11-16 23:30:53,477 [INFO] gaitguard.main: FPS=22.6 | tracks=2 | alerts=0
2025-11-16 23:30:54,855 [INFO] gaitguard.main: FPS=22.6 | tracks=2 | alerts=0
2025-11-16 23:30:56,332 [INFO] gaitguard.main: FPS=22.5 | tracks=1 | alerts=0
2025-11-16 23:30:57,763 [INFO] gaitguard.main: FPS=22.5 | tracks=1 | alerts=0
2025-11-16 23:30:59,237 [INFO] gaitguard.main: FPS=22.5 | tracks=1 | alerts=0
2025-11-16 23:31:00,640 [INFO] gaitguard.main: FPS=22.4 | tracks=1 | alerts=0
2025-11-16 23:31:02,003 [INFO] gaitguard.main: FPS=22.4 | tracks=1 | alerts=0
2025-11-16 23:31:03,388 [INFO] gaitguard.main: FPS=22.4 | tracks=1 | alerts=0
2025-11-16 23:31:04,733 [INFO] gaitguard.main: FPS=22.4 | tracks=1 | alerts=0
2025-11-16 23:31:06,020 [INFO] gaitguard.main: FPS=22.4 | tracks=1 | alerts=0
2025-11-16 23:31:07,090 [INFO] gaitguard.main: FPS=22.5 | tracks=0 | alerts=0
2025-11-16 23:31:08,154 [INFO] gaitguard.main: FPS=22.6 | tracks=0 | alerts=0
2025-11-16 23:31:09,157 [INFO] gaitguard.main: FPS=22.7 | tracks=0 | alerts=0
2025-11-16 23:31:10,329 [INFO] gaitguard.main: FPS=22.7 | tracks=1 | alerts=0
2025-11-16 23:31:11,406 [INFO] gaitguard.main: FPS=22.8 | tracks=0 | alerts=0
2025-11-16 23:31:12,477 [INFO] gaitguard.main: FPS=22.9 | tracks=0 | alerts=0
2025-11-16 23:31:13,680 [INFO] gaitguard.main: FPS=22.9 | tracks=1 | alerts=0
2025-11-16 23:31:14,873 [INFO] gaitguard.main: FPS=22.9 | tracks=1 | alerts=0
2025-11-16 23:31:16,034 [INFO] gaitguard.main: FPS=23.0 | tracks=1 | alerts=0
2025-11-16 23:31:17,143 [INFO] gaitguard.main: FPS=23.0 | tracks=1 | alerts=0
2025-11-16 23:31:18,323 [INFO] gaitguard.main: FPS=23.1 | tracks=1 | alerts=0
2025-11-16 23:31:19,492 [INFO] gaitguard.main: FPS=23.1 | tracks=1 | alerts=0
2025-11-16 23:31:20,622 [INFO] gaitguard.main: FPS=23.2 | tracks=1 | alerts=0
2025-11-16 23:31:21,778 [INFO] gaitguard.main: FPS=23.2 | tracks=1 | alerts=0
2025-11-16 23:31:22,977 [INFO] gaitguard.main: FPS=23.2 | tracks=1 | alerts=0
2025-11-16 23:31:24,081 [INFO] gaitguard.main: FPS=23.3 | tracks=1 | alerts=0
2025-11-16 23:31:25,299 [INFO] gaitguard.main: FPS=23.3 | tracks=1 | alerts=0
2025-11-16 23:31:26,517 [INFO] gaitguard.main: FPS=23.3 | tracks=1 | alerts=0
2025-11-16 23:31:27,880 [INFO] gaitguard.main: FPS=23.3 | tracks=1 | alerts=0
2025-11-16 23:31:29,194 [INFO] gaitguard.main: FPS=23.3 | tracks=1 | alerts=0
2025-11-16 23:31:30,568 [INFO] gaitguard.main: FPS=23.3 | tracks=1 | alerts=0
2025-11-16 23:31:31,925 [INFO] gaitguard.main: FPS=23.2 | tracks=1 | alerts=0
2025-11-16 23:31:33,344 [INFO] gaitguard.main: FPS=23.2 | tracks=1 | alerts=0
2025-11-16 23:31:34,808 [INFO] gaitguard.main: FPS=23.2 | tracks=1 | alerts=0
2025-11-16 23:31:36,230 [INFO] gaitguard.main: FPS=23.1 | tracks=1 | alerts=0
2025-11-16 23:31:37,694 [INFO] gaitguard.main: FPS=23.1 | tracks=1 | alerts=0
2025-11-16 23:31:39,029 [INFO] gaitguard.main: FPS=23.1 | tracks=1 | alerts=0
2025-11-16 23:31:40,399 [INFO] gaitguard.main: FPS=23.1 | tracks=1 | alerts=0
2025-11-16 23:31:41,800 [INFO] gaitguard.main: FPS=23.1 | tracks=1 | alerts=0
2025-11-16 23:31:43,185 [INFO] gaitguard.main: FPS=23.0 | tracks=1 | alerts=0
2025-11-16 23:31:44,407 [INFO] gaitguard.main: FPS=23.1 | tracks=1 | alerts=0
2025-11-16 23:31:45,634 [INFO] gaitguard.main: FPS=23.1 | tracks=1 | alerts=0
2025-11-16 23:31:46,858 [INFO] gaitguard.main: FPS=23.1 | tracks=1 | alerts=0
2025-11-16 23:31:47,981 [INFO] gaitguard.main: FPS=23.1 | tracks=1 | alerts=0
2025-11-16 23:31:49,152 [INFO] gaitguard.main: FPS=23.2 | tracks=1 | alerts=0
2025-11-16 23:31:50,300 [INFO] gaitguard.main: FPS=23.2 | tracks=1 | alerts=0
2025-11-16 23:31:51,500 [INFO] gaitguard.main: FPS=23.2 | tracks=1 | alerts=0
2025-11-16 23:31:52,712 [INFO] gaitguard.main: FPS=23.2 | tracks=1 | alerts=0
2025-11-16 23:31:53,910 [INFO] gaitguard.main: FPS=23.2 | tracks=1 | alerts=0
2025-11-16 23:31:55,190 [INFO] gaitguard.main: FPS=23.2 | tracks=1 | alerts=0
2025-11-16 23:31:56,494 [INFO] gaitguard.main: FPS=23.2 | tracks=1 | alerts=0
2025-11-16 23:31:57,772 [INFO] gaitguard.main: FPS=23.2 | tracks=1 | alerts=0
2025-11-16 23:31:58,925 [INFO] gaitguard.main: FPS=23.3 | tracks=1 | alerts=0
2025-11-16 23:32:00,193 [INFO] gaitguard.main: FPS=23.3 | tracks=1 | alerts=0
2025-11-16 23:32:01,375 [INFO] gaitguard.main: FPS=23.3 | tracks=1 | alerts=0
2025-11-16 23:32:02,521 [INFO] gaitguard.main: FPS=23.3 | tracks=1 | alerts=0
2025-11-16 23:32:03,746 [INFO] gaitguard.main: FPS=23.3 | tracks=1 | alerts=0
2025-11-16 23:32:04,947 [INFO] gaitguard.main: FPS=23.3 | tracks=1 | alerts=0
2025-11-16 23:32:06,022 [INFO] gaitguard.main: FPS=23.4 | tracks=1 | alerts=0
2025-11-16 23:32:07,170 [INFO] gaitguard.main: FPS=23.4 | tracks=1 | alerts=0
2025-11-16 23:32:08,381 [INFO] gaitguard.main: FPS=23.4 | tracks=1 | alerts=0
2025-11-16 23:32:09,612 [INFO] gaitguard.main: FPS=23.4 | tracks=1 | alerts=0
2025-11-16 23:32:10,786 [INFO] gaitguard.main: FPS=23.4 | tracks=1 | alerts=0
2025-11-16 23:32:11,962 [INFO] gaitguard.main: FPS=23.5 | tracks=1 | alerts=0
2025-11-16 23:32:13,075 [INFO] gaitguard.main: FPS=23.5 | tracks=1 | alerts=0
2025-11-16 23:32:14,207 [INFO] gaitguard.main: FPS=23.5 | tracks=1 | alerts=0
2025-11-16 23:32:15,370 [INFO] gaitguard.main: FPS=23.5 | tracks=1 | alerts=0
2025-11-16 23:32:16,545 [INFO] gaitguard.main: FPS=23.6 | tracks=1 | alerts=0
2025-11-16 23:32:17,712 [INFO] gaitguard.main: FPS=23.6 | tracks=1 | alerts=0
2025-11-16 23:32:18,934 [INFO] gaitguard.main: FPS=23.6 | tracks=1 | alerts=0
2025-11-16 23:32:20,202 [INFO] gaitguard.main: FPS=23.6 | tracks=1 | alerts=0
2025-11-16 23:32:21,403 [INFO] gaitguard.main: FPS=23.6 | tracks=1 | alerts=0
2025-11-16 23:32:22,663 [INFO] gaitguard.main: FPS=23.6 | tracks=1 | alerts=0
2025-11-16 23:32:23,811 [INFO] gaitguard.main: FPS=23.6 | tracks=1 | alerts=0
2025-11-16 23:32:25,048 [INFO] gaitguard.main: FPS=23.6 | tracks=1 | alerts=0
2025-11-16 23:32:26,251 [INFO] gaitguard.main: FPS=23.6 | tracks=1 | alerts=0
2025-11-16 23:32:27,436 [INFO] gaitguard.main: FPS=23.6 | tracks=1 | alerts=0
2025-11-16 23:32:28,644 [INFO] gaitguard.main: FPS=23.7 | tracks=1 | alerts=0
2025-11-16 23:32:29,847 [INFO] gaitguard.main: FPS=23.7 | tracks=1 | alerts=0
2025-11-16 23:32:31,119 [INFO] gaitguard.main: FPS=23.7 | tracks=1 | alerts=0
2025-11-16 23:32:32,343 [INFO] gaitguard.main: FPS=23.7 | tracks=1 | alerts=0
2025-11-16 23:32:33,598 [INFO] gaitguard.main: FPS=23.7 | tracks=1 | alerts=0
2025-11-16 23:32:34,767 [INFO] gaitguard.main: FPS=23.7 | tracks=1 | alerts=0
2025-11-16 23:32:35,922 [INFO] gaitguard.main: FPS=23.7 | tracks=1 | alerts=0
2025-11-16 23:32:37,096 [INFO] gaitguard.main: FPS=23.7 | tracks=1 | alerts=0
2025-11-16 23:32:38,205 [INFO] gaitguard.main: FPS=23.7 | tracks=1 | alerts=0
2025-11-16 23:32:39,358 [INFO] gaitguard.main: FPS=23.8 | tracks=1 | alerts=0
2025-11-16 23:32:40,459 [INFO] gaitguard.main: FPS=23.8 | tracks=1 | alerts=0
2025-11-16 23:32:41,632 [INFO] gaitguard.main: FPS=23.8 | tracks=1 | alerts=0
2025-11-16 23:32:42,817 [INFO] gaitguard.main: FPS=23.8 | tracks=1 | alerts=0
2025-11-16 23:32:44,011 [INFO] gaitguard.main: FPS=23.8 | tracks=1 | alerts=0
2025-11-16 23:32:45,371 [INFO] gaitguard.main: FPS=23.8 | tracks=1 | alerts=0
2025-11-16 23:32:46,572 [INFO] gaitguard.main: FPS=23.8 | tracks=1 | alerts=0
2025-11-16 23:32:48,023 [INFO] gaitguard.main: FPS=23.8 | tracks=1 | alerts=0
2025-11-16 23:32:49,127 [INFO] gaitguard.main: FPS=23.8 | tracks=1 | alerts=0
2025-11-16 23:32:50,362 [INFO] gaitguard.main: FPS=23.8 | tracks=1 | alerts=0
2025-11-16 23:32:51,581 [INFO] gaitguard.main: FPS=23.8 | tracks=1 | alerts=0
2025-11-16 23:32:52,705 [INFO] gaitguard.main: FPS=23.8 | tracks=1 | alerts=0
2025-11-16 23:32:53,853 [INFO] gaitguard.main: FPS=23.8 | tracks=1 | alerts=0
2025-11-16 23:32:55,015 [INFO] gaitguard.main: FPS=23.9 | tracks=1 | alerts=0
2025-11-16 23:32:56,216 [INFO] gaitguard.main: FPS=23.9 | tracks=1 | alerts=0
2025-11-16 23:32:57,370 [INFO] gaitguard.main: FPS=23.9 | tracks=1 | alerts=0
2025-11-16 23:32:58,552 [INFO] gaitguard.main: FPS=23.9 | tracks=1 | alerts=0
2025-11-16 23:32:59,644 [INFO] gaitguard.main: FPS=23.9 | tracks=1 | alerts=0
2025-11-16 23:33:00,738 [INFO] gaitguard.main: FPS=23.9 | tracks=1 | alerts=0
2025-11-16 23:33:01,921 [INFO] gaitguard.main: FPS=23.9 | tracks=1 | alerts=0
2025-11-16 23:33:03,062 [INFO] gaitguard.main: FPS=24.0 | tracks=1 | alerts=0
2025-11-16 23:33:04,176 [INFO] gaitguard.main: FPS=24.0 | tracks=1 | alerts=0
2025-11-16 23:33:05,297 [INFO] gaitguard.main: FPS=24.0 | tracks=1 | alerts=0
2025-11-16 23:33:06,523 [INFO] gaitguard.main: FPS=24.0 | tracks=1 | alerts=0
2025-11-16 23:33:07,769 [INFO] gaitguard.main: FPS=24.0 | tracks=1 | alerts=0
2025-11-16 23:33:08,881 [INFO] gaitguard.main: FPS=24.0 | tracks=1 | alerts=0
2025-11-16 23:33:10,309 [INFO] gaitguard.main: FPS=24.0 | tracks=1 | alerts=0
2025-11-16 23:33:11,466 [INFO] gaitguard.main: FPS=24.0 | tracks=1 | alerts=0
2025-11-16 23:33:12,636 [INFO] gaitguard.main: FPS=24.0 | tracks=1 | alerts=0
2025-11-16 23:33:13,815 [INFO] gaitguard.main: FPS=24.0 | tracks=1 | alerts=0
2025-11-16 23:33:14,928 [INFO] gaitguard.main: FPS=24.0 | tracks=1 | alerts=0
2025-11-16 23:33:16,046 [INFO] gaitguard.main: FPS=24.1 | tracks=1 | alerts=0
2025-11-16 23:33:17,211 [INFO] gaitguard.main: FPS=24.1 | tracks=1 | alerts=0
2025-11-16 23:33:18,353 [INFO] gaitguard.main: FPS=24.1 | tracks=1 | alerts=0
2025-11-16 23:33:19,680 [INFO] gaitguard.main: FPS=24.1 | tracks=1 | alerts=0
2025-11-16 23:33:20,959 [INFO] gaitguard.main: FPS=24.1 | tracks=1 | alerts=0
2025-11-16 23:33:22,275 [INFO] gaitguard.main: FPS=24.1 | tracks=1 | alerts=0
2025-11-16 23:33:23,612 [INFO] gaitguard.main: FPS=24.0 | tracks=1 | alerts=0
2025-11-16 23:33:24,962 [INFO] gaitguard.main: FPS=24.0 | tracks=1 | alerts=0
2025-11-16 23:33:26,271 [INFO] gaitguard.main: FPS=24.0 | tracks=1 | alerts=0
2025-11-16 23:33:27,646 [INFO] gaitguard.main: FPS=24.0 | tracks=1 | alerts=0
2025-11-16 23:33:29,042 [INFO] gaitguard.main: FPS=24.0 | tracks=1 | alerts=0
2025-11-16 23:33:30,433 [INFO] gaitguard.main: FPS=24.0 | tracks=1 | alerts=0
2025-11-16 23:33:31,832 [INFO] gaitguard.main: FPS=24.0 | tracks=1 | alerts=0
2025-11-16 23:33:33,347 [INFO] gaitguard.main: FPS=23.9 | tracks=1 | alerts=0
2025-11-16 23:33:34,654 [INFO] gaitguard.main: FPS=23.9 | tracks=1 | alerts=0
2025-11-16 23:33:35,966 [INFO] gaitguard.main: FPS=23.9 | tracks=1 | alerts=0
2025-11-16 23:33:37,308 [INFO] gaitguard.main: FPS=23.9 | tracks=1 | alerts=0
2025-11-16 23:33:38,720 [INFO] gaitguard.main: FPS=23.9 | tracks=1 | alerts=0
2025-11-16 23:33:40,136 [INFO] gaitguard.main: FPS=23.9 | tracks=1 | alerts=0
2025-11-16 23:33:41,447 [INFO] gaitguard.main: FPS=23.9 | tracks=1 | alerts=0
2025-11-16 23:33:42,843 [INFO] gaitguard.main: FPS=23.9 | tracks=1 | alerts=0
2025-11-16 23:33:44,332 [INFO] gaitguard.main: FPS=23.8 | tracks=1 | alerts=0
2025-11-16 23:33:45,655 [INFO] gaitguard.main: FPS=23.8 | tracks=1 | alerts=0
2025-11-16 23:33:47,006 [INFO] gaitguard.main: FPS=23.8 | tracks=1 | alerts=0
2025-11-16 23:33:48,321 [INFO] gaitguard.main: FPS=23.8 | tracks=1 | alerts=0
2025-11-16 23:33:49,675 [INFO] gaitguard.main: FPS=23.8 | tracks=1 | alerts=0
2025-11-16 23:33:51,037 [INFO] gaitguard.main: FPS=23.8 | tracks=1 | alerts=0
2025-11-16 23:33:52,330 [INFO] gaitguard.main: FPS=23.8 | tracks=1 | alerts=0
2025-11-16 23:33:53,748 [INFO] gaitguard.main: FPS=23.8 | tracks=1 | alerts=0
2025-11-16 23:33:55,104 [INFO] gaitguard.main: FPS=23.8 | tracks=1 | alerts=0
2025-11-16 23:33:56,222 [INFO] gaitguard.main: FPS=23.8 | tracks=1 | alerts=0
2025-11-16 23:33:57,343 [INFO] gaitguard.main: FPS=23.8 | tracks=1 | alerts=0
2025-11-16 23:33:58,504 [INFO] gaitguard.main: FPS=23.8 | tracks=1 | alerts=0
2025-11-16 23:33:59,713 [INFO] gaitguard.main: FPS=23.8 | tracks=1 | alerts=0
2025-11-16 23:34:00,952 [INFO] gaitguard.main: FPS=23.8 | tracks=1 | alerts=0
2025-11-16 23:34:02,173 [INFO] gaitguard.main: FPS=23.8 | tracks=1 | alerts=0
2025-11-16 23:34:03,391 [INFO] gaitguard.main: FPS=23.8 | tracks=1 | alerts=0
2025-11-16 23:34:04,600 [INFO] gaitguard.main: FPS=23.8 | tracks=1 | alerts=0
2025-11-16 23:34:05,780 [INFO] gaitguard.main: FPS=23.8 | tracks=1 | alerts=0
2025-11-16 23:34:07,004 [INFO] gaitguard.main: FPS=23.8 | tracks=1 | alerts=0
2025-11-16 23:34:08,147 [INFO] gaitguard.main: FPS=23.8 | tracks=1 | alerts=0
2025-11-16 23:34:09,334 [INFO] gaitguard.main: FPS=23.8 | tracks=1 | alerts=0
2025-11-16 23:34:10,514 [INFO] gaitguard.main: FPS=23.9 | tracks=1 | alerts=0
2025-11-16 23:34:11,698 [INFO] gaitguard.main: FPS=23.9 | tracks=1 | alerts=0
2025-11-16 23:34:12,817 [INFO] gaitguard.main: FPS=23.9 | tracks=1 | alerts=0
2025-11-16 23:34:14,006 [INFO] gaitguard.main: FPS=23.9 | tracks=1 | alerts=0
2025-11-16 23:34:15,214 [INFO] gaitguard.main: FPS=23.9 | tracks=1 | alerts=0
2025-11-16 23:34:16,361 [INFO] gaitguard.main: FPS=23.9 | tracks=1 | alerts=0
2025-11-16 23:34:17,562 [INFO] gaitguard.main: FPS=23.9 | tracks=1 | alerts=0
2025-11-16 23:34:18,756 [INFO] gaitguard.main: FPS=23.9 | tracks=1 | alerts=0
2025-11-16 23:34:20,016 [INFO] gaitguard.main: FPS=23.9 | tracks=1 | alerts=0
2025-11-16 23:34:21,251 [INFO] gaitguard.main: FPS=23.9 | tracks=1 | alerts=0
2025-11-16 23:34:22,395 [INFO] gaitguard.main: FPS=23.9 | tracks=1 | alerts=0
2025-11-16 23:34:23,602 [INFO] gaitguard.main: FPS=23.9 | tracks=1 | alerts=0
2025-11-16 23:34:24,817 [INFO] gaitguard.main: FPS=23.9 | tracks=1 | alerts=0
2025-11-16 23:34:25,934 [INFO] gaitguard.main: FPS=23.9 | tracks=1 | alerts=0
2025-11-16 23:34:27,132 [INFO] gaitguard.main: FPS=23.9 | tracks=1 | alerts=0
2025-11-16 23:34:28,274 [INFO] gaitguard.main: FPS=24.0 | tracks=1 | alerts=0
2025-11-16 23:34:29,520 [INFO] gaitguard.main: FPS=24.0 | tracks=1 | alerts=0
2025-11-16 23:34:30,784 [INFO] gaitguard.main: FPS=23.9 | tracks=1 | alerts=0
2025-11-16 23:34:32,221 [INFO] gaitguard.main: FPS=23.9 | tracks=1 | alerts=0
2025-11-16 23:34:33,426 [INFO] gaitguard.main: FPS=23.9 | tracks=1 | alerts=0
2025-11-16 23:34:34,589 [INFO] gaitguard.main: FPS=23.9 | tracks=1 | alerts=0
2025-11-16 23:34:35,779 [INFO] gaitguard.main: FPS=24.0 | tracks=1 | alerts=0
2025-11-16 23:34:37,144 [INFO] gaitguard.main: FPS=23.9 | tracks=1 | alerts=0
2025-11-16 23:34:38,498 [INFO] gaitguard.main: FPS=23.9 | tracks=1 | alerts=0
2025-11-16 23:34:39,855 [INFO] gaitguard.main: FPS=23.9 | tracks=1 | alerts=0
2025-11-16 23:34:41,169 [INFO] gaitguard.main: FPS=23.9 | tracks=1 | alerts=0
2025-11-16 23:34:42,681 [INFO] gaitguard.main: FPS=23.9 | tracks=1 | alerts=0
2025-11-16 23:34:44,187 [INFO] gaitguard.main: FPS=23.9 | tracks=1 | alerts=0
2025-11-16 23:34:45,589 [INFO] gaitguard.main: FPS=23.9 | tracks=1 | alerts=0
2025-11-16 23:34:46,926 [INFO] gaitguard.main: FPS=23.9 | tracks=1 | alerts=0
2025-11-16 23:34:47,883 [INFO] gaitguard.main: GaitGuard pipeline stopped.
2025-11-17 00:55:47,116 [INFO] gaitguard.device: Using CUDA device: NVIDIA GeForce RTX 3050 6GB Laptop GPU
2025-11-17 00:55:47,124 [INFO] gaitguard.main: Runtime device=cuda | half=True
2025-11-17 00:55:47,124 [INFO] perception.detector: Loading YOLO model 'yolo11n.pt' on device 'cuda'
2025-11-17 00:55:48,253 [INFO] perception.detector: YOLO model loaded in FP16 on CUDA
2025-11-17 00:55:48,253 [INFO] perception.detector: YOLO model ready
2025-11-17 00:55:48,253 [INFO] perception.perception_engine: Phase-1 PerceptionEngine initialized.
2025-11-17 00:55:48,262 [INFO] gaitguard.device: Using CUDA device: NVIDIA GeForce RTX 3050 6GB Laptop GPU
2025-11-17 00:55:48,262 [INFO] face.config: FaceConfig initialised | device=cuda half=True | gallery=C:\Users\ildi\Desktop\GaitGuard\data\face_gallery.enc | dim=512 metric=cosine
2025-11-17 00:55:48,262 [INFO] face.detector_align: Initialising FaceDetectorAligner with pack=buffalo_l ctx_id=0 det_size=(640, 640) providers=['CUDAExecutionProvider', 'CPUExecutionProvider']
2025-11-17 00:55:49,297 [INFO] face.route: FaceRoute initialised | lookback=2.0s max_entries=30 every_n_frames=5
2025-11-17 00:55:49,297 [INFO] identity.crypto: Loaded AES key from env var 'GAITGUARD_FACE_KEY' (length=32 bytes, fp=4e401724).
2025-11-17 00:55:49,313 [INFO] identity.face_gallery: Face gallery loaded from C:\Users\ildi\Desktop\GaitGuard\data\face_gallery.enc (persons=1).
2025-11-17 00:55:49,313 [INFO] identity.identity_engine: FaceIdentityEngine initialised | strong_match_dist=0.850 weak_match_dist=0.930 min_q_runtime=0.550 confirm=3 switch=4 lookback=2.0s
2025-11-17 00:55:54,644 [INFO] gaitguard.main: GaitGuard pipeline (Phase-1 + Face 2A) started. Press ESC to exit.
2025-11-17 00:55:57,007 [INFO] identity.face_gallery: Face gallery FAISS index rebuilt (templates=5).
2025-11-17 00:55:58,008 [INFO] gaitguard.main: FPS=9.0 | tracks=1 | alerts=0
2025-11-17 00:55:59,371 [INFO] gaitguard.main: FPS=12.8 | tracks=1 | alerts=0
2025-11-17 00:56:00,725 [INFO] gaitguard.main: FPS=14.9 | tracks=1 | alerts=0
2025-11-17 00:56:02,092 [INFO] gaitguard.main: FPS=16.2 | tracks=1 | alerts=0
2025-11-17 00:56:03,423 [INFO] gaitguard.main: FPS=17.2 | tracks=1 | alerts=0
2025-11-17 00:56:04,824 [INFO] gaitguard.main: FPS=17.7 | tracks=1 | alerts=0
2025-11-17 00:56:06,276 [INFO] gaitguard.main: FPS=18.1 | tracks=1 | alerts=0
2025-11-17 00:56:07,630 [INFO] gaitguard.main: FPS=18.5 | tracks=1 | alerts=0
2025-11-17 00:56:09,026 [INFO] gaitguard.main: FPS=18.8 | tracks=1 | alerts=0
2025-11-17 00:56:10,062 [INFO] gaitguard.main: GaitGuard pipeline stopped.
2025-11-17 01:07:20,879 [INFO] gaitguard.device: Using CUDA device: NVIDIA GeForce RTX 3050 6GB Laptop GPU
2025-11-17 01:07:20,879 [INFO] gaitguard.main: Runtime device=cuda | half=True
2025-11-17 01:07:20,879 [INFO] perception.detector: Loading YOLO model 'yolo11n.pt' on device 'cuda'
2025-11-17 01:07:21,886 [INFO] perception.detector: YOLO model loaded in FP16 on CUDA
2025-11-17 01:07:21,886 [INFO] perception.detector: YOLO model ready
2025-11-17 01:07:21,886 [INFO] perception.perception_engine: Phase-1 PerceptionEngine initialized.
2025-11-17 01:07:21,888 [INFO] gaitguard.device: Using CUDA device: NVIDIA GeForce RTX 3050 6GB Laptop GPU
2025-11-17 01:07:21,889 [INFO] face.config: FaceConfig initialised | device=cuda half=True | gallery=C:\Users\ildi\Desktop\GaitGuard\data\face_gallery.enc | dim=512 metric=cosine
2025-11-17 01:07:21,889 [INFO] face.detector_align: Initialising FaceDetectorAligner with pack=buffalo_l ctx_id=0 det_size=(640, 640) providers=['CUDAExecutionProvider', 'CPUExecutionProvider']
2025-11-17 01:07:22,803 [INFO] face.route: FaceRoute initialised | lookback=2.0s max_entries=30 every_n_frames=5
2025-11-17 01:07:22,803 [INFO] identity.identity_engine: FaceIdentityEngine initialised | strong_match_dist=0.850 weak_match_dist=0.930 min_q_runtime=0.550 confirm=3 switch=4 lookback=2.0s
2025-11-17 01:07:27,745 [INFO] gaitguard.main: GaitGuard pipeline (Phase-1 + Face 2A) started. Press ESC to exit.
2025-11-17 01:07:30,467 [INFO] gaitguard.main: FPS=11.1 | tracks=1 | alerts=0
2025-11-17 01:07:31,864 [INFO] gaitguard.main: FPS=14.7 | tracks=1 | alerts=0
2025-11-17 01:07:33,389 [INFO] gaitguard.main: FPS=16.0 | tracks=1 | alerts=0
2025-11-17 01:07:35,187 [INFO] gaitguard.main: FPS=16.2 | tracks=1 | alerts=0
2025-11-17 01:07:37,019 [INFO] gaitguard.main: FPS=16.2 | tracks=1 | alerts=0
2025-11-17 01:07:38,836 [INFO] gaitguard.main: FPS=16.3 | tracks=1 | alerts=0
2025-11-17 01:07:40,684 [INFO] gaitguard.main: FPS=16.3 | tracks=1 | alerts=0
2025-11-17 01:07:42,852 [INFO] gaitguard.main: GaitGuard pipeline stopped.
2025-11-17 02:58:37,156 [INFO] gaitguard.device: Using CUDA device: NVIDIA GeForce RTX 3050 6GB Laptop GPU
2025-11-17 02:58:37,156 [INFO] gaitguard.main: Runtime device=cuda | half=True
2025-11-17 02:58:37,156 [INFO] perception.detector: Loading YOLO model 'yolo11n.pt' on device 'cuda'
2025-11-17 02:58:38,161 [INFO] perception.detector: YOLO model loaded in FP16 on CUDA
2025-11-17 02:58:38,161 [INFO] perception.detector: YOLO model ready
2025-11-17 02:58:38,161 [INFO] perception.perception_engine: Phase-1 PerceptionEngine initialized.
2025-11-17 02:58:38,161 [INFO] gaitguard.device: Using CUDA device: NVIDIA GeForce RTX 3050 6GB Laptop GPU
2025-11-17 02:58:38,177 [INFO] face.config: FaceConfig initialised | device=cuda half=True | gallery=C:\Users\ildi\Desktop\GaitGuard\data\face_gallery.enc | dim=512 metric=cosine | q_enroll=0.60 q_embed=0.60 q_runtime=0.55 strong_dist=0.850 weak_dist=0.930
2025-11-17 02:58:38,177 [INFO] face.detector_align: Initialising FaceDetectorAligner with pack=buffalo_l ctx_id=0 det_size=(640, 640) providers=['CUDAExecutionProvider', 'CPUExecutionProvider']
2025-11-17 02:58:39,123 [INFO] face.route: FaceRoute initialised | lookback=2.0s max_entries=30 every_n_frames=5
2025-11-17 02:58:39,123 [INFO] identity.identity_engine: FaceIdentityEngine initialised | strong_match_dist=0.850 weak_match_dist=0.930 min_q_runtime=0.550 confirm=3 switch=4 lookback=2.0s
2025-11-17 02:58:44,002 [INFO] gaitguard.main: GaitGuard pipeline (Phase-1 + Face 2A) started. Press ESC to exit.
2025-11-17 02:58:46,809 [INFO] gaitguard.main: FPS=10.8 | tracks=1 | alerts=0
2025-11-17 02:58:48,362 [INFO] gaitguard.main: FPS=13.9 | tracks=1 | alerts=0
2025-11-17 02:58:49,871 [INFO] gaitguard.main: FPS=15.4 | tracks=1 | alerts=0
2025-11-17 02:58:51,629 [INFO] gaitguard.main: FPS=15.8 | tracks=1 | alerts=0
2025-11-17 02:58:54,125 [INFO] gaitguard.main: GaitGuard pipeline stopped.
2025-11-17 03:10:10,668 [INFO] gaitguard.device: Using CUDA device: NVIDIA GeForce RTX 3050 6GB Laptop GPU
2025-11-17 03:10:10,668 [INFO] gaitguard.main: Runtime device=cuda | half=True
2025-11-17 03:10:10,668 [INFO] perception.detector: Loading YOLO model 'yolo11n.pt' on device 'cuda'
2025-11-17 03:10:11,700 [INFO] perception.detector: YOLO model loaded in FP16 on CUDA
2025-11-17 03:10:11,700 [INFO] perception.detector: YOLO model ready
2025-11-17 03:10:11,702 [INFO] perception.perception_engine: Phase-1 PerceptionEngine initialized.
2025-11-17 03:10:11,702 [INFO] gaitguard.device: Using CUDA device: NVIDIA GeForce RTX 3050 6GB Laptop GPU
2025-11-17 03:10:11,702 [INFO] face.config: FaceConfig initialised | device=cuda half=True | gallery=C:\Users\ildi\Desktop\GaitGuard\data\face_gallery.enc | dim=512 metric=cosine | q_enroll=0.60 q_embed=0.60 q_runtime=0.55 strong_dist=0.850 weak_dist=0.930
2025-11-17 03:10:11,702 [INFO] face.detector_align: Initialising FaceDetectorAligner with pack=buffalo_l ctx_id=0 det_size=(640, 640) providers=['CUDAExecutionProvider', 'CPUExecutionProvider']
2025-11-17 03:10:12,637 [INFO] face.route: FaceRoute initialised | lookback=2.0s max_entries=30 every_n_frames=5
2025-11-17 03:10:12,639 [INFO] identity.crypto: Loaded AES key from env var 'GAITGUARD_FACE_KEY' (length=32 bytes, fp=4e401724).
2025-11-17 03:10:12,646 [INFO] identity.face_gallery: Face gallery loaded from C:\Users\ildi\Desktop\GaitGuard\data\face_gallery.enc (persons=1).
2025-11-17 03:10:12,647 [INFO] identity.identity_engine: FaceIdentityEngine initialised | strong_match_dist=0.850 weak_match_dist=0.930 min_q_runtime=0.550 confirm=3 switch=4 lookback=2.0s
2025-11-17 03:10:17,690 [INFO] gaitguard.main: GaitGuard pipeline (Phase-1 + Face 2A) started. Press ESC to exit.
2025-11-17 03:10:19,243 [INFO] gaitguard.main: FPS=20.0 | tracks=0 | alerts=0
2025-11-17 03:10:20,240 [INFO] gaitguard.main: FPS=23.9 | tracks=0 | alerts=0
2025-11-17 03:10:21,215 [INFO] gaitguard.main: FPS=25.8 | tracks=0 | alerts=0
2025-11-17 03:10:22,207 [INFO] gaitguard.main: FPS=26.8 | tracks=0 | alerts=0
2025-11-17 03:10:23,197 [INFO] gaitguard.main: FPS=27.4 | tracks=0 | alerts=0
2025-11-17 03:10:24,174 [INFO] gaitguard.main: FPS=27.9 | tracks=0 | alerts=0
2025-11-17 03:10:25,167 [INFO] gaitguard.main: FPS=28.2 | tracks=0 | alerts=0
2025-11-17 03:10:26,170 [INFO] gaitguard.main: FPS=28.4 | tracks=0 | alerts=0
2025-11-17 03:10:27,158 [INFO] gaitguard.main: FPS=28.7 | tracks=0 | alerts=0
2025-11-17 03:10:28,126 [INFO] gaitguard.main: FPS=28.9 | tracks=0 | alerts=0
2025-11-17 03:10:29,119 [INFO] gaitguard.main: FPS=29.0 | tracks=0 | alerts=0
2025-11-17 03:10:30,110 [INFO] gaitguard.main: FPS=29.1 | tracks=0 | alerts=0
2025-11-17 03:10:31,103 [INFO] gaitguard.main: FPS=29.2 | tracks=0 | alerts=0
2025-11-17 03:10:32,078 [INFO] gaitguard.main: FPS=29.3 | tracks=0 | alerts=0
2025-11-17 03:10:33,070 [INFO] gaitguard.main: FPS=29.3 | tracks=0 | alerts=0
2025-11-17 03:10:34,075 [INFO] gaitguard.main: FPS=29.4 | tracks=0 | alerts=0
2025-11-17 03:10:35,474 [INFO] gaitguard.main: FPS=28.8 | tracks=1 | alerts=0
2025-11-17 03:10:36,690 [INFO] gaitguard.main: FPS=28.5 | tracks=1 | alerts=0
2025-11-17 03:10:38,167 [INFO] identity.face_gallery: Face gallery FAISS index rebuilt (templates=10).
2025-11-17 03:10:38,463 [INFO] gaitguard.main: FPS=27.5 | tracks=1 | alerts=0
2025-11-17 03:10:39,895 [INFO] gaitguard.main: FPS=27.1 | tracks=1 | alerts=0
2025-11-17 03:10:41,311 [INFO] gaitguard.main: FPS=26.7 | tracks=1 | alerts=0
2025-11-17 03:10:42,771 [INFO] gaitguard.main: FPS=26.4 | tracks=1 | alerts=0
2025-11-17 03:10:44,191 [INFO] gaitguard.main: FPS=26.1 | tracks=1 | alerts=0
2025-11-17 03:10:45,988 [INFO] gaitguard.main: FPS=25.5 | tracks=1 | alerts=0
2025-11-17 03:10:47,831 [INFO] gaitguard.main: FPS=24.9 | tracks=1 | alerts=0
2025-11-17 03:10:49,627 [INFO] gaitguard.main: FPS=24.5 | tracks=1 | alerts=0
2025-11-17 03:10:51,424 [INFO] gaitguard.main: FPS=24.0 | tracks=1 | alerts=0
2025-11-17 03:10:53,271 [INFO] gaitguard.main: FPS=23.6 | tracks=1 | alerts=0
2025-11-17 03:10:55,046 [INFO] gaitguard.main: FPS=23.3 | tracks=1 | alerts=0
2025-11-17 03:10:56,968 [INFO] gaitguard.main: FPS=22.9 | tracks=1 | alerts=0
2025-11-17 03:10:58,806 [INFO] gaitguard.main: FPS=22.6 | tracks=1 | alerts=0
2025-11-17 03:11:00,617 [INFO] gaitguard.main: FPS=22.4 | tracks=1 | alerts=0
2025-11-17 03:11:02,653 [INFO] gaitguard.main: FPS=22.0 | tracks=1 | alerts=0
2025-11-17 03:11:04,291 [INFO] gaitguard.main: GaitGuard pipeline stopped.
2025-11-17 03:11:43,346 [INFO] gaitguard.device: Using CUDA device: NVIDIA GeForce RTX 3050 6GB Laptop GPU
2025-11-17 03:11:43,347 [INFO] gaitguard.main: Runtime device=cuda | half=True
2025-11-17 03:11:43,347 [INFO] perception.detector: Loading YOLO model 'yolo11n.pt' on device 'cuda'
2025-11-17 03:11:44,435 [INFO] perception.detector: YOLO model loaded in FP16 on CUDA
2025-11-17 03:11:44,435 [INFO] perception.detector: YOLO model ready
2025-11-17 03:11:44,435 [INFO] perception.perception_engine: Phase-1 PerceptionEngine initialized.
2025-11-17 03:11:44,436 [INFO] gaitguard.device: Using CUDA device: NVIDIA GeForce RTX 3050 6GB Laptop GPU
2025-11-17 03:11:44,436 [INFO] face.config: FaceConfig initialised | device=cuda half=True | gallery=C:\Users\ildi\Desktop\GaitGuard\data\face_gallery.enc | dim=512 metric=cosine | q_enroll=0.60 q_embed=0.60 q_runtime=0.55 strong_dist=0.850 weak_dist=0.930
2025-11-17 03:11:44,437 [INFO] face.detector_align: Initialising FaceDetectorAligner with pack=buffalo_l ctx_id=0 det_size=(640, 640) providers=['CUDAExecutionProvider', 'CPUExecutionProvider']
2025-11-17 03:11:45,452 [INFO] face.route: FaceRoute initialised | lookback=2.0s max_entries=30 every_n_frames=5
2025-11-17 03:11:45,473 [INFO] identity.crypto: Loaded AES key from env var 'GAITGUARD_FACE_KEY' (length=32 bytes, fp=4e401724).
2025-11-17 03:11:45,480 [INFO] identity.face_gallery: Face gallery loaded from C:\Users\ildi\Desktop\GaitGuard\data\face_gallery.enc (persons=1).
2025-11-17 03:11:45,481 [INFO] identity.identity_engine: FaceIdentityEngine initialised | strong_match_dist=0.850 weak_match_dist=0.930 min_q_runtime=0.550 confirm=3 switch=4 lookback=2.0s
2025-11-17 03:11:50,481 [INFO] gaitguard.main: GaitGuard pipeline (Phase-1 + Face 2A) started. Press ESC to exit.
2025-11-17 03:11:52,388 [INFO] identity.face_gallery: Face gallery FAISS index rebuilt (templates=10).
2025-11-17 03:11:53,438 [INFO] gaitguard.main: FPS=10.3 | tracks=1 | alerts=0
2025-11-17 03:11:54,934 [INFO] gaitguard.main: FPS=13.6 | tracks=1 | alerts=0
2025-11-17 03:11:56,624 [INFO] gaitguard.main: FPS=14.7 | tracks=1 | alerts=0
2025-11-17 03:11:58,372 [INFO] gaitguard.main: FPS=15.3 | tracks=1 | alerts=0
2025-11-17 03:11:59,931 [INFO] gaitguard.main: FPS=15.9 | tracks=1 | alerts=0
2025-11-17 03:12:01,482 [INFO] gaitguard.main: FPS=16.4 | tracks=1 | alerts=0
2025-11-17 03:12:03,373 [INFO] gaitguard.main: FPS=16.3 | tracks=1 | alerts=0
2025-11-17 03:12:05,186 [INFO] gaitguard.main: FPS=16.4 | tracks=1 | alerts=0
2025-11-17 03:12:07,063 [INFO] gaitguard.main: FPS=16.3 | tracks=1 | alerts=0
2025-11-17 03:12:09,197 [INFO] gaitguard.main: GaitGuard pipeline stopped.
2025-11-17 03:13:28,108 [INFO] gaitguard.device: Using CUDA device: NVIDIA GeForce RTX 3050 6GB Laptop GPU
2025-11-17 03:13:28,108 [INFO] gaitguard.main: Runtime device=cuda | half=True
2025-11-17 03:13:28,108 [INFO] perception.detector: Loading YOLO model 'yolo11n.pt' on device 'cuda'
2025-11-17 03:13:29,065 [INFO] perception.detector: YOLO model loaded in FP16 on CUDA
2025-11-17 03:13:29,065 [INFO] perception.detector: YOLO model ready
2025-11-17 03:13:29,065 [INFO] perception.perception_engine: Phase-1 PerceptionEngine initialized.
2025-11-17 03:13:29,067 [INFO] gaitguard.device: Using CUDA device: NVIDIA GeForce RTX 3050 6GB Laptop GPU
2025-11-17 03:13:29,067 [INFO] face.config: FaceConfig initialised | device=cuda half=True | gallery=C:\Users\ildi\Desktop\GaitGuard\data\face_gallery.enc | dim=512 metric=cosine | q_enroll=0.60 q_embed=0.60 q_runtime=0.55 strong_dist=0.850 weak_dist=0.930
2025-11-17 03:13:29,069 [INFO] face.detector_align: Initialising FaceDetectorAligner with pack=buffalo_l ctx_id=0 det_size=(640, 640) providers=['CUDAExecutionProvider', 'CPUExecutionProvider']
2025-11-17 03:13:29,977 [INFO] face.route: FaceRoute initialised | lookback=2.0s max_entries=30 every_n_frames=5
2025-11-17 03:13:30,005 [INFO] identity.crypto: Loaded AES key from env var 'GAITGUARD_FACE_KEY' (length=32 bytes, fp=4e401724).
2025-11-17 03:13:30,013 [INFO] identity.face_gallery: Face gallery loaded from C:\Users\ildi\Desktop\GaitGuard\data\face_gallery.enc (persons=1).
2025-11-17 03:13:30,013 [INFO] identity.identity_engine: FaceIdentityEngine initialised | strong_match_dist=0.850 weak_match_dist=0.930 min_q_runtime=0.550 confirm=3 switch=4 lookback=2.0s
2025-11-17 03:13:34,872 [INFO] gaitguard.main: GaitGuard pipeline (Phase-1 + Face 2A) started. Press ESC to exit.
2025-11-17 03:13:36,350 [INFO] identity.face_gallery: Face gallery FAISS index rebuilt (templates=10).
2025-11-17 03:13:37,656 [INFO] gaitguard.main: FPS=10.9 | tracks=1 | alerts=0
2025-11-17 03:13:39,161 [INFO] gaitguard.main: FPS=14.1 | tracks=1 | alerts=0
2025-11-17 03:13:40,550 [INFO] gaitguard.main: FPS=15.9 | tracks=1 | alerts=0
2025-11-17 03:13:42,103 [INFO] gaitguard.main: FPS=16.7 | tracks=1 | alerts=0
2025-11-17 03:13:43,738 [INFO] gaitguard.main: FPS=17.0 | tracks=1 | alerts=0
2025-11-17 03:13:45,121 [INFO] gaitguard.main: FPS=17.6 | tracks=1 | alerts=0
2025-11-17 03:13:46,875 [INFO] gaitguard.main: FPS=17.6 | tracks=1 | alerts=0
2025-11-17 03:13:48,835 [INFO] gaitguard.main: FPS=17.2 | tracks=1 | alerts=0
2025-11-17 03:13:50,721 [INFO] gaitguard.main: FPS=17.1 | tracks=1 | alerts=0
2025-11-17 03:13:52,591 [INFO] gaitguard.main: FPS=17.0 | tracks=1 | alerts=0
2025-11-17 03:13:54,116 [INFO] gaitguard.main: FPS=17.2 | tracks=1 | alerts=0
2025-11-17 03:13:55,519 [INFO] gaitguard.main: FPS=17.5 | tracks=1 | alerts=0
2025-11-17 03:13:57,371 [INFO] gaitguard.main: GaitGuard pipeline stopped.
2025-11-17 03:15:25,369 [INFO] gaitguard.device: Using CUDA device: NVIDIA GeForce RTX 3050 6GB Laptop GPU
2025-11-17 03:15:25,369 [INFO] gaitguard.main: Runtime device=cuda | half=True
2025-11-17 03:15:25,369 [INFO] perception.detector: Loading YOLO model 'yolo11n.pt' on device 'cuda'
2025-11-17 03:15:26,382 [INFO] perception.detector: YOLO model loaded in FP16 on CUDA
2025-11-17 03:15:26,382 [INFO] perception.detector: YOLO model ready
2025-11-17 03:15:26,383 [INFO] perception.perception_engine: Phase-1 PerceptionEngine initialized.
2025-11-17 03:15:26,383 [INFO] gaitguard.device: Using CUDA device: NVIDIA GeForce RTX 3050 6GB Laptop GPU
2025-11-17 03:15:26,384 [INFO] face.config: FaceConfig initialised | device=cuda half=True | gallery=C:\Users\ildi\Desktop\GaitGuard\data\face_gallery.enc | dim=512 metric=cosine | q_enroll=0.60 q_embed=0.60 q_runtime=0.55 strong_dist=0.850 weak_dist=0.930
2025-11-17 03:15:26,384 [INFO] face.detector_align: Initialising FaceDetectorAligner with pack=buffalo_l ctx_id=0 det_size=(640, 640) providers=['CUDAExecutionProvider', 'CPUExecutionProvider']
2025-11-17 03:15:27,283 [INFO] face.route: FaceRoute initialised | lookback=2.0s max_entries=30 every_n_frames=5
2025-11-17 03:15:27,313 [INFO] identity.crypto: Loaded AES key from env var 'GAITGUARD_FACE_KEY' (length=32 bytes, fp=4e401724).
2025-11-17 03:15:27,320 [INFO] identity.face_gallery: Face gallery loaded from C:\Users\ildi\Desktop\GaitGuard\data\face_gallery.enc (persons=1).
2025-11-17 03:15:27,320 [INFO] identity.identity_engine: FaceIdentityEngine initialised | strong_match_dist=0.850 weak_match_dist=0.930 min_q_runtime=0.550 confirm=3 switch=4 lookback=2.0s
2025-11-17 03:15:32,137 [INFO] gaitguard.main: GaitGuard pipeline (Phase-1 + Face 2A) started. Press ESC to exit.
2025-11-17 03:15:34,149 [INFO] gaitguard.main: FPS=15.2 | tracks=1 | alerts=0
2025-11-17 03:15:35,218 [INFO] identity.face_gallery: Face gallery FAISS index rebuilt (templates=10).
2025-11-17 03:15:35,981 [INFO] gaitguard.main: FPS=15.7 | tracks=2 | alerts=0
2025-11-17 03:15:37,372 [INFO] gaitguard.main: FPS=17.3 | tracks=1 | alerts=0
2025-11-17 03:15:38,532 [INFO] gaitguard.main: FPS=18.8 | tracks=1 | alerts=0
2025-11-17 03:15:39,757 [INFO] gaitguard.main: FPS=19.8 | tracks=1 | alerts=0
2025-11-17 03:15:40,987 [INFO] gaitguard.main: FPS=20.4 | tracks=1 | alerts=0
2025-11-17 03:15:42,240 [INFO] gaitguard.main: FPS=20.9 | tracks=1 | alerts=0
2025-11-17 03:15:43,583 [INFO] gaitguard.main: FPS=21.0 | tracks=1 | alerts=0
2025-11-17 03:15:44,896 [INFO] gaitguard.main: FPS=21.2 | tracks=1 | alerts=0
2025-11-17 03:15:46,327 [INFO] gaitguard.main: FPS=21.2 | tracks=1 | alerts=0
2025-11-17 03:15:47,857 [INFO] gaitguard.main: FPS=21.0 | tracks=1 | alerts=0
2025-11-17 03:15:49,208 [INFO] gaitguard.main: FPS=21.1 | tracks=1 | alerts=0
2025-11-17 03:15:50,468 [INFO] gaitguard.main: FPS=21.3 | tracks=1 | alerts=0
2025-11-17 03:15:51,749 [INFO] gaitguard.main: FPS=21.5 | tracks=1 | alerts=0
2025-11-17 03:15:52,974 [INFO] gaitguard.main: FPS=21.6 | tracks=1 | alerts=0
2025-11-17 03:15:54,644 [INFO] gaitguard.main: FPS=21.4 | tracks=1 | alerts=0
2025-11-17 03:15:56,454 [INFO] gaitguard.main: FPS=21.0 | tracks=1 | alerts=0
2025-11-17 03:15:58,272 [INFO] gaitguard.main: FPS=20.7 | tracks=1 | alerts=0
2025-11-17 03:15:59,993 [INFO] gaitguard.main: FPS=20.5 | tracks=1 | alerts=0
2025-11-17 03:16:01,400 [INFO] gaitguard.main: FPS=20.5 | tracks=1 | alerts=0
2025-11-17 03:16:02,858 [INFO] gaitguard.main: FPS=20.5 | tracks=1 | alerts=0
2025-11-17 03:16:04,322 [INFO] gaitguard.main: FPS=20.5 | tracks=1 | alerts=0
2025-11-17 03:16:05,750 [INFO] gaitguard.main: FPS=20.5 | tracks=1 | alerts=0
2025-11-17 03:16:07,165 [INFO] gaitguard.main: FPS=20.6 | tracks=1 | alerts=0
2025-11-17 03:16:08,612 [INFO] gaitguard.main: FPS=20.6 | tracks=1 | alerts=0
2025-11-17 03:16:10,079 [INFO] gaitguard.main: FPS=20.6 | tracks=1 | alerts=0
2025-11-17 03:16:11,470 [INFO] gaitguard.main: FPS=20.6 | tracks=1 | alerts=0
2025-11-17 03:16:12,671 [INFO] gaitguard.main: FPS=20.7 | tracks=1 | alerts=0
2025-11-17 03:16:13,942 [INFO] gaitguard.main: FPS=20.8 | tracks=1 | alerts=0
2025-11-17 03:16:15,326 [INFO] gaitguard.main: FPS=20.9 | tracks=1 | alerts=0
2025-11-17 03:16:16,958 [INFO] gaitguard.main: FPS=20.8 | tracks=1 | alerts=0
2025-11-17 03:16:18,750 [INFO] gaitguard.main: FPS=20.6 | tracks=1 | alerts=0
2025-11-17 03:16:20,641 [INFO] gaitguard.main: FPS=20.4 | tracks=1 | alerts=0
2025-11-17 03:16:22,436 [INFO] gaitguard.main: FPS=20.3 | tracks=1 | alerts=0
2025-11-17 03:16:24,012 [INFO] gaitguard.main: FPS=20.3 | tracks=1 | alerts=0
2025-11-17 03:16:26,001 [INFO] gaitguard.main: FPS=20.1 | tracks=1 | alerts=0
2025-11-17 03:16:27,838 [INFO] gaitguard.main: FPS=19.9 | tracks=1 | alerts=0
2025-11-17 03:16:29,641 [INFO] gaitguard.main: FPS=19.8 | tracks=1 | alerts=0
2025-11-17 03:16:31,428 [INFO] gaitguard.main: FPS=19.7 | tracks=1 | alerts=0
2025-11-17 03:16:33,502 [INFO] gaitguard.main: FPS=19.6 | tracks=1 | alerts=0
2025-11-17 03:16:35,366 [INFO] gaitguard.main: FPS=19.5 | tracks=1 | alerts=0
2025-11-17 03:16:37,137 [INFO] gaitguard.main: FPS=19.4 | tracks=1 | alerts=0
2025-11-17 03:16:38,946 [INFO] gaitguard.main: FPS=19.3 | tracks=1 | alerts=0
2025-11-17 03:16:40,759 [INFO] gaitguard.main: FPS=19.2 | tracks=1 | alerts=0
2025-11-17 03:16:42,575 [INFO] gaitguard.main: FPS=19.2 | tracks=1 | alerts=0
2025-11-17 03:16:44,376 [INFO] gaitguard.main: FPS=19.1 | tracks=1 | alerts=0
2025-11-17 03:16:46,490 [INFO] gaitguard.main: GaitGuard pipeline stopped.
2025-11-17 03:19:43,750 [INFO] gaitguard.device: Using CUDA device: NVIDIA GeForce RTX 3050 6GB Laptop GPU
2025-11-17 03:19:43,750 [INFO] gaitguard.main: Runtime device=cuda | half=True
2025-11-17 03:19:43,750 [INFO] perception.detector: Loading YOLO model 'yolo11n.pt' on device 'cuda'
2025-11-17 03:19:44,699 [INFO] perception.detector: YOLO model loaded in FP16 on CUDA
2025-11-17 03:19:44,699 [INFO] perception.detector: YOLO model ready
2025-11-17 03:19:44,702 [INFO] perception.perception_engine: Phase-1 PerceptionEngine initialized.
2025-11-17 03:19:44,702 [INFO] gaitguard.device: Using CUDA device: NVIDIA GeForce RTX 3050 6GB Laptop GPU
2025-11-17 03:19:44,703 [INFO] face.config: FaceConfig initialised | device=cuda half=True | gallery=C:\Users\ildi\Desktop\GaitGuard\data\face_gallery.enc | dim=512 metric=cosine | q_enroll=0.60 q_embed=0.60 q_runtime=0.55 strong_dist=0.850 weak_dist=0.930
2025-11-17 03:19:44,704 [INFO] face.detector_align: Initialising FaceDetectorAligner with pack=buffalo_l ctx_id=0 det_size=(640, 640) providers=['CUDAExecutionProvider', 'CPUExecutionProvider']
2025-11-17 03:19:45,649 [INFO] face.route: FaceRoute initialised | lookback=2.0s max_entries=30 every_n_frames=5
2025-11-17 03:19:45,679 [INFO] identity.crypto: Loaded AES key from env var 'GAITGUARD_FACE_KEY' (length=32 bytes, fp=4e401724).
2025-11-17 03:19:45,686 [INFO] identity.face_gallery: Face gallery loaded from C:\Users\ildi\Desktop\GaitGuard\data\face_gallery.enc (persons=1).
2025-11-17 03:19:45,686 [INFO] identity.identity_engine: FaceIdentityEngine initialised | strong_match_dist=0.850 weak_match_dist=0.930 min_q_runtime=0.550 confirm=3 switch=4 lookback=2.0s
2025-11-17 03:19:50,524 [INFO] gaitguard.main: GaitGuard pipeline (Phase-1 + Face 2A) started. Press ESC to exit.
2025-11-17 03:19:52,631 [INFO] gaitguard.main: FPS=14.5 | tracks=1 | alerts=0
2025-11-17 03:19:54,078 [INFO] identity.face_gallery: Face gallery FAISS index rebuilt (templates=15).
2025-11-17 03:19:54,436 [INFO] gaitguard.main: FPS=15.5 | tracks=2 | alerts=0
2025-11-17 03:19:55,930 [INFO] gaitguard.main: FPS=16.8 | tracks=1 | alerts=0
2025-11-17 03:19:57,682 [INFO] gaitguard.main: FPS=16.8 | tracks=2 | alerts=0
2025-11-17 03:19:58,753 [INFO] gaitguard.main: FPS=18.3 | tracks=0 | alerts=0
2025-11-17 03:20:00,083 [INFO] gaitguard.main: FPS=18.9 | tracks=1 | alerts=0
2025-11-17 03:20:02,123 [INFO] gaitguard.main: FPS=18.3 | tracks=3 | alerts=0
2025-11-17 03:20:04,020 [INFO] gaitguard.main: FPS=17.8 | tracks=1 | alerts=0
2025-11-17 03:20:05,862 [INFO] gaitguard.main: FPS=17.7 | tracks=1 | alerts=0
2025-11-17 03:20:07,493 [INFO] gaitguard.main: FPS=17.7 | tracks=1 | alerts=0
2025-11-17 03:20:09,144 [INFO] gaitguard.main: FPS=17.8 | tracks=1 | alerts=0
2025-11-17 03:20:10,953 [INFO] gaitguard.main: FPS=17.6 | tracks=1 | alerts=0
2025-11-17 03:20:12,759 [INFO] gaitguard.main: FPS=17.6 | tracks=1 | alerts=0
2025-11-17 03:20:14,565 [INFO] gaitguard.main: FPS=17.5 | tracks=1 | alerts=0
2025-11-17 03:20:16,439 [INFO] gaitguard.main: FPS=17.4 | tracks=1 | alerts=0
2025-11-17 03:20:18,307 [INFO] gaitguard.main: FPS=17.3 | tracks=1 | alerts=0
2025-11-17 03:20:20,124 [INFO] gaitguard.main: GaitGuard pipeline stopped.
2025-11-17 14:15:55,443 [INFO] gaitguard.device: Using CUDA device: NVIDIA GeForce RTX 3050 6GB Laptop GPU
2025-11-17 14:15:55,469 [INFO] gaitguard.main: Runtime device=cuda | half=True
2025-11-17 14:15:55,469 [INFO] perception.detector: Loading YOLO model 'yolo11n.pt' on device 'cuda'
2025-11-17 14:15:57,423 [INFO] perception.detector: YOLO model loaded in FP16 on CUDA
2025-11-17 14:15:57,424 [INFO] perception.detector: YOLO model ready
2025-11-17 14:15:57,425 [INFO] perception.perception_engine: Phase-1 PerceptionEngine initialized.
2025-11-17 14:15:57,425 [INFO] gaitguard.device: Using CUDA device: NVIDIA GeForce RTX 3050 6GB Laptop GPU
2025-11-17 14:15:57,425 [INFO] face.config: FaceConfig initialised | device=cuda half=True | gallery=C:\Users\ildi\Desktop\GaitGuard\data\face_gallery.enc | dim=512 metric=cosine | q_enroll=0.60 q_embed=0.60 q_runtime=0.55 strong_dist=0.850 weak_dist=0.930
2025-11-17 14:15:57,425 [INFO] face.detector_align: Initialising FaceDetectorAligner with pack=buffalo_l ctx_id=0 det_size=(640, 640) providers=['CUDAExecutionProvider', 'CPUExecutionProvider']
2025-11-17 14:15:58,397 [INFO] face.route: FaceRoute initialised | lookback=2.0s max_entries=30 every_n_frames=5
2025-11-17 14:15:58,397 [INFO] identity.crypto: Loaded AES key from env var 'GAITGUARD_FACE_KEY' (length=32 bytes, fp=4e401724).
2025-11-17 14:15:58,413 [INFO] identity.face_gallery: Face gallery loaded from C:\Users\ildi\Desktop\GaitGuard\data\face_gallery.enc (persons=2).
2025-11-17 14:15:58,415 [INFO] identity.identity_engine: FaceIdentityEngine initialised | strong_match_dist=0.850 weak_match_dist=0.930 min_q_runtime=0.550 confirm=3 switch=4 lookback=2.0s
2025-11-17 14:16:03,608 [INFO] gaitguard.main: GaitGuard pipeline (Phase-1 + Face 2A) started. Press ESC to exit.
2025-11-17 14:16:06,283 [INFO] gaitguard.main: FPS=11.3 | tracks=2 | alerts=0
2025-11-17 14:16:07,673 [INFO] gaitguard.main: FPS=14.9 | tracks=3 | alerts=0
2025-11-17 14:16:09,229 [INFO] gaitguard.main: FPS=16.2 | tracks=3 | alerts=0
2025-11-17 14:16:10,586 [INFO] gaitguard.main: FPS=17.3 | tracks=3 | alerts=0
2025-11-17 14:16:12,072 [INFO] gaitguard.main: FPS=17.8 | tracks=2 | alerts=0
2025-11-17 14:16:13,696 [INFO] gaitguard.main: FPS=17.9 | tracks=3 | alerts=0
2025-11-17 14:16:15,076 [INFO] gaitguard.main: FPS=18.3 | tracks=1 | alerts=0
2025-11-17 14:16:16,401 [INFO] gaitguard.main: FPS=18.8 | tracks=3 | alerts=0
2025-11-17 14:16:17,739 [INFO] gaitguard.main: FPS=19.2 | tracks=1 | alerts=0
2025-11-17 14:16:18,988 [INFO] gaitguard.main: FPS=19.6 | tracks=2 | alerts=0
2025-11-17 14:16:20,384 [INFO] gaitguard.main: FPS=19.7 | tracks=3 | alerts=0
2025-11-17 14:16:21,541 [INFO] gaitguard.main: FPS=20.1 | tracks=2 | alerts=0
2025-11-17 14:16:22,800 [INFO] gaitguard.main: FPS=20.4 | tracks=3 | alerts=0
2025-11-17 14:16:24,083 [INFO] gaitguard.main: FPS=20.5 | tracks=2 | alerts=0
2025-11-17 14:16:25,489 [INFO] gaitguard.main: FPS=20.6 | tracks=2 | alerts=0
2025-11-17 14:16:26,845 [INFO] gaitguard.main: FPS=20.7 | tracks=1 | alerts=0
2025-11-17 14:16:28,103 [INFO] gaitguard.main: FPS=20.8 | tracks=2 | alerts=0
2025-11-17 14:16:29,470 [INFO] gaitguard.main: FPS=20.9 | tracks=1 | alerts=0
2025-11-17 14:16:30,876 [INFO] gaitguard.main: FPS=20.9 | tracks=2 | alerts=0
2025-11-17 14:16:32,151 [INFO] gaitguard.main: FPS=21.0 | tracks=3 | alerts=0
2025-11-17 14:16:33,488 [INFO] gaitguard.main: FPS=21.1 | tracks=2 | alerts=0
2025-11-17 14:16:34,484 [INFO] identity.face_gallery: Face gallery FAISS index rebuilt (templates=20).
2025-11-17 14:16:35,491 [INFO] gaitguard.main: FPS=20.7 | tracks=1 | alerts=0
2025-11-17 14:16:36,811 [INFO] gaitguard.main: FPS=20.8 | tracks=1 | alerts=0
2025-11-17 14:16:38,202 [INFO] gaitguard.main: FPS=20.8 | tracks=1 | alerts=0
2025-11-17 14:16:39,624 [INFO] gaitguard.main: FPS=20.8 | tracks=1 | alerts=0
2025-11-17 14:16:40,975 [INFO] gaitguard.main: FPS=20.9 | tracks=1 | alerts=0
2025-11-17 14:16:42,313 [INFO] gaitguard.main: FPS=20.9 | tracks=1 | alerts=0
2025-11-17 14:16:43,666 [INFO] gaitguard.main: FPS=21.0 | tracks=1 | alerts=0
2025-11-17 14:16:45,048 [INFO] gaitguard.main: FPS=21.0 | tracks=1 | alerts=0
2025-11-17 14:16:46,372 [INFO] gaitguard.main: FPS=21.1 | tracks=1 | alerts=0
2025-11-17 14:16:47,725 [INFO] gaitguard.main: FPS=21.1 | tracks=1 | alerts=0
2025-11-17 14:16:49,152 [INFO] gaitguard.main: FPS=21.1 | tracks=1 | alerts=0
2025-11-17 14:16:50,645 [INFO] gaitguard.main: FPS=21.1 | tracks=1 | alerts=0
2025-11-17 14:16:51,518 [INFO] gaitguard.main: GaitGuard pipeline stopped.
2025-11-17 14:19:03,969 [INFO] gaitguard.device: Using CUDA device: NVIDIA GeForce RTX 3050 6GB Laptop GPU
2025-11-17 14:19:03,969 [INFO] gaitguard.main: Runtime device=cuda | half=True
2025-11-17 14:19:03,969 [INFO] perception.detector: Loading YOLO model 'yolo11n.pt' on device 'cuda'
2025-11-17 14:19:05,063 [INFO] perception.detector: YOLO model loaded in FP16 on CUDA
2025-11-17 14:19:05,063 [INFO] perception.detector: YOLO model ready
2025-11-17 14:19:05,063 [INFO] perception.perception_engine: Phase-1 PerceptionEngine initialized.
2025-11-17 14:19:05,063 [INFO] gaitguard.device: Using CUDA device: NVIDIA GeForce RTX 3050 6GB Laptop GPU
2025-11-17 14:19:05,076 [INFO] face.config: FaceConfig initialised | device=cuda half=True | gallery=C:\Users\ildi\Desktop\GaitGuard\data\face_gallery.enc | dim=512 metric=cosine | q_enroll=0.60 q_embed=0.60 q_runtime=0.55 strong_dist=0.850 weak_dist=0.930
2025-11-17 14:19:05,076 [INFO] face.detector_align: Initialising FaceDetectorAligner with pack=buffalo_l ctx_id=0 det_size=(640, 640) providers=['CUDAExecutionProvider', 'CPUExecutionProvider']
2025-11-17 14:19:05,982 [INFO] face.route: FaceRoute initialised | lookback=2.0s max_entries=30 every_n_frames=5
2025-11-17 14:19:05,998 [INFO] identity.crypto: Loaded AES key from env var 'GAITGUARD_FACE_KEY' (length=32 bytes, fp=4e401724).
2025-11-17 14:19:06,005 [INFO] identity.face_gallery: Face gallery loaded from C:\Users\ildi\Desktop\GaitGuard\data\face_gallery.enc (persons=1).
2025-11-17 14:19:06,005 [INFO] identity.identity_engine: FaceIdentityEngine initialised | strong_match_dist=0.850 weak_match_dist=0.930 min_q_runtime=0.550 confirm=3 switch=4 lookback=2.0s
2025-11-17 14:19:11,339 [INFO] gaitguard.main: GaitGuard pipeline (Phase-1 + Face 2A) started. Press ESC to exit.
2025-11-17 14:19:13,650 [INFO] gaitguard.main: FPS=13.1 | tracks=1 | alerts=0
2025-11-17 14:19:15,203 [INFO] identity.face_gallery: Face gallery FAISS index rebuilt (templates=15).
2025-11-17 14:19:15,271 [INFO] gaitguard.main: FPS=15.4 | tracks=1 | alerts=0
2025-11-17 14:19:16,623 [INFO] gaitguard.main: FPS=17.1 | tracks=1 | alerts=0
2025-11-17 14:19:17,966 [INFO] gaitguard.main: FPS=18.2 | tracks=1 | alerts=0
2025-11-17 14:19:19,381 [INFO] gaitguard.main: FPS=18.7 | tracks=1 | alerts=0
2025-11-17 14:19:20,929 [INFO] gaitguard.main: FPS=18.8 | tracks=1 | alerts=0
2025-11-17 14:19:22,375 [INFO] gaitguard.main: GaitGuard pipeline stopped.
2025-11-17 14:20:53,171 [INFO] gaitguard.device: Using CUDA device: NVIDIA GeForce RTX 3050 6GB Laptop GPU
2025-11-17 14:20:53,171 [INFO] gaitguard.main: Runtime device=cuda | half=True
2025-11-17 14:20:53,171 [INFO] perception.detector: Loading YOLO model 'yolo11n.pt' on device 'cuda'
2025-11-17 14:20:54,318 [INFO] perception.detector: YOLO model loaded in FP16 on CUDA
2025-11-17 14:20:54,318 [INFO] perception.detector: YOLO model ready
2025-11-17 14:20:54,318 [INFO] perception.perception_engine: Phase-1 PerceptionEngine initialized.
2025-11-17 14:20:54,318 [INFO] gaitguard.device: Using CUDA device: NVIDIA GeForce RTX 3050 6GB Laptop GPU
2025-11-17 14:20:54,318 [INFO] face.config: FaceConfig initialised | device=cuda half=True | gallery=C:\Users\ildi\Desktop\GaitGuard\data\face_gallery.enc | dim=512 metric=cosine | q_enroll=0.60 q_embed=0.60 q_runtime=0.55 strong_dist=0.850 weak_dist=0.930
2025-11-17 14:20:54,318 [INFO] face.detector_align: Initialising FaceDetectorAligner with pack=buffalo_l ctx_id=0 det_size=(640, 640) providers=['CUDAExecutionProvider', 'CPUExecutionProvider']
2025-11-17 14:20:55,240 [INFO] face.route: FaceRoute initialised | lookback=2.0s max_entries=30 every_n_frames=5
2025-11-17 14:20:55,254 [INFO] identity.crypto: Loaded AES key from env var 'GAITGUARD_FACE_KEY' (length=32 bytes, fp=4e401724).
2025-11-17 14:20:55,260 [INFO] identity.face_gallery: Face gallery loaded from C:\Users\ildi\Desktop\GaitGuard\data\face_gallery.enc (persons=2).
2025-11-17 14:20:55,263 [INFO] identity.identity_engine: FaceIdentityEngine initialised | strong_match_dist=0.850 weak_match_dist=0.930 min_q_runtime=0.550 confirm=3 switch=4 lookback=2.0s
2025-11-17 14:21:00,345 [INFO] gaitguard.main: GaitGuard pipeline (Phase-1 + Face 2A) started. Press ESC to exit.
2025-11-17 14:21:02,306 [INFO] identity.face_gallery: Face gallery FAISS index rebuilt (templates=20).
2025-11-17 14:21:03,347 [INFO] gaitguard.main: FPS=10.1 | tracks=1 | alerts=0
2025-11-17 14:21:04,703 [INFO] gaitguard.main: FPS=13.9 | tracks=1 | alerts=0
2025-11-17 14:21:06,065 [INFO] gaitguard.main: FPS=15.8 | tracks=1 | alerts=0
2025-11-17 14:21:07,456 [INFO] gaitguard.main: FPS=17.0 | tracks=1 | alerts=0
2025-11-17 14:21:08,893 [INFO] gaitguard.main: FPS=17.6 | tracks=1 | alerts=0
2025-11-17 14:21:10,225 [INFO] gaitguard.main: FPS=18.3 | tracks=1 | alerts=0
2025-11-17 14:21:11,640 [INFO] gaitguard.main: FPS=18.7 | tracks=1 | alerts=0
2025-11-17 14:21:13,036 [INFO] gaitguard.main: FPS=19.0 | tracks=1 | alerts=0
2025-11-17 14:21:14,138 [INFO] gaitguard.main: FPS=19.6 | tracks=1 | alerts=0
2025-11-17 14:21:15,259 [INFO] gaitguard.main: FPS=20.2 | tracks=0 | alerts=0
2025-11-17 14:21:16,324 [INFO] gaitguard.main: FPS=20.7 | tracks=0 | alerts=0
2025-11-17 14:21:17,343 [INFO] gaitguard.main: FPS=21.2 | tracks=0 | alerts=0
2025-11-17 14:21:18,580 [INFO] gaitguard.main: FPS=21.4 | tracks=1 | alerts=0
2025-11-17 14:21:19,973 [INFO] gaitguard.main: FPS=21.4 | tracks=1 | alerts=0
2025-11-17 14:21:21,420 [INFO] gaitguard.main: FPS=21.4 | tracks=1 | alerts=0
2025-11-17 14:21:22,713 [INFO] gaitguard.main: FPS=21.5 | tracks=1 | alerts=0
2025-11-17 14:21:24,040 [INFO] gaitguard.main: FPS=21.6 | tracks=1 | alerts=0
2025-11-17 14:21:25,314 [INFO] gaitguard.main: FPS=21.7 | tracks=1 | alerts=0
2025-11-17 14:21:26,564 [INFO] gaitguard.main: FPS=21.8 | tracks=1 | alerts=0
2025-11-17 14:21:27,817 [INFO] gaitguard.main: FPS=21.9 | tracks=1 | alerts=0
2025-11-17 14:21:29,195 [INFO] gaitguard.main: FPS=21.9 | tracks=1 | alerts=0
2025-11-17 14:21:30,330 [INFO] gaitguard.main: FPS=22.0 | tracks=1 | alerts=0
2025-11-17 14:21:31,710 [INFO] gaitguard.main: FPS=22.0 | tracks=1 | alerts=0
2025-11-17 14:21:33,077 [INFO] gaitguard.main: FPS=22.0 | tracks=1 | alerts=0
2025-11-17 14:21:34,829 [INFO] gaitguard.main: GaitGuard pipeline stopped.
2025-11-17 14:38:46,105 [INFO] gaitguard.device: Using CUDA device: NVIDIA GeForce RTX 3050 6GB Laptop GPU
2025-11-17 14:38:46,105 [INFO] gaitguard.main: Runtime device=cuda | half=True
2025-11-17 14:38:46,105 [INFO] perception.detector: Loading YOLO model 'yolo11n.pt' on device 'cuda'
2025-11-17 14:38:47,257 [INFO] perception.detector: YOLO model loaded in FP16 on CUDA
2025-11-17 14:38:47,257 [INFO] perception.detector: YOLO model ready
2025-11-17 14:38:47,257 [INFO] perception.perception_engine: Phase-1 PerceptionEngine initialized.
2025-11-17 14:38:47,257 [INFO] gaitguard.device: Using CUDA device: NVIDIA GeForce RTX 3050 6GB Laptop GPU
2025-11-17 14:38:47,260 [INFO] face.config: FaceConfig initialised | device=cuda half=True | gallery=C:\Users\ildi\Desktop\GaitGuard\data\face_gallery.enc | dim=512 metric=cosine | q_enroll=0.60 q_embed=0.60 q_runtime=0.55 strong_dist=0.850 weak_dist=0.930
2025-11-17 14:38:47,260 [INFO] face.detector_align: Initialising FaceDetectorAligner with pack=buffalo_l ctx_id=0 det_size=(640, 640) providers=['CUDAExecutionProvider', 'CPUExecutionProvider']
2025-11-17 14:38:48,269 [INFO] face.route: FaceRoute initialised | lookback=2.0s max_entries=30 every_n_frames=5
2025-11-17 14:38:48,277 [INFO] identity.crypto: Loaded AES key from env var 'GAITGUARD_FACE_KEY' (length=32 bytes, fp=4e401724).
2025-11-17 14:38:48,295 [INFO] identity.face_gallery: Face gallery loaded from C:\Users\ildi\Desktop\GaitGuard\data\face_gallery.enc (persons=3).
2025-11-17 14:38:48,295 [INFO] identity.identity_engine: FaceIdentityEngine initialised | strong_match_dist=0.850 weak_match_dist=0.930 min_q_runtime=0.550 confirm=3 switch=4 lookback=2.0s
2025-11-17 14:38:53,398 [INFO] gaitguard.main: GaitGuard pipeline (Phase-1 + Face 2A) started. Press ESC to exit.
2025-11-17 14:38:55,083 [INFO] identity.face_gallery: Face gallery FAISS index rebuilt (templates=25).
2025-11-17 14:38:56,322 [INFO] gaitguard.main: FPS=10.4 | tracks=1 | alerts=0
2025-11-17 14:38:57,665 [INFO] gaitguard.main: FPS=14.2 | tracks=1 | alerts=0
2025-11-17 14:38:59,017 [INFO] gaitguard.main: FPS=16.1 | tracks=1 | alerts=0
2025-11-17 14:39:00,393 [INFO] gaitguard.main: FPS=17.2 | tracks=1 | alerts=0
2025-11-17 14:39:01,629 [INFO] gaitguard.main: GaitGuard pipeline stopped.
2025-11-17 15:26:30,144 [INFO] gaitguard.device: Using CUDA device: NVIDIA GeForce RTX 3050 6GB Laptop GPU
2025-11-17 15:26:30,144 [INFO] gaitguard.main: Runtime device=cuda | half=True
2025-11-17 15:26:30,144 [INFO] perception.detector: Loading YOLO model 'yolo11n.pt' on device 'cuda'
2025-11-17 15:26:31,129 [INFO] perception.detector: YOLO model loaded in FP16 on CUDA
2025-11-17 15:26:31,129 [INFO] perception.detector: YOLO model ready
2025-11-17 15:26:31,129 [INFO] perception.perception_engine: Phase-1 PerceptionEngine initialized.
2025-11-17 15:26:31,129 [INFO] gaitguard.device: Using CUDA device: NVIDIA GeForce RTX 3050 6GB Laptop GPU
2025-11-17 15:26:31,144 [INFO] face.config: FaceConfig initialised | device=cuda half=True | gallery=C:\Users\ildi\Desktop\GaitGuard\data\face_gallery.enc | dim=512 metric=cosine | q_enroll=0.60 q_embed=0.60 q_runtime=0.55 strong_dist=0.850 weak_dist=0.930
2025-11-17 15:26:31,144 [INFO] face.detector_align: Initialising FaceDetectorAligner with pack=buffalo_l ctx_id=0 det_size=(640, 640) providers=['CUDAExecutionProvider', 'CPUExecutionProvider']
2025-11-17 15:26:32,020 [INFO] face.route: FaceRoute initialised | lookback=2.0s max_entries=30 every_n_frames=5
2025-11-17 15:26:32,020 [INFO] identity.crypto: Loaded AES key from env var 'GAITGUARD_FACE_KEY' (length=32 bytes, fp=4e401724).
2025-11-17 15:26:32,029 [INFO] identity.face_gallery: Face gallery loaded from C:\Users\ildi\Desktop\GaitGuard\data\face_gallery.enc (persons=3).
2025-11-17 15:26:32,030 [INFO] identity.identity_engine: FaceIdentityEngine initialised | strong_match_dist=0.850 weak_match_dist=0.930 min_q_runtime=0.550 confirm=3 switch=4 lookback=2.0s
2025-11-17 15:26:37,308 [INFO] gaitguard.main: GaitGuard pipeline (Phase-1 + Face 2A) started. Press ESC to exit.
2025-11-17 15:26:39,716 [INFO] gaitguard.main: FPS=12.7 | tracks=1 | alerts=0
2025-11-17 15:26:40,981 [INFO] gaitguard.main: FPS=16.5 | tracks=1 | alerts=0
2025-11-17 15:26:42,440 [INFO] identity.face_gallery: Face gallery FAISS index rebuilt (templates=25).
2025-11-17 15:26:42,739 [INFO] gaitguard.main: FPS=16.7 | tracks=1 | alerts=0
2025-11-17 15:26:44,108 [INFO] gaitguard.main: FPS=17.7 | tracks=1 | alerts=0
2025-11-17 15:26:45,501 [INFO] gaitguard.main: FPS=18.4 | tracks=1 | alerts=0
2025-11-17 15:26:46,905 [INFO] gaitguard.main: FPS=18.8 | tracks=1 | alerts=0
2025-11-17 15:26:48,260 [INFO] gaitguard.main: FPS=19.2 | tracks=1 | alerts=0
2025-11-17 15:26:49,594 [INFO] gaitguard.main: FPS=19.6 | tracks=1 | alerts=0
2025-11-17 15:26:50,952 [INFO] gaitguard.main: FPS=19.8 | tracks=1 | alerts=0
2025-11-17 15:26:52,347 [INFO] gaitguard.main: FPS=20.0 | tracks=1 | alerts=0
2025-11-17 15:26:53,726 [INFO] gaitguard.main: FPS=20.1 | tracks=1 | alerts=0
2025-11-17 15:26:55,055 [INFO] gaitguard.main: FPS=20.3 | tracks=1 | alerts=0
2025-11-17 15:26:56,430 [INFO] gaitguard.main: FPS=20.4 | tracks=1 | alerts=0
2025-11-17 15:26:57,794 [INFO] gaitguard.main: FPS=20.5 | tracks=1 | alerts=0
2025-11-17 15:26:59,433 [INFO] gaitguard.main: GaitGuard pipeline stopped.
2025-11-17 23:21:38,948 [INFO] gaitguard.device: Using CUDA device: NVIDIA GeForce RTX 3050 6GB Laptop GPU
2025-11-17 23:21:38,948 [INFO] gaitguard.main: Runtime device=cuda | half=True
2025-11-17 23:21:38,948 [INFO] perception.detector: Loading YOLO model 'yolo11n.pt' on device 'cuda'
2025-11-17 23:21:39,960 [INFO] perception.detector: YOLO model loaded in FP16 on CUDA
2025-11-17 23:21:39,960 [INFO] perception.detector: YOLO model ready
2025-11-17 23:21:39,960 [INFO] perception.perception_engine: Phase-1 PerceptionEngine initialized.
2025-11-17 23:21:39,960 [INFO] gaitguard.device: Using CUDA device: NVIDIA GeForce RTX 3050 6GB Laptop GPU
2025-11-17 23:21:39,960 [INFO] face.config: FaceConfig initialised | device=cuda half=True | gallery=C:\Users\ildi\Desktop\GaitGuard\data\face_gallery.enc | dim=512 metric=cosine | q_enroll=0.60 q_embed=0.60 q_runtime=0.55 strong_dist=0.850 weak_dist=0.930 | route(lookback=2.0s, max_entries=30, every_n=5, min_interval_ms=150)
2025-11-17 23:21:39,962 [INFO] face.detector_align: Initialising FaceDetectorAligner with pack=buffalo_l ctx_id=0 det_size=(640, 640) providers=['CUDAExecutionProvider', 'CPUExecutionProvider']
2025-11-17 23:21:40,851 [INFO] face.route: FaceRoute initialised | lookback=2.0s max_entries=30 every_n_frames=5
2025-11-17 23:21:40,851 [INFO] identity.crypto: Loaded AES key from env var 'GAITGUARD_FACE_KEY' (length=32 bytes, fp=4e401724).
2025-11-17 23:21:40,870 [INFO] identity.face_gallery: Face gallery loaded from C:\Users\ildi\Desktop\GaitGuard\data\face_gallery.enc (persons=3).
2025-11-17 23:21:40,870 [INFO] identity.identity_engine: FaceIdentityEngine initialised | strong_match_dist=0.850 weak_match_dist=0.930 min_q_runtime=0.550 confirm=3 switch=4 lookback=2.0s half_life=2.0s stale_after=6.0s
2025-11-17 23:21:45,743 [INFO] gaitguard.main: GaitGuard pipeline (Phase-1 + Face 2A) started. Press ESC to exit.
2025-11-17 23:21:47,909 [INFO] gaitguard.main: FPS=14.2 | tracks=1 | alerts=0
2025-11-17 23:21:49,557 [INFO] identity.face_gallery: Face gallery FAISS index rebuilt (templates=25).
2025-11-17 23:21:49,628 [INFO] gaitguard.main: FPS=15.6 | tracks=1 | alerts=0
2025-11-17 23:21:51,219 [INFO] gaitguard.main: FPS=16.5 | tracks=1 | alerts=0
2025-11-17 23:21:53,071 [INFO] gaitguard.main: FPS=16.5 | tracks=1 | alerts=0
2025-11-17 23:21:54,887 [INFO] gaitguard.main: FPS=16.5 | tracks=1 | alerts=0
2025-11-17 23:21:56,771 [INFO] gaitguard.main: FPS=16.4 | tracks=1 | alerts=0
2025-11-17 23:21:58,653 [INFO] gaitguard.main: FPS=16.3 | tracks=1 | alerts=0
2025-11-17 23:22:00,485 [INFO] gaitguard.main: FPS=16.3 | tracks=1 | alerts=0
2025-11-17 23:22:02,286 [INFO] gaitguard.main: FPS=16.3 | tracks=1 | alerts=0
2025-11-17 23:22:04,217 [INFO] gaitguard.main: FPS=16.3 | tracks=1 | alerts=0
2025-11-17 23:22:06,016 [INFO] gaitguard.main: FPS=16.3 | tracks=1 | alerts=0
2025-11-17 23:22:07,876 [INFO] gaitguard.main: FPS=16.3 | tracks=1 | alerts=0
2025-11-17 23:22:09,765 [INFO] gaitguard.main: FPS=16.3 | tracks=1 | alerts=0
2025-11-17 23:22:11,555 [INFO] gaitguard.main: FPS=16.3 | tracks=1 | alerts=0
2025-11-17 23:22:13,353 [INFO] gaitguard.main: FPS=16.3 | tracks=1 | alerts=0
2025-11-17 23:22:15,171 [INFO] gaitguard.main: FPS=16.3 | tracks=1 | alerts=0
2025-11-17 23:22:17,098 [INFO] gaitguard.main: FPS=16.3 | tracks=1 | alerts=0
2025-11-17 23:22:18,945 [INFO] gaitguard.main: FPS=16.3 | tracks=2 | alerts=0
2025-11-17 23:22:20,732 [INFO] gaitguard.main: FPS=16.3 | tracks=1 | alerts=0
2025-11-17 23:22:22,557 [INFO] gaitguard.main: FPS=16.3 | tracks=1 | alerts=0
2025-11-17 23:22:24,348 [INFO] gaitguard.main: FPS=16.3 | tracks=1 | alerts=0
2025-11-17 23:22:26,186 [INFO] gaitguard.main: FPS=16.3 | tracks=1 | alerts=0
2025-11-17 23:22:27,966 [INFO] gaitguard.main: FPS=16.4 | tracks=1 | alerts=0
2025-11-17 23:22:29,766 [INFO] gaitguard.main: FPS=16.4 | tracks=1 | alerts=0
2025-11-17 23:22:31,630 [INFO] gaitguard.main: FPS=16.4 | tracks=1 | alerts=0
2025-11-17 23:22:33,483 [INFO] gaitguard.main: FPS=16.3 | tracks=1 | alerts=0
2025-11-17 23:22:35,359 [INFO] gaitguard.main: FPS=16.3 | tracks=1 | alerts=0
2025-11-17 23:22:37,164 [INFO] gaitguard.main: FPS=16.3 | tracks=1 | alerts=0
2025-11-17 23:22:39,020 [INFO] gaitguard.main: FPS=16.3 | tracks=2 | alerts=0
2025-11-17 23:22:40,893 [INFO] gaitguard.main: FPS=16.3 | tracks=1 | alerts=0
2025-11-17 23:22:42,701 [INFO] gaitguard.main: FPS=16.3 | tracks=2 | alerts=0
2025-11-17 23:22:44,500 [INFO] gaitguard.main: FPS=16.3 | tracks=1 | alerts=0
2025-11-17 23:22:46,353 [INFO] gaitguard.main: FPS=16.3 | tracks=1 | alerts=0
2025-11-17 23:22:48,232 [INFO] gaitguard.main: FPS=16.3 | tracks=1 | alerts=0
2025-11-17 23:22:50,155 [INFO] gaitguard.main: FPS=16.3 | tracks=1 | alerts=0
2025-11-17 23:22:52,012 [INFO] gaitguard.main: FPS=16.3 | tracks=1 | alerts=0
2025-11-17 23:22:53,818 [INFO] gaitguard.main: FPS=16.3 | tracks=1 | alerts=0
2025-11-17 23:22:55,629 [INFO] gaitguard.main: FPS=16.3 | tracks=1 | alerts=0
2025-11-17 23:22:57,437 [INFO] gaitguard.main: FPS=16.3 | tracks=1 | alerts=0
2025-11-17 23:22:59,229 [INFO] gaitguard.main: FPS=16.3 | tracks=1 | alerts=0
2025-11-17 23:23:01,104 [INFO] gaitguard.main: FPS=16.3 | tracks=1 | alerts=0
2025-11-17 23:23:02,922 [INFO] gaitguard.main: FPS=16.3 | tracks=1 | alerts=0
2025-11-17 23:23:04,768 [INFO] gaitguard.main: FPS=16.3 | tracks=1 | alerts=0
2025-11-17 23:23:06,585 [INFO] gaitguard.main: FPS=16.3 | tracks=1 | alerts=0
2025-11-17 23:23:08,381 [INFO] gaitguard.main: FPS=16.3 | tracks=1 | alerts=0
2025-11-17 23:23:10,366 [INFO] gaitguard.main: FPS=16.3 | tracks=1 | alerts=0
2025-11-17 23:23:12,171 [INFO] gaitguard.main: FPS=16.3 | tracks=1 | alerts=0
2025-11-17 23:23:14,027 [INFO] gaitguard.main: FPS=16.3 | tracks=1 | alerts=0
2025-11-17 23:23:15,898 [INFO] gaitguard.main: FPS=16.3 | tracks=1 | alerts=0
2025-11-17 23:23:17,782 [INFO] gaitguard.main: FPS=16.3 | tracks=1 | alerts=0
2025-11-17 23:23:19,578 [INFO] gaitguard.main: FPS=16.3 | tracks=1 | alerts=0
2025-11-17 23:23:21,375 [INFO] gaitguard.main: FPS=16.3 | tracks=1 | alerts=0
2025-11-17 23:23:23,181 [INFO] gaitguard.main: FPS=16.3 | tracks=1 | alerts=0
2025-11-17 23:23:24,987 [INFO] gaitguard.main: FPS=16.3 | tracks=1 | alerts=0
2025-11-17 23:23:26,844 [INFO] gaitguard.main: FPS=16.3 | tracks=1 | alerts=0
2025-11-17 23:23:28,653 [INFO] gaitguard.main: FPS=16.3 | tracks=1 | alerts=0
2025-11-17 23:23:30,524 [INFO] gaitguard.main: FPS=16.3 | tracks=1 | alerts=0
2025-11-17 23:23:32,316 [INFO] gaitguard.main: FPS=16.3 | tracks=1 | alerts=0
2025-11-17 23:23:34,127 [INFO] gaitguard.main: FPS=16.3 | tracks=1 | alerts=0
2025-11-17 23:23:35,931 [INFO] gaitguard.main: FPS=16.3 | tracks=1 | alerts=0
2025-11-17 23:23:37,730 [INFO] gaitguard.main: FPS=16.3 | tracks=1 | alerts=0
2025-11-17 23:23:39,533 [INFO] gaitguard.main: FPS=16.3 | tracks=1 | alerts=0
2025-11-17 23:23:41,340 [INFO] gaitguard.main: FPS=16.4 | tracks=1 | alerts=0
2025-11-17 23:23:43,216 [INFO] gaitguard.main: FPS=16.3 | tracks=1 | alerts=0
2025-11-17 23:23:45,133 [INFO] gaitguard.main: FPS=16.3 | tracks=1 | alerts=0
2025-11-17 23:23:46,990 [INFO] gaitguard.main: FPS=16.3 | tracks=1 | alerts=0
2025-11-17 23:23:48,796 [INFO] gaitguard.main: FPS=16.3 | tracks=1 | alerts=0
2025-11-17 23:23:50,669 [INFO] gaitguard.main: FPS=16.3 | tracks=1 | alerts=0
2025-11-17 23:23:52,545 [INFO] gaitguard.main: FPS=16.3 | tracks=1 | alerts=0
2025-11-17 23:23:54,405 [INFO] gaitguard.main: FPS=16.3 | tracks=1 | alerts=0
2025-11-17 23:23:56,204 [INFO] gaitguard.main: FPS=16.3 | tracks=1 | alerts=0
2025-11-17 23:23:57,996 [INFO] gaitguard.main: FPS=16.3 | tracks=1 | alerts=0
2025-11-17 23:23:59,805 [INFO] gaitguard.main: FPS=16.3 | tracks=1 | alerts=0
2025-11-17 23:24:01,615 [INFO] gaitguard.main: FPS=16.3 | tracks=1 | alerts=0
2025-11-17 23:24:03,427 [INFO] gaitguard.main: FPS=16.3 | tracks=1 | alerts=0
2025-11-17 23:24:05,305 [INFO] gaitguard.main: FPS=16.3 | tracks=1 | alerts=0
2025-11-17 23:24:07,096 [INFO] gaitguard.main: FPS=16.3 | tracks=1 | alerts=0
2025-11-17 23:24:08,982 [INFO] gaitguard.main: FPS=16.3 | tracks=1 | alerts=0
2025-11-17 23:24:10,749 [INFO] gaitguard.main: FPS=16.3 | tracks=1 | alerts=0
2025-11-17 23:24:12,589 [INFO] gaitguard.main: FPS=16.4 | tracks=1 | alerts=0
2025-11-17 23:24:14,429 [INFO] gaitguard.main: FPS=16.3 | tracks=1 | alerts=0
2025-11-17 23:24:16,285 [INFO] gaitguard.main: FPS=16.3 | tracks=1 | alerts=0
2025-11-17 23:24:18,093 [INFO] gaitguard.main: FPS=16.3 | tracks=1 | alerts=0
2025-11-17 23:24:19,911 [INFO] gaitguard.main: FPS=16.3 | tracks=1 | alerts=0
2025-11-17 23:24:21,698 [INFO] gaitguard.main: FPS=16.4 | tracks=1 | alerts=0
2025-11-17 23:24:23,641 [INFO] gaitguard.main: FPS=16.3 | tracks=1 | alerts=0
2025-11-18 11:15:23,617 [INFO] gaitguard.device: Using CUDA device: NVIDIA GeForce RTX 3050 6GB Laptop GPU
2025-11-18 11:15:23,620 [INFO] gaitguard.main: Runtime device=cuda | half=True
2025-11-18 11:15:23,620 [INFO] perception.detector: Loading YOLO model 'yolo11n.pt' on device 'cuda'
2025-11-18 11:15:25,488 [INFO] perception.detector: YOLO model loaded in FP16 on CUDA
2025-11-18 11:15:25,488 [INFO] perception.detector: YOLO model ready
2025-11-18 11:15:25,488 [INFO] perception.perception_engine: Phase-1 PerceptionEngine initialized.
2025-11-18 11:15:25,488 [INFO] gaitguard.device: Using CUDA device: NVIDIA GeForce RTX 3050 6GB Laptop GPU
2025-11-18 11:15:25,490 [INFO] face.config: FaceConfig initialised | device=cuda half=True | gallery=C:\Users\ildi\Desktop\GaitGuard\data\face_gallery.enc | dim=512 metric=cosine | q_enroll=0.60 q_embed=0.60 q_runtime=0.55 strong_dist=0.850 weak_dist=0.930 | route(lookback=2.0s, max_entries=30, every_n=5, min_interval_ms=150)
2025-11-18 11:15:25,492 [INFO] face.detector_align: Initialising FaceDetectorAligner with pack=buffalo_l ctx_id=0 det_size=(640, 640) providers=['CUDAExecutionProvider', 'CPUExecutionProvider']
2025-11-18 11:15:26,778 [INFO] face.route: FaceRoute initialised | lookback=2.0s | max_entries=30 | every_n_frames=5 | min_interval_ms=150
2025-11-18 11:15:26,802 [ERROR] identity.face_gallery: Failed to decrypt face gallery at 'C:\Users\ildi\Desktop\GaitGuard\data\face_gallery.enc': Encryption key environment variable 'GAITGUARD_FACE_KEY' is not set. Generate a strong random key and set it, e.g.:
  export GAITGUARD_FACE_KEY="$(openssl rand -hex 32)" (env_var=GAITGUARD_FACE_KEY, key_fp=unknown). The on-disk file was NOT modified. Most likely causes: the encryption key changed after the gallery was created, or the file is corrupted. This gallery instance is now locked; it will not overwrite the file until you delete/reset it explicitly.
2025-11-18 11:15:26,803 [INFO] identity.identity_engine: FaceIdentityEngine initialised | strong_match_dist=0.850 weak_match_dist=0.930 min_q_runtime=0.550 confirm=3 switch=4 lookback=2.0s half_life=2.0s stale_after=6.0s
2025-11-18 11:15:31,868 [INFO] gaitguard.main: GaitGuard pipeline (Phase-1 + Face 2A) started. Press ESC to exit.
2025-11-18 11:15:35,641 [INFO] gaitguard.main: FPS=8.0 | tracks=1 | alerts=0
2025-11-18 11:15:36,975 [INFO] gaitguard.main: FPS=11.8 | tracks=1 | alerts=0
2025-11-18 11:15:38,332 [INFO] gaitguard.main: FPS=14.0 | tracks=1 | alerts=0
2025-11-18 11:15:39,746 [INFO] gaitguard.main: FPS=15.3 | tracks=1 | alerts=0
2025-11-18 11:15:41,151 [INFO] gaitguard.main: FPS=16.2 | tracks=1 | alerts=0
2025-11-18 11:15:42,528 [INFO] gaitguard.main: FPS=16.9 | tracks=1 | alerts=0
2025-11-18 11:15:44,087 [INFO] gaitguard.main: FPS=17.3 | tracks=1 | alerts=0
2025-11-18 11:15:45,985 [INFO] gaitguard.main: FPS=17.0 | tracks=1 | alerts=0
2025-11-18 11:15:47,532 [INFO] gaitguard.main: FPS=17.3 | tracks=1 | alerts=0
2025-11-18 11:15:49,038 [INFO] gaitguard.main: FPS=17.5 | tracks=1 | alerts=0
2025-11-18 11:15:50,560 [INFO] gaitguard.main: FPS=17.7 | tracks=1 | alerts=0
2025-11-18 11:15:52,089 [INFO] gaitguard.main: FPS=17.8 | tracks=1 | alerts=0
2025-11-18 11:15:53,673 [INFO] gaitguard.main: FPS=17.9 | tracks=1 | alerts=0
2025-11-18 11:15:55,210 [INFO] gaitguard.main: FPS=18.0 | tracks=1 | alerts=0
2025-11-18 11:15:56,723 [INFO] gaitguard.main: FPS=18.1 | tracks=1 | alerts=0
2025-11-18 11:15:57,586 [INFO] gaitguard.main: GaitGuard pipeline stopped.
2025-11-18 11:16:15,753 [INFO] gaitguard.device: Using CUDA device: NVIDIA GeForce RTX 3050 6GB Laptop GPU
2025-11-18 11:16:15,769 [INFO] gaitguard.main: Runtime device=cuda | half=True
2025-11-18 11:16:15,769 [INFO] perception.detector: Loading YOLO model 'yolo11n.pt' on device 'cuda'
2025-11-18 11:16:16,759 [INFO] perception.detector: YOLO model loaded in FP16 on CUDA
2025-11-18 11:16:16,760 [INFO] perception.detector: YOLO model ready
2025-11-18 11:16:16,760 [INFO] perception.perception_engine: Phase-1 PerceptionEngine initialized.
2025-11-18 11:16:16,760 [INFO] gaitguard.device: Using CUDA device: NVIDIA GeForce RTX 3050 6GB Laptop GPU
2025-11-18 11:16:16,762 [INFO] face.config: FaceConfig initialised | device=cuda half=True | gallery=C:\Users\ildi\Desktop\GaitGuard\data\face_gallery.enc | dim=512 metric=cosine | q_enroll=0.60 q_embed=0.60 q_runtime=0.55 strong_dist=0.850 weak_dist=0.930 | route(lookback=2.0s, max_entries=30, every_n=5, min_interval_ms=150)
2025-11-18 11:16:16,762 [INFO] face.detector_align: Initialising FaceDetectorAligner with pack=buffalo_l ctx_id=0 det_size=(640, 640) providers=['CUDAExecutionProvider', 'CPUExecutionProvider']
2025-11-18 11:16:17,689 [INFO] face.route: FaceRoute initialised | lookback=2.0s | max_entries=30 | every_n_frames=5 | min_interval_ms=150
2025-11-18 11:16:17,691 [INFO] identity.crypto: Loaded AES key from env var 'GAITGUARD_FACE_KEY' (length=32 bytes, fp=4e401724).
2025-11-18 11:16:17,719 [INFO] identity.face_gallery: Face gallery loaded from C:\Users\ildi\Desktop\GaitGuard\data\face_gallery.enc (persons=3).
2025-11-18 11:16:17,719 [INFO] identity.identity_engine: FaceIdentityEngine initialised | strong_match_dist=0.850 weak_match_dist=0.930 min_q_runtime=0.550 confirm=3 switch=4 lookback=2.0s half_life=2.0s stale_after=6.0s
2025-11-18 11:16:22,547 [INFO] gaitguard.main: GaitGuard pipeline (Phase-1 + Face 2A) started. Press ESC to exit.
2025-11-18 11:16:24,068 [INFO] identity.face_gallery: Face gallery FAISS index rebuilt (templates=25).
2025-11-18 11:16:25,223 [INFO] gaitguard.main: FPS=11.3 | tracks=1 | alerts=0
2025-11-18 11:16:26,518 [INFO] gaitguard.main: FPS=15.2 | tracks=1 | alerts=0
2025-11-18 11:16:27,849 [INFO] gaitguard.main: FPS=17.1 | tracks=1 | alerts=0
2025-11-18 11:16:29,168 [INFO] gaitguard.main: FPS=18.2 | tracks=1 | alerts=0
2025-11-18 11:16:30,516 [INFO] gaitguard.main: FPS=18.9 | tracks=1 | alerts=0
2025-11-18 11:16:31,934 [INFO] gaitguard.main: FPS=19.2 | tracks=1 | alerts=0
2025-11-18 11:16:33,274 [INFO] gaitguard.main: FPS=19.6 | tracks=1 | alerts=0
2025-11-18 11:16:34,619 [INFO] gaitguard.main: FPS=19.9 | tracks=1 | alerts=0
2025-11-18 11:16:35,949 [INFO] gaitguard.main: FPS=20.2 | tracks=1 | alerts=0
2025-11-18 11:16:37,260 [INFO] gaitguard.main: FPS=20.4 | tracks=1 | alerts=0
2025-11-18 11:16:38,573 [INFO] gaitguard.main: FPS=20.6 | tracks=1 | alerts=0
2025-11-18 11:16:39,911 [INFO] gaitguard.main: FPS=20.8 | tracks=1 | alerts=0
2025-11-18 11:16:41,234 [INFO] gaitguard.main: FPS=20.9 | tracks=1 | alerts=0
2025-11-18 11:16:42,547 [INFO] gaitguard.main: FPS=21.0 | tracks=1 | alerts=0
2025-11-18 11:16:43,964 [INFO] gaitguard.main: FPS=21.0 | tracks=1 | alerts=0
2025-11-18 11:16:45,365 [INFO] gaitguard.main: FPS=21.1 | tracks=1 | alerts=0
2025-11-18 11:16:46,661 [INFO] gaitguard.main: FPS=21.2 | tracks=1 | alerts=0
2025-11-18 11:16:48,111 [INFO] gaitguard.main: FPS=21.1 | tracks=1 | alerts=0
2025-11-18 11:16:49,440 [INFO] gaitguard.main: FPS=21.2 | tracks=1 | alerts=0
2025-11-18 11:16:50,797 [INFO] gaitguard.main: FPS=21.3 | tracks=1 | alerts=0
2025-11-18 11:16:52,179 [INFO] gaitguard.main: FPS=21.3 | tracks=1 | alerts=0
2025-11-18 11:16:53,541 [INFO] gaitguard.main: FPS=21.3 | tracks=1 | alerts=0
2025-11-18 11:16:54,844 [INFO] gaitguard.main: FPS=21.4 | tracks=1 | alerts=0
2025-11-18 11:16:56,196 [INFO] gaitguard.main: FPS=21.4 | tracks=1 | alerts=0
2025-11-18 11:16:57,531 [INFO] gaitguard.main: FPS=21.5 | tracks=1 | alerts=0
2025-11-18 11:16:58,850 [INFO] gaitguard.main: FPS=21.5 | tracks=1 | alerts=0
2025-11-18 11:17:00,190 [INFO] gaitguard.main: FPS=21.5 | tracks=1 | alerts=0
2025-11-18 11:17:01,548 [INFO] gaitguard.main: FPS=21.6 | tracks=1 | alerts=0
2025-11-18 11:17:02,927 [INFO] gaitguard.main: FPS=21.6 | tracks=1 | alerts=0
2025-11-18 11:17:04,259 [INFO] gaitguard.main: FPS=21.6 | tracks=1 | alerts=0
2025-11-18 11:17:05,572 [INFO] gaitguard.main: FPS=21.6 | tracks=1 | alerts=0
2025-11-18 11:17:06,884 [INFO] gaitguard.main: FPS=21.7 | tracks=1 | alerts=0
2025-11-18 11:17:08,262 [INFO] gaitguard.main: FPS=21.7 | tracks=1 | alerts=0
2025-11-18 11:17:09,570 [INFO] gaitguard.main: FPS=21.7 | tracks=1 | alerts=0
2025-11-18 11:17:10,936 [INFO] gaitguard.main: FPS=21.7 | tracks=1 | alerts=0
2025-11-18 11:17:12,400 [INFO] gaitguard.main: FPS=21.7 | tracks=1 | alerts=0
2025-11-18 11:17:13,768 [INFO] gaitguard.main: FPS=21.7 | tracks=1 | alerts=0
2025-11-18 11:17:15,119 [INFO] gaitguard.main: FPS=21.7 | tracks=1 | alerts=0
2025-11-18 11:17:16,474 [INFO] gaitguard.main: FPS=21.7 | tracks=1 | alerts=0
2025-11-18 11:17:17,795 [INFO] gaitguard.main: FPS=21.7 | tracks=1 | alerts=0
2025-11-18 11:17:19,135 [INFO] gaitguard.main: FPS=21.7 | tracks=1 | alerts=0
2025-11-18 11:17:20,496 [INFO] gaitguard.main: FPS=21.8 | tracks=1 | alerts=0
2025-11-18 11:17:21,889 [INFO] gaitguard.main: FPS=21.7 | tracks=1 | alerts=0
2025-11-18 11:17:23,311 [INFO] gaitguard.main: FPS=21.7 | tracks=1 | alerts=0
2025-11-18 11:17:24,700 [INFO] gaitguard.main: FPS=21.7 | tracks=1 | alerts=0
2025-11-18 11:17:26,095 [INFO] gaitguard.main: FPS=21.7 | tracks=1 | alerts=0
2025-11-18 11:17:27,380 [INFO] gaitguard.main: FPS=21.8 | tracks=1 | alerts=0
2025-11-18 11:17:28,697 [INFO] gaitguard.main: FPS=21.8 | tracks=1 | alerts=0
2025-11-18 11:17:30,023 [INFO] gaitguard.main: FPS=21.8 | tracks=1 | alerts=0
2025-11-18 11:17:31,425 [INFO] gaitguard.main: FPS=21.8 | tracks=1 | alerts=0
2025-11-18 11:17:32,735 [INFO] gaitguard.main: FPS=21.8 | tracks=1 | alerts=0
2025-11-18 11:17:34,080 [INFO] gaitguard.main: FPS=21.8 | tracks=1 | alerts=0
2025-11-18 11:17:35,437 [INFO] gaitguard.main: FPS=21.8 | tracks=1 | alerts=0
2025-11-18 11:17:36,796 [INFO] gaitguard.main: FPS=21.8 | tracks=1 | alerts=0
2025-11-18 11:17:38,143 [INFO] gaitguard.main: FPS=21.8 | tracks=1 | alerts=0
2025-11-18 11:17:39,445 [INFO] gaitguard.main: FPS=21.9 | tracks=1 | alerts=0
2025-11-18 11:17:40,674 [INFO] gaitguard.main: FPS=21.9 | tracks=1 | alerts=0
2025-11-18 11:17:42,054 [INFO] gaitguard.main: FPS=21.9 | tracks=1 | alerts=0
2025-11-18 11:17:43,417 [INFO] gaitguard.main: FPS=21.9 | tracks=1 | alerts=0
2025-11-18 11:17:44,778 [INFO] gaitguard.main: FPS=21.9 | tracks=1 | alerts=0
2025-11-18 11:17:46,135 [INFO] gaitguard.main: FPS=21.9 | tracks=1 | alerts=0
2025-11-18 11:17:47,529 [INFO] gaitguard.main: FPS=21.9 | tracks=1 | alerts=0
2025-11-18 11:17:48,828 [INFO] gaitguard.main: FPS=21.9 | tracks=1 | alerts=0
2025-11-18 11:17:50,212 [INFO] gaitguard.main: FPS=21.9 | tracks=1 | alerts=0
2025-11-18 11:17:51,587 [INFO] gaitguard.main: FPS=21.9 | tracks=1 | alerts=0
2025-11-18 11:17:52,923 [INFO] gaitguard.main: FPS=21.9 | tracks=1 | alerts=0
2025-11-18 11:17:54,327 [INFO] gaitguard.main: FPS=21.9 | tracks=1 | alerts=0
2025-11-18 11:17:55,652 [INFO] gaitguard.main: FPS=21.9 | tracks=1 | alerts=0
2025-11-18 11:17:57,008 [INFO] gaitguard.main: FPS=21.9 | tracks=1 | alerts=0
2025-11-18 11:17:58,377 [INFO] gaitguard.main: FPS=21.9 | tracks=1 | alerts=0
2025-11-18 11:17:59,741 [INFO] gaitguard.main: FPS=21.9 | tracks=1 | alerts=0
2025-11-18 11:18:01,074 [INFO] gaitguard.main: FPS=21.9 | tracks=1 | alerts=0
2025-11-18 11:18:02,491 [INFO] gaitguard.main: FPS=21.9 | tracks=1 | alerts=0
2025-11-18 11:18:03,836 [INFO] gaitguard.main: FPS=21.9 | tracks=1 | alerts=0
2025-11-18 11:18:05,177 [INFO] gaitguard.main: FPS=21.9 | tracks=1 | alerts=0
2025-11-18 11:18:06,510 [INFO] gaitguard.main: FPS=21.9 | tracks=1 | alerts=0
2025-11-18 11:18:07,790 [INFO] gaitguard.main: FPS=22.0 | tracks=1 | alerts=0
2025-11-18 11:18:09,184 [INFO] gaitguard.main: FPS=22.0 | tracks=1 | alerts=0
2025-11-18 11:18:10,586 [INFO] gaitguard.main: FPS=21.9 | tracks=1 | alerts=0
2025-11-18 11:18:11,923 [INFO] gaitguard.main: FPS=21.9 | tracks=1 | alerts=0
2025-11-18 11:18:13,030 [INFO] gaitguard.main: GaitGuard pipeline stopped.
2025-11-18 11:53:43,317 [INFO] gaitguard.device: Using CUDA device: NVIDIA GeForce RTX 3050 6GB Laptop GPU
2025-11-18 11:53:43,317 [INFO] gaitguard.main: Runtime device=cuda | half=True
2025-11-18 11:53:43,317 [INFO] perception.detector: Loading YOLO model 'yolo11n.pt' on device 'cuda'
2025-11-18 11:53:44,363 [INFO] perception.detector: YOLO model loaded in FP16 on CUDA
2025-11-18 11:53:44,363 [INFO] perception.detector: YOLO model ready
2025-11-18 11:53:44,363 [INFO] perception.perception_engine: Phase-1 PerceptionEngine initialised.
2025-11-18 11:53:44,363 [INFO] gaitguard.device: Using CUDA device: NVIDIA GeForce RTX 3050 6GB Laptop GPU
2025-11-18 11:53:44,364 [INFO] face.config: FaceConfig initialised | device=cuda half=True | gallery=C:\Users\ildi\Desktop\GaitGuard\data\face_gallery.enc | dim=512 metric=cosine | q_enroll=0.60 q_embed=0.60 q_runtime=0.55 strong_dist=0.850 weak_dist=0.930 | route(lookback=2.0s, max_entries=30, every_n=5, min_interval_ms=150)
2025-11-18 11:53:44,366 [INFO] face.detector_align: Initialising FaceDetectorAligner with pack=buffalo_l ctx_id=0 det_size=(640, 640) providers=['CUDAExecutionProvider', 'CPUExecutionProvider']
2025-11-18 11:53:45,404 [INFO] face.route: FaceRoute initialised | lookback=2.0s | max_entries=30 | every_n_frames=5 | min_interval_ms=150
2025-11-18 11:53:45,433 [INFO] identity.crypto: Loaded AES key from env var 'GAITGUARD_FACE_KEY' (length=32 bytes, fp=4e401724).
2025-11-18 11:53:45,448 [INFO] identity.face_gallery: Face gallery loaded from C:\Users\ildi\Desktop\GaitGuard\data\face_gallery.enc (persons=3).
2025-11-18 11:53:45,450 [INFO] identity.identity_engine: FaceIdentityEngine initialised | strong_match_dist=0.850 weak_match_dist=0.930 min_q_runtime=0.550 confirm=3 switch=4 lookback=2.0s half_life=2.0s stale_after=6.0s
2025-11-18 11:53:50,511 [INFO] gaitguard.main: GaitGuard pipeline (Phase-1 + Face 2A) started. Press ESC to exit.
2025-11-18 11:53:52,551 [INFO] gaitguard.main: FPS=14.9 | tracks=1 | alerts=0
2025-11-18 11:53:54,551 [INFO] identity.face_gallery: Face gallery FAISS index rebuilt (templates=25).
2025-11-18 11:53:54,616 [INFO] gaitguard.main: FPS=14.7 | tracks=1 | alerts=0
2025-11-18 11:53:56,010 [INFO] gaitguard.main: FPS=16.5 | tracks=1 | alerts=0
2025-11-18 11:53:57,384 [INFO] gaitguard.main: FPS=17.5 | tracks=1 | alerts=0
2025-11-18 11:53:58,735 [INFO] gaitguard.main: FPS=18.3 | tracks=1 | alerts=0
2025-11-18 11:54:00,105 [INFO] gaitguard.main: FPS=18.8 | tracks=1 | alerts=0
2025-11-18 11:54:01,537 [INFO] gaitguard.main: FPS=19.1 | tracks=1 | alerts=0
2025-11-18 11:54:02,891 [INFO] gaitguard.main: FPS=19.4 | tracks=1 | alerts=0
2025-11-18 11:54:04,259 [INFO] gaitguard.main: FPS=19.7 | tracks=1 | alerts=0
2025-11-18 11:54:05,896 [INFO] gaitguard.main: FPS=19.5 | tracks=1 | alerts=0
2025-11-18 11:54:07,382 [INFO] gaitguard.main: FPS=19.6 | tracks=1 | alerts=0
2025-11-18 11:54:08,878 [INFO] gaitguard.main: FPS=19.6 | tracks=1 | alerts=0
2025-11-18 11:54:10,406 [INFO] gaitguard.main: FPS=19.6 | tracks=1 | alerts=0
2025-11-18 11:54:11,936 [INFO] gaitguard.main: FPS=19.6 | tracks=1 | alerts=0
2025-11-18 11:54:13,514 [INFO] gaitguard.main: FPS=19.6 | tracks=1 | alerts=0
2025-11-18 11:54:15,101 [INFO] gaitguard.main: FPS=19.5 | tracks=1 | alerts=0
2025-11-18 11:54:16,587 [INFO] gaitguard.main: FPS=19.6 | tracks=1 | alerts=0
2025-11-18 11:54:17,328 [INFO] gaitguard.main: GaitGuard pipeline stopped.
2025-11-18 11:57:47,351 [INFO] gaitguard.device: Using CUDA device: NVIDIA GeForce RTX 3050 6GB Laptop GPU
2025-11-18 11:57:47,351 [INFO] gaitguard.main: Runtime device=cuda | half=True
2025-11-18 11:57:47,351 [INFO] perception.detector: Loading YOLO model 'yolo11n.pt' on device 'cuda'
2025-11-18 11:57:48,373 [INFO] perception.detector: YOLO model loaded in FP16 on CUDA
2025-11-18 11:57:48,373 [INFO] perception.detector: YOLO model ready
2025-11-18 11:57:48,373 [INFO] perception.perception_engine: Phase-1 PerceptionEngine initialised.
2025-11-18 11:57:48,373 [INFO] gaitguard.device: Using CUDA device: NVIDIA GeForce RTX 3050 6GB Laptop GPU
2025-11-18 11:57:48,375 [INFO] face.config: FaceConfig initialised | device=cuda half=True | gallery=C:\Users\ildi\Desktop\GaitGuard\data\face_gallery.enc | dim=512 metric=cosine | q_enroll=0.60 q_embed=0.60 q_runtime=0.55 strong_dist=0.850 weak_dist=0.930 | route(lookback=2.0s, max_entries=30, every_n=5, min_interval_ms=150)
2025-11-18 11:57:48,376 [INFO] face.detector_align: Initialising FaceDetectorAligner with pack=buffalo_l ctx_id=0 det_size=(640, 640) providers=['CUDAExecutionProvider', 'CPUExecutionProvider']
2025-11-18 11:57:49,314 [INFO] face.route: FaceRoute initialised | lookback=2.0s | max_entries=30 | every_n_frames=5 | min_interval_ms=150
2025-11-18 11:57:49,329 [INFO] identity.crypto: Loaded AES key from env var 'GAITGUARD_FACE_KEY' (length=32 bytes, fp=4e401724).
2025-11-18 11:57:49,339 [INFO] identity.face_gallery: Face gallery loaded from C:\Users\ildi\Desktop\GaitGuard\data\face_gallery.enc (persons=3).
2025-11-18 11:57:49,339 [INFO] identity.identity_engine: FaceIdentityEngine initialised | strong_match_dist=0.850 weak_match_dist=0.930 min_q_runtime=0.550 confirm=3 switch=4 lookback=2.0s half_life=2.0s stale_after=6.0s
2025-11-18 11:57:52,137 [INFO] gaitguard.main: GaitGuard pipeline (Phase-1 + Face 2A) started. Press ESC to exit.
2025-11-18 11:58:20,373 [INFO] gaitguard.main: GaitGuard pipeline stopped.
2025-11-18 11:58:28,530 [INFO] gaitguard.device: Using CUDA device: NVIDIA GeForce RTX 3050 6GB Laptop GPU
2025-11-18 11:58:28,530 [INFO] gaitguard.main: Runtime device=cuda | half=True
2025-11-18 11:58:28,530 [INFO] perception.detector: Loading YOLO model 'yolo11n.pt' on device 'cuda'
2025-11-18 11:58:29,561 [INFO] perception.detector: YOLO model loaded in FP16 on CUDA
2025-11-18 11:58:29,562 [INFO] perception.detector: YOLO model ready
2025-11-18 11:58:29,563 [INFO] perception.perception_engine: Phase-1 PerceptionEngine initialised.
2025-11-18 11:58:29,563 [INFO] gaitguard.device: Using CUDA device: NVIDIA GeForce RTX 3050 6GB Laptop GPU
2025-11-18 11:58:29,563 [INFO] face.config: FaceConfig initialised | device=cuda half=True | gallery=C:\Users\ildi\Desktop\GaitGuard\data\face_gallery.enc | dim=512 metric=cosine | q_enroll=0.60 q_embed=0.60 q_runtime=0.55 strong_dist=0.850 weak_dist=0.930 | route(lookback=2.0s, max_entries=30, every_n=5, min_interval_ms=150)
2025-11-18 11:58:29,563 [INFO] face.detector_align: Initialising FaceDetectorAligner with pack=buffalo_l ctx_id=0 det_size=(640, 640) providers=['CUDAExecutionProvider', 'CPUExecutionProvider']
2025-11-18 11:58:30,459 [INFO] face.route: FaceRoute initialised | lookback=2.0s | max_entries=30 | every_n_frames=5 | min_interval_ms=150
2025-11-18 11:58:30,459 [INFO] identity.crypto: Loaded AES key from env var 'GAITGUARD_FACE_KEY' (length=32 bytes, fp=4e401724).
2025-11-18 11:58:30,469 [INFO] identity.face_gallery: Face gallery loaded from C:\Users\ildi\Desktop\GaitGuard\data\face_gallery.enc (persons=3).
2025-11-18 11:58:30,469 [INFO] identity.identity_engine: FaceIdentityEngine initialised | strong_match_dist=0.850 weak_match_dist=0.930 min_q_runtime=0.550 confirm=3 switch=4 lookback=2.0s half_life=2.0s stale_after=6.0s
2025-11-18 11:58:35,354 [INFO] gaitguard.main: GaitGuard pipeline (Phase-1 + Face 2A) started. Press ESC to exit.
2025-11-18 11:58:36,856 [INFO] identity.face_gallery: Face gallery FAISS index rebuilt (templates=25).
2025-11-18 11:58:38,082 [INFO] gaitguard.main: FPS=11.1 | tracks=1 | alerts=0
2025-11-18 11:58:39,372 [INFO] gaitguard.main: FPS=15.1 | tracks=1 | alerts=0
2025-11-18 11:58:40,740 [INFO] gaitguard.main: FPS=16.8 | tracks=1 | alerts=0
2025-11-18 11:58:42,097 [INFO] gaitguard.main: FPS=17.9 | tracks=1 | alerts=0
2025-11-18 11:58:43,479 [INFO] gaitguard.main: FPS=18.5 | tracks=1 | alerts=0
2025-11-18 11:58:44,910 [INFO] gaitguard.main: FPS=18.9 | tracks=1 | alerts=0
2025-11-18 11:58:46,293 [INFO] gaitguard.main: FPS=19.3 | tracks=1 | alerts=0
2025-11-18 11:58:47,639 [INFO] gaitguard.main: FPS=19.6 | tracks=1 | alerts=0
2025-11-18 11:58:49,036 [INFO] gaitguard.main: FPS=19.8 | tracks=2 | alerts=0
2025-11-18 11:58:51,037 [INFO] gaitguard.main: FPS=19.2 | tracks=3 | alerts=0
2025-11-18 11:58:52,888 [INFO] gaitguard.main: FPS=18.9 | tracks=2 | alerts=0
2025-11-18 11:58:54,583 [INFO] gaitguard.main: FPS=18.8 | tracks=2 | alerts=0
2025-11-18 11:58:56,325 [INFO] gaitguard.main: FPS=18.7 | tracks=2 | alerts=0
2025-11-18 11:58:58,123 [INFO] gaitguard.main: FPS=18.5 | tracks=2 | alerts=0
2025-11-18 11:58:59,919 [INFO] gaitguard.main: FPS=18.4 | tracks=2 | alerts=0
2025-11-18 11:59:01,840 [INFO] gaitguard.main: FPS=18.2 | tracks=2 | alerts=0
2025-11-18 11:59:03,584 [INFO] gaitguard.main: FPS=18.1 | tracks=2 | alerts=0
2025-11-18 11:59:05,179 [INFO] gaitguard.main: FPS=18.1 | tracks=2 | alerts=0
2025-11-18 11:59:06,888 [INFO] gaitguard.main: FPS=18.1 | tracks=2 | alerts=0
2025-11-18 11:59:08,550 [INFO] gaitguard.main: FPS=18.1 | tracks=2 | alerts=0
2025-11-18 11:59:10,259 [INFO] gaitguard.main: FPS=18.1 | tracks=2 | alerts=0
2025-11-18 11:59:11,950 [INFO] gaitguard.main: FPS=18.1 | tracks=2 | alerts=0
2025-11-18 11:59:13,683 [INFO] gaitguard.main: FPS=18.0 | tracks=2 | alerts=0
2025-11-18 11:59:15,448 [INFO] gaitguard.main: FPS=18.0 | tracks=2 | alerts=0
2025-11-18 11:59:17,128 [INFO] gaitguard.main: FPS=18.0 | tracks=2 | alerts=0
2025-11-18 11:59:18,857 [INFO] gaitguard.main: FPS=17.9 | tracks=2 | alerts=0
2025-11-18 11:59:20,616 [INFO] gaitguard.main: FPS=17.9 | tracks=2 | alerts=0
2025-11-18 11:59:22,019 [INFO] gaitguard.main: FPS=18.0 | tracks=1 | alerts=0
2025-11-18 11:59:23,674 [INFO] gaitguard.main: FPS=18.0 | tracks=2 | alerts=0
2025-11-18 11:59:25,382 [INFO] gaitguard.main: FPS=18.0 | tracks=3 | alerts=0
2025-11-18 11:59:27,054 [INFO] gaitguard.main: FPS=18.0 | tracks=2 | alerts=0
2025-11-18 11:59:28,634 [INFO] gaitguard.main: FPS=18.0 | tracks=2 | alerts=0
2025-11-18 11:59:30,233 [INFO] gaitguard.main: FPS=18.1 | tracks=2 | alerts=0
2025-11-18 11:59:32,130 [INFO] gaitguard.main: FPS=18.0 | tracks=2 | alerts=0
2025-11-18 11:59:33,886 [INFO] gaitguard.main: FPS=18.0 | tracks=2 | alerts=0
2025-11-18 11:59:35,780 [INFO] gaitguard.main: FPS=17.9 | tracks=3 | alerts=0
2025-11-18 11:59:37,370 [INFO] gaitguard.main: FPS=17.9 | tracks=2 | alerts=0
2025-11-18 11:59:38,744 [INFO] gaitguard.main: FPS=18.0 | tracks=1 | alerts=0
2025-11-18 11:59:40,208 [INFO] gaitguard.main: FPS=18.0 | tracks=3 | alerts=0
2025-11-18 11:59:41,922 [INFO] gaitguard.main: FPS=18.0 | tracks=2 | alerts=0
2025-11-18 11:59:43,499 [INFO] gaitguard.main: FPS=18.1 | tracks=2 | alerts=0
2025-11-18 11:59:45,052 [INFO] gaitguard.main: FPS=18.1 | tracks=2 | alerts=0
2025-11-18 11:59:46,870 [INFO] gaitguard.main: FPS=18.0 | tracks=2 | alerts=0
2025-11-18 11:59:48,702 [INFO] gaitguard.main: FPS=18.0 | tracks=2 | alerts=0
2025-11-18 11:59:50,564 [INFO] gaitguard.main: FPS=18.0 | tracks=2 | alerts=0
2025-11-18 11:59:52,592 [INFO] gaitguard.main: FPS=17.9 | tracks=2 | alerts=0
2025-11-18 11:59:54,377 [INFO] gaitguard.main: FPS=17.9 | tracks=2 | alerts=0
2025-11-18 11:59:56,151 [INFO] gaitguard.main: FPS=17.8 | tracks=2 | alerts=0
2025-11-18 11:59:57,923 [INFO] gaitguard.main: FPS=17.8 | tracks=2 | alerts=0
2025-11-18 11:59:59,620 [INFO] gaitguard.main: FPS=17.8 | tracks=2 | alerts=0
2025-11-18 12:00:01,384 [INFO] gaitguard.main: FPS=17.8 | tracks=2 | alerts=0
2025-11-18 12:00:03,247 [INFO] gaitguard.main: FPS=17.8 | tracks=2 | alerts=0
2025-11-18 12:00:05,206 [INFO] gaitguard.main: FPS=17.7 | tracks=2 | alerts=0
2025-11-18 12:00:07,085 [INFO] gaitguard.main: FPS=17.7 | tracks=2 | alerts=0
2025-11-18 12:00:09,082 [INFO] gaitguard.main: FPS=17.6 | tracks=2 | alerts=0
2025-11-18 12:00:10,872 [INFO] gaitguard.main: FPS=17.6 | tracks=2 | alerts=0
2025-11-18 12:00:12,409 [INFO] gaitguard.main: FPS=17.6 | tracks=1 | alerts=0
2025-11-18 12:00:13,789 [INFO] gaitguard.main: FPS=17.7 | tracks=1 | alerts=0
2025-11-18 12:00:15,169 [INFO] gaitguard.main: FPS=17.7 | tracks=1 | alerts=0
2025-11-18 12:00:16,785 [INFO] gaitguard.main: FPS=17.8 | tracks=1 | alerts=0
2025-11-18 12:00:18,303 [INFO] gaitguard.main: FPS=17.8 | tracks=1 | alerts=0
2025-11-18 12:00:19,798 [INFO] gaitguard.main: FPS=17.8 | tracks=1 | alerts=0
2025-11-18 12:00:21,427 [INFO] gaitguard.main: FPS=17.8 | tracks=1 | alerts=0
2025-11-18 12:00:23,780 [INFO] gaitguard.main: FPS=17.7 | tracks=1 | alerts=0
2025-11-18 12:00:25,682 [INFO] gaitguard.main: FPS=17.7 | tracks=1 | alerts=0
2025-11-18 12:00:27,394 [INFO] gaitguard.main: FPS=17.7 | tracks=1 | alerts=0
2025-11-18 12:00:28,949 [INFO] gaitguard.main: FPS=17.7 | tracks=1 | alerts=0
2025-11-18 12:00:30,595 [INFO] gaitguard.main: FPS=17.7 | tracks=1 | alerts=0
2025-11-18 12:00:32,483 [INFO] gaitguard.main: FPS=17.7 | tracks=1 | alerts=0
2025-11-18 12:00:33,978 [INFO] gaitguard.main: GaitGuard pipeline stopped.
2025-11-18 15:08:35,858 [INFO] gaitguard.device: Using CUDA device: NVIDIA GeForce RTX 3050 6GB Laptop GPU
2025-11-18 15:08:35,858 [INFO] gaitguard.main: Runtime device=cuda | half=True
2025-11-18 15:08:35,858 [INFO] perception.detector: Loading YOLO model 'yolo11n.pt' on device 'cuda'
2025-11-18 15:09:13,528 [INFO] gaitguard.device: Using CUDA device: NVIDIA GeForce RTX 3050 6GB Laptop GPU
2025-11-18 15:09:13,529 [INFO] gaitguard.main: Runtime device=cuda | half=True
2025-11-18 15:09:13,529 [INFO] perception.detector: Loading YOLO model 'yolo11n.pt' on device 'cuda'
2025-11-18 15:09:14,765 [INFO] perception.detector: YOLO model loaded in FP16 on CUDA
2025-11-18 15:09:14,765 [INFO] perception.detector: YOLO model ready
2025-11-18 15:09:14,765 [INFO] perception.perception_engine: Phase-1 PerceptionEngine initialised.
2025-11-18 15:09:14,765 [INFO] gaitguard.device: Using CUDA device: NVIDIA GeForce RTX 3050 6GB Laptop GPU
2025-11-18 15:09:14,776 [INFO] face.config: FaceConfig initialised | device=cuda half=True | gallery=C:\Users\ildi\Desktop\GaitGuard\data\face_gallery.enc | dim=512 metric=cosine | q_enroll=0.60 q_embed=0.60 q_runtime=0.55 strong_dist=0.850 weak_dist=0.930 | route(lookback=2.0s, max_entries=30, every_n=5, min_interval_ms=150)
2025-11-18 15:09:14,777 [INFO] face.detector_align: Initialising FaceDetectorAligner with pack=buffalo_l ctx_id=0 det_size=(640, 640) providers=['CUDAExecutionProvider', 'CPUExecutionProvider']
2025-11-18 15:09:16,078 [INFO] face.route: FaceRoute initialised | lookback=2.0s | max_entries=30 | every_n_frames=5 | min_interval_ms=150
2025-11-18 15:09:16,096 [INFO] identity.crypto: Loaded AES key from env var 'GAITGUARD_FACE_KEY' (length=32 bytes, fp=4e401724).
2025-11-18 15:09:16,120 [INFO] identity.face_gallery: Face gallery loaded from C:\Users\ildi\Desktop\GaitGuard\data\face_gallery.enc (persons=3).
2025-11-18 15:09:16,127 [INFO] identity.identity_engine: FaceIdentityEngine initialised | strong_match_dist=0.850 weak_match_dist=0.930 min_q_runtime=0.550 confirm=3 switch=4 lookback=2.0s half_life=2.0s stale_after=6.0s
2025-11-18 15:09:21,472 [INFO] gaitguard.main: GaitGuard pipeline (Phase-1 + Face 2A) started. Press ESC to exit.
2025-11-18 15:09:24,109 [INFO] identity.face_gallery: Face gallery FAISS index rebuilt (templates=25).
2025-11-18 15:09:25,477 [INFO] gaitguard.main: FPS=7.5 | tracks=2 | alerts=0
2025-11-18 15:09:27,038 [INFO] gaitguard.main: FPS=10.8 | tracks=3 | alerts=0
2025-11-18 15:09:28,686 [INFO] gaitguard.main: FPS=12.5 | tracks=2 | alerts=0
2025-11-18 15:09:30,375 [INFO] gaitguard.main: FPS=13.5 | tracks=3 | alerts=0
2025-11-18 15:09:32,163 [INFO] gaitguard.main: FPS=14.1 | tracks=3 | alerts=0
2025-11-18 15:09:33,993 [INFO] gaitguard.main: FPS=14.4 | tracks=3 | alerts=0
2025-11-18 15:09:35,807 [INFO] gaitguard.main: FPS=14.7 | tracks=3 | alerts=0
2025-11-18 15:09:37,484 [INFO] gaitguard.main: FPS=15.1 | tracks=4 | alerts=0
2025-11-18 15:09:39,218 [INFO] gaitguard.main: FPS=15.2 | tracks=3 | alerts=0
2025-11-18 15:09:41,051 [INFO] gaitguard.main: FPS=15.3 | tracks=3 | alerts=0
2025-11-18 15:09:42,838 [INFO] gaitguard.main: FPS=15.5 | tracks=3 | alerts=0
2025-11-18 15:09:44,573 [INFO] gaitguard.main: FPS=15.6 | tracks=2 | alerts=0
2025-11-18 15:09:46,156 [INFO] gaitguard.main: FPS=15.8 | tracks=2 | alerts=0
2025-11-18 15:09:47,666 [INFO] gaitguard.main: FPS=16.1 | tracks=2 | alerts=0
2025-11-18 15:09:49,461 [INFO] gaitguard.main: FPS=16.1 | tracks=2 | alerts=0
2025-11-18 15:09:51,217 [INFO] gaitguard.main: FPS=16.2 | tracks=2 | alerts=0
2025-11-18 15:09:52,823 [INFO] gaitguard.main: FPS=16.3 | tracks=2 | alerts=0
2025-11-18 15:09:54,691 [INFO] gaitguard.main: GaitGuard pipeline stopped.
2025-11-18 15:11:33,660 [INFO] gaitguard.device: Using CUDA device: NVIDIA GeForce RTX 3050 6GB Laptop GPU
2025-11-18 15:11:33,660 [INFO] gaitguard.main: Runtime device=cuda | half=True
2025-11-18 15:11:33,660 [INFO] perception.detector: Loading YOLO model 'yolo11n.pt' on device 'cuda'
2025-11-18 15:11:34,692 [INFO] perception.detector: YOLO model loaded in FP16 on CUDA
2025-11-18 15:11:34,692 [INFO] perception.detector: YOLO model ready
2025-11-18 15:11:34,692 [INFO] perception.perception_engine: Phase-1 PerceptionEngine initialised.
2025-11-18 15:11:34,692 [INFO] gaitguard.device: Using CUDA device: NVIDIA GeForce RTX 3050 6GB Laptop GPU
2025-11-18 15:11:34,692 [INFO] face.config: FaceConfig initialised | device=cuda half=True | gallery=C:\Users\ildi\Desktop\GaitGuard\data\face_gallery.enc | dim=512 metric=cosine | q_enroll=0.60 q_embed=0.60 q_runtime=0.55 strong_dist=0.850 weak_dist=0.930 | route(lookback=2.0s, max_entries=30, every_n=5, min_interval_ms=150)
2025-11-18 15:11:34,692 [INFO] face.detector_align: Initialising FaceDetectorAligner with pack=buffalo_l ctx_id=0 det_size=(640, 640) providers=['CUDAExecutionProvider', 'CPUExecutionProvider']
2025-11-18 15:11:35,644 [INFO] face.route: FaceRoute initialised | lookback=2.0s | max_entries=30 | every_n_frames=5 | min_interval_ms=150
2025-11-18 15:11:35,667 [INFO] identity.crypto: Loaded AES key from env var 'GAITGUARD_FACE_KEY' (length=32 bytes, fp=4e401724).
2025-11-18 15:11:35,681 [INFO] identity.face_gallery: Face gallery loaded from C:\Users\ildi\Desktop\GaitGuard\data\face_gallery.enc (persons=4).
2025-11-18 15:11:35,681 [INFO] identity.identity_engine: FaceIdentityEngine initialised | strong_match_dist=0.850 weak_match_dist=0.930 min_q_runtime=0.550 confirm=3 switch=4 lookback=2.0s half_life=2.0s stale_after=6.0s
2025-11-18 15:11:40,674 [INFO] gaitguard.main: GaitGuard pipeline (Phase-1 + Face 2A) started. Press ESC to exit.
2025-11-18 15:11:42,265 [INFO] identity.face_gallery: Face gallery FAISS index rebuilt (templates=30).
2025-11-18 15:11:43,694 [INFO] gaitguard.main: FPS=10.1 | tracks=2 | alerts=0
2025-11-18 15:11:45,287 [INFO] gaitguard.main: FPS=13.1 | tracks=2 | alerts=0
2025-11-18 15:11:46,835 [INFO] gaitguard.main: FPS=14.7 | tracks=2 | alerts=0
2025-11-18 15:11:48,394 [INFO] gaitguard.main: FPS=15.6 | tracks=2 | alerts=0
2025-11-18 15:11:50,109 [INFO] gaitguard.main: FPS=15.9 | tracks=2 | alerts=0
2025-11-18 15:11:51,696 [INFO] gaitguard.main: FPS=16.4 | tracks=2 | alerts=0
2025-11-18 15:11:53,390 [INFO] gaitguard.main: FPS=16.6 | tracks=2 | alerts=0
2025-11-18 15:11:55,000 [INFO] gaitguard.main: FPS=16.8 | tracks=2 | alerts=0
2025-11-18 15:11:56,601 [INFO] gaitguard.main: FPS=17.0 | tracks=2 | alerts=0
2025-11-18 15:11:58,274 [INFO] gaitguard.main: FPS=17.1 | tracks=2 | alerts=0
2025-11-18 15:11:59,987 [INFO] gaitguard.main: FPS=17.1 | tracks=2 | alerts=0
2025-11-18 15:12:01,657 [INFO] gaitguard.main: FPS=17.2 | tracks=2 | alerts=0
2025-11-18 15:12:03,326 [INFO] gaitguard.main: FPS=17.2 | tracks=2 | alerts=0
2025-11-18 15:12:04,982 [INFO] gaitguard.main: FPS=17.3 | tracks=2 | alerts=0
2025-11-18 15:12:06,648 [INFO] gaitguard.main: FPS=17.3 | tracks=2 | alerts=0
2025-11-18 15:12:08,366 [INFO] gaitguard.main: FPS=17.4 | tracks=2 | alerts=0
2025-11-18 15:12:10,059 [INFO] gaitguard.main: FPS=17.4 | tracks=2 | alerts=0
2025-11-18 15:12:11,664 [INFO] gaitguard.main: FPS=17.4 | tracks=2 | alerts=0
2025-11-18 15:12:13,136 [INFO] gaitguard.main: FPS=17.6 | tracks=2 | alerts=0
2025-11-18 15:12:14,710 [INFO] gaitguard.main: FPS=17.7 | tracks=2 | alerts=0
2025-11-18 15:12:16,365 [INFO] gaitguard.main: FPS=17.7 | tracks=2 | alerts=0
2025-11-18 15:12:18,083 [INFO] gaitguard.main: FPS=17.7 | tracks=2 | alerts=0
2025-11-18 15:12:19,989 [INFO] gaitguard.main: FPS=17.6 | tracks=3 | alerts=0
2025-11-18 15:12:21,692 [INFO] gaitguard.main: FPS=17.6 | tracks=2 | alerts=0
2025-11-18 15:12:23,362 [INFO] gaitguard.main: FPS=17.6 | tracks=2 | alerts=0
2025-11-18 15:12:24,954 [INFO] gaitguard.main: FPS=17.6 | tracks=2 | alerts=0
2025-11-18 15:12:26,760 [INFO] gaitguard.main: FPS=17.6 | tracks=2 | alerts=0
2025-11-18 15:12:28,516 [INFO] gaitguard.main: FPS=17.6 | tracks=2 | alerts=0
2025-11-18 15:12:30,231 [INFO] gaitguard.main: FPS=17.6 | tracks=2 | alerts=0
2025-11-18 15:12:31,883 [INFO] gaitguard.main: FPS=17.6 | tracks=2 | alerts=0
2025-11-18 15:12:33,559 [INFO] gaitguard.main: FPS=17.6 | tracks=2 | alerts=0
2025-11-18 15:12:35,243 [INFO] gaitguard.main: FPS=17.6 | tracks=3 | alerts=0
2025-11-18 15:12:36,906 [INFO] gaitguard.main: FPS=17.6 | tracks=2 | alerts=0
2025-11-18 15:12:38,526 [INFO] gaitguard.main: FPS=17.6 | tracks=2 | alerts=0
2025-11-18 15:12:40,199 [INFO] gaitguard.main: FPS=17.6 | tracks=3 | alerts=0
2025-11-18 15:12:41,968 [INFO] gaitguard.main: FPS=17.6 | tracks=2 | alerts=0
2025-11-18 15:12:42,816 [INFO] gaitguard.main: GaitGuard pipeline stopped.
2025-11-18 21:41:17,481 [INFO] gaitguard.device: Using CUDA device: NVIDIA GeForce RTX 3050 6GB Laptop GPU
2025-11-18 21:41:17,481 [INFO] gaitguard.main: Runtime device=cuda | half=True
2025-11-18 21:41:17,481 [INFO] perception.detector: Loading YOLO model 'yolo11n.pt' on device 'cuda'
2025-11-18 21:41:18,515 [INFO] perception.detector: YOLO model loaded in FP16 on CUDA
2025-11-18 21:41:18,515 [INFO] perception.detector: YOLO model ready
2025-11-18 21:41:18,515 [INFO] perception.perception_engine: Phase-1 PerceptionEngine initialised.
2025-11-18 21:41:18,515 [INFO] gaitguard.device: Using CUDA device: NVIDIA GeForce RTX 3050 6GB Laptop GPU
2025-11-18 21:41:18,515 [INFO] face.config: FaceConfig initialised | device=cuda half=True | gallery=C:\Users\ildi\Desktop\GaitGuard\data\face_gallery.enc | dim=512 metric=cosine | q_enroll=0.60 q_embed=0.60 q_runtime=0.55 strong_dist=0.850 weak_dist=0.930 | route(lookback=2.0s, max_entries=30, every_n=5, min_interval_ms=150)
2025-11-18 21:41:18,515 [INFO] face.detector_align: Initialising FaceDetectorAligner with pack=buffalo_l ctx_id=0 det_size=(640, 640) providers=['CUDAExecutionProvider', 'CPUExecutionProvider']
2025-11-18 21:41:19,535 [INFO] face.route: FaceRoute initialised | lookback=2.0s | max_entries=30 | every_n_frames=5 | min_interval_ms=150
2025-11-18 21:41:19,572 [ERROR] identity.face_gallery: Failed to decrypt face gallery at 'C:\Users\ildi\Desktop\GaitGuard\data\face_gallery.enc': Encryption key environment variable 'GAITGUARD_FACE_KEY' is not set. Generate a strong random key and set it, e.g.:
  export GAITGUARD_FACE_KEY="$(openssl rand -hex 32)" (env_var=GAITGUARD_FACE_KEY, key_fp=unknown). The on-disk file was NOT modified. Most likely causes: the encryption key changed after the gallery was created, or the file is corrupted. This gallery instance is now locked; it will not overwrite the file until you delete/reset it explicitly.
2025-11-18 21:41:19,572 [INFO] identity.identity_engine: FaceIdentityEngine initialised | strong_match_dist=0.850 weak_match_dist=0.930 min_q_runtime=0.550 confirm=3 switch=4 lookback=2.0s half_life=2.0s stale_after=6.0s
2025-11-18 21:41:23,260 [INFO] gaitguard.main: GaitGuard pipeline (Phase-1 + Face 2A) started. Press ESC to exit.
2025-11-18 21:41:25,860 [INFO] gaitguard.main: FPS=11.7 | tracks=1 | alerts=0
2025-11-18 21:41:27,425 [INFO] gaitguard.main: FPS=14.5 | tracks=1 | alerts=0
2025-11-18 21:41:28,682 [INFO] gaitguard.main: FPS=16.7 | tracks=1 | alerts=0
2025-11-18 21:41:29,918 [INFO] gaitguard.main: FPS=18.1 | tracks=1 | alerts=0
2025-11-18 21:41:32,183 [INFO] gaitguard.main: FPS=16.9 | tracks=1 | alerts=0
2025-11-18 21:41:33,863 [INFO] gaitguard.main: FPS=17.0 | tracks=1 | alerts=0
2025-11-18 21:41:35,696 [INFO] gaitguard.main: FPS=17.0 | tracks=1 | alerts=0
2025-11-18 21:41:37,550 [INFO] gaitguard.main: FPS=16.8 | tracks=1 | alerts=0
2025-11-18 21:41:39,495 [INFO] gaitguard.main: FPS=16.7 | tracks=1 | alerts=0
2025-11-18 21:41:40,428 [INFO] gaitguard.main: GaitGuard pipeline stopped.
2025-11-18 21:42:01,474 [INFO] gaitguard.device: Using CUDA device: NVIDIA GeForce RTX 3050 6GB Laptop GPU
2025-11-18 21:42:01,474 [INFO] gaitguard.main: Runtime device=cuda | half=True
2025-11-18 21:42:01,474 [INFO] perception.detector: Loading YOLO model 'yolo11n.pt' on device 'cuda'
2025-11-18 21:42:02,481 [INFO] perception.detector: YOLO model loaded in FP16 on CUDA
2025-11-18 21:42:02,482 [INFO] perception.detector: YOLO model ready
2025-11-18 21:42:02,483 [INFO] perception.perception_engine: Phase-1 PerceptionEngine initialised.
2025-11-18 21:42:02,483 [INFO] gaitguard.device: Using CUDA device: NVIDIA GeForce RTX 3050 6GB Laptop GPU
2025-11-18 21:42:02,484 [INFO] face.config: FaceConfig initialised | device=cuda half=True | gallery=C:\Users\ildi\Desktop\GaitGuard\data\face_gallery.enc | dim=512 metric=cosine | q_enroll=0.60 q_embed=0.60 q_runtime=0.55 strong_dist=0.850 weak_dist=0.930 | route(lookback=2.0s, max_entries=30, every_n=5, min_interval_ms=150)
2025-11-18 21:42:02,486 [INFO] face.detector_align: Initialising FaceDetectorAligner with pack=buffalo_l ctx_id=0 det_size=(640, 640) providers=['CUDAExecutionProvider', 'CPUExecutionProvider']
2025-11-18 21:42:03,386 [INFO] face.route: FaceRoute initialised | lookback=2.0s | max_entries=30 | every_n_frames=5 | min_interval_ms=150
2025-11-18 21:42:03,402 [ERROR] identity.face_gallery: Failed to decrypt face gallery at 'C:\Users\ildi\Desktop\GaitGuard\data\face_gallery.enc': Invalid AES key length 51 bytes; expected 16/24/32. (env_var=GAITGUARD_FACE_KEY, key_fp=unknown). The on-disk file was NOT modified. Most likely causes: the encryption key changed after the gallery was created, or the file is corrupted. This gallery instance is now locked; it will not overwrite the file until you delete/reset it explicitly.
2025-11-18 21:42:03,402 [INFO] identity.identity_engine: FaceIdentityEngine initialised | strong_match_dist=0.850 weak_match_dist=0.930 min_q_runtime=0.550 confirm=3 switch=4 lookback=2.0s half_life=2.0s stale_after=6.0s
2025-11-18 21:42:06,124 [INFO] gaitguard.main: GaitGuard pipeline (Phase-1 + Face 2A) started. Press ESC to exit.
2025-11-18 21:42:38,355 [INFO] gaitguard.main: GaitGuard pipeline stopped.
2025-11-18 21:43:17,607 [INFO] gaitguard.device: Using CUDA device: NVIDIA GeForce RTX 3050 6GB Laptop GPU
2025-11-18 21:43:17,611 [INFO] gaitguard.main: Runtime device=cuda | half=True
2025-11-18 21:43:17,611 [INFO] perception.detector: Loading YOLO model 'yolo11n.pt' on device 'cuda'
2025-11-18 21:43:18,597 [INFO] perception.detector: YOLO model loaded in FP16 on CUDA
2025-11-18 21:43:18,597 [INFO] perception.detector: YOLO model ready
2025-11-18 21:43:18,598 [INFO] perception.perception_engine: Phase-1 PerceptionEngine initialised.
2025-11-18 21:43:18,598 [INFO] gaitguard.device: Using CUDA device: NVIDIA GeForce RTX 3050 6GB Laptop GPU
2025-11-18 21:43:18,599 [INFO] face.config: FaceConfig initialised | device=cuda half=True | gallery=C:\Users\ildi\Desktop\GaitGuard\data\face_gallery.enc | dim=512 metric=cosine | q_enroll=0.60 q_embed=0.60 q_runtime=0.55 strong_dist=0.850 weak_dist=0.930 | route(lookback=2.0s, max_entries=30, every_n=5, min_interval_ms=150)
2025-11-18 21:43:18,599 [INFO] face.detector_align: Initialising FaceDetectorAligner with pack=buffalo_l ctx_id=0 det_size=(640, 640) providers=['CUDAExecutionProvider', 'CPUExecutionProvider']
2025-11-18 21:43:19,479 [INFO] face.route: FaceRoute initialised | lookback=2.0s | max_entries=30 | every_n_frames=5 | min_interval_ms=150
2025-11-18 21:43:19,489 [ERROR] identity.face_gallery: Failed to decrypt face gallery at 'C:\Users\ildi\Desktop\GaitGuard\data\face_gallery.enc': Invalid AES key length 51 bytes; expected 16/24/32. (env_var=GAITGUARD_FACE_KEY, key_fp=unknown). The on-disk file was NOT modified. Most likely causes: the encryption key changed after the gallery was created, or the file is corrupted. This gallery instance is now locked; it will not overwrite the file until you delete/reset it explicitly.
2025-11-18 21:43:19,489 [INFO] identity.identity_engine: FaceIdentityEngine initialised | strong_match_dist=0.850 weak_match_dist=0.930 min_q_runtime=0.550 confirm=3 switch=4 lookback=2.0s half_life=2.0s stale_after=6.0s
2025-11-18 21:43:24,435 [INFO] gaitguard.main: GaitGuard pipeline (Phase-1 + Face 2A) started. Press ESC to exit.
2025-11-18 21:43:27,228 [INFO] gaitguard.main: FPS=10.9 | tracks=1 | alerts=0
2025-11-18 21:43:28,692 [INFO] gaitguard.main: FPS=14.2 | tracks=1 | alerts=0
2025-11-18 21:43:30,480 [INFO] gaitguard.main: FPS=15.0 | tracks=1 | alerts=0
2025-11-18 21:43:32,455 [INFO] gaitguard.main: FPS=15.0 | tracks=1 | alerts=0
2025-11-18 21:43:34,333 [INFO] gaitguard.main: FPS=15.2 | tracks=1 | alerts=0
2025-11-18 21:43:36,190 [INFO] gaitguard.main: FPS=15.4 | tracks=1 | alerts=0
2025-11-18 21:43:38,075 [INFO] gaitguard.main: FPS=15.5 | tracks=1 | alerts=0
2025-11-18 21:43:39,874 [INFO] gaitguard.main: FPS=15.6 | tracks=1 | alerts=0
2025-11-18 21:43:41,805 [INFO] gaitguard.main: FPS=15.6 | tracks=1 | alerts=0
2025-11-18 21:43:43,761 [INFO] gaitguard.main: FPS=15.5 | tracks=1 | alerts=0
2025-11-18 21:43:45,574 [INFO] gaitguard.main: FPS=15.6 | tracks=1 | alerts=0
2025-11-18 21:43:47,516 [INFO] gaitguard.main: FPS=15.6 | tracks=1 | alerts=0
2025-11-18 21:43:49,423 [INFO] gaitguard.main: FPS=15.6 | tracks=1 | alerts=0
2025-11-18 21:43:51,296 [INFO] gaitguard.main: FPS=15.7 | tracks=1 | alerts=0
2025-11-18 21:43:53,105 [INFO] gaitguard.main: FPS=15.7 | tracks=1 | alerts=0
2025-11-18 21:43:54,973 [INFO] gaitguard.main: FPS=15.7 | tracks=1 | alerts=0
2025-11-18 21:43:56,784 [INFO] gaitguard.main: FPS=15.8 | tracks=1 | alerts=0
2025-11-18 21:43:58,763 [INFO] gaitguard.main: FPS=15.7 | tracks=1 | alerts=0
2025-11-18 21:44:00,658 [INFO] gaitguard.main: FPS=15.7 | tracks=1 | alerts=0
2025-11-18 21:44:02,555 [INFO] gaitguard.main: FPS=15.8 | tracks=1 | alerts=0
2025-11-18 21:44:04,394 [INFO] gaitguard.main: FPS=15.8 | tracks=1 | alerts=0
2025-11-18 21:44:06,200 [INFO] gaitguard.main: FPS=15.8 | tracks=1 | alerts=0
2025-11-18 21:44:07,156 [INFO] gaitguard.main: GaitGuard pipeline stopped.
2025-11-18 21:44:22,445 [INFO] gaitguard.device: Using CUDA device: NVIDIA GeForce RTX 3050 6GB Laptop GPU
2025-11-18 21:44:22,445 [INFO] gaitguard.main: Runtime device=cuda | half=True
2025-11-18 21:44:22,445 [INFO] perception.detector: Loading YOLO model 'yolo11n.pt' on device 'cuda'
2025-11-18 21:44:23,435 [INFO] perception.detector: YOLO model loaded in FP16 on CUDA
2025-11-18 21:44:23,438 [INFO] perception.detector: YOLO model ready
2025-11-18 21:44:23,438 [INFO] perception.perception_engine: Phase-1 PerceptionEngine initialised.
2025-11-18 21:44:23,438 [INFO] gaitguard.device: Using CUDA device: NVIDIA GeForce RTX 3050 6GB Laptop GPU
2025-11-18 21:44:23,438 [INFO] face.config: FaceConfig initialised | device=cuda half=True | gallery=C:\Users\ildi\Desktop\GaitGuard\data\face_gallery.enc | dim=512 metric=cosine | q_enroll=0.60 q_embed=0.60 q_runtime=0.55 strong_dist=0.850 weak_dist=0.930 | route(lookback=2.0s, max_entries=30, every_n=5, min_interval_ms=150)
2025-11-18 21:44:23,438 [INFO] face.detector_align: Initialising FaceDetectorAligner with pack=buffalo_l ctx_id=0 det_size=(640, 640) providers=['CUDAExecutionProvider', 'CPUExecutionProvider']
2025-11-18 21:44:24,335 [INFO] face.route: FaceRoute initialised | lookback=2.0s | max_entries=30 | every_n_frames=5 | min_interval_ms=150
2025-11-18 21:44:24,335 [ERROR] identity.face_gallery: Failed to decrypt face gallery at 'C:\Users\ildi\Desktop\GaitGuard\data\face_gallery.enc': Invalid AES key length 51 bytes; expected 16/24/32. (env_var=GAITGUARD_FACE_KEY, key_fp=unknown). The on-disk file was NOT modified. Most likely causes: the encryption key changed after the gallery was created, or the file is corrupted. This gallery instance is now locked; it will not overwrite the file until you delete/reset it explicitly.
2025-11-18 21:44:24,345 [INFO] identity.identity_engine: FaceIdentityEngine initialised | strong_match_dist=0.850 weak_match_dist=0.930 min_q_runtime=0.550 confirm=3 switch=4 lookback=2.0s half_life=2.0s stale_after=6.0s
2025-11-18 21:44:29,241 [INFO] gaitguard.main: GaitGuard pipeline (Phase-1 + Face 2A) started. Press ESC to exit.
2025-11-18 21:44:32,157 [INFO] gaitguard.main: FPS=10.4 | tracks=1 | alerts=0
2025-11-18 21:44:33,718 [INFO] gaitguard.main: FPS=13.5 | tracks=1 | alerts=0
2025-11-18 21:44:35,570 [INFO] gaitguard.main: FPS=14.3 | tracks=1 | alerts=0
2025-11-18 21:44:37,399 [INFO] gaitguard.main: FPS=14.8 | tracks=1 | alerts=0
2025-11-18 21:44:39,200 [INFO] gaitguard.main: FPS=15.1 | tracks=1 | alerts=0
2025-11-18 21:44:40,694 [INFO] gaitguard.main: FPS=15.8 | tracks=1 | alerts=0
2025-11-18 21:44:42,209 [INFO] gaitguard.main: FPS=16.2 | tracks=1 | alerts=0
2025-11-18 21:44:43,788 [INFO] gaitguard.main: FPS=16.5 | tracks=2 | alerts=0
2025-11-18 21:44:45,803 [INFO] gaitguard.main: FPS=16.3 | tracks=1 | alerts=0
2025-11-18 21:44:47,502 [INFO] gaitguard.main: FPS=16.5 | tracks=1 | alerts=0
2025-11-18 21:44:48,983 [INFO] gaitguard.main: GaitGuard pipeline stopped.
2025-11-18 21:45:37,032 [INFO] gaitguard.device: Using CUDA device: NVIDIA GeForce RTX 3050 6GB Laptop GPU
2025-11-18 21:45:37,032 [INFO] gaitguard.main: Runtime device=cuda | half=True
2025-11-18 21:45:37,032 [INFO] perception.detector: Loading YOLO model 'yolo11n.pt' on device 'cuda'
2025-11-18 21:45:38,025 [INFO] perception.detector: YOLO model loaded in FP16 on CUDA
2025-11-18 21:45:38,025 [INFO] perception.detector: YOLO model ready
2025-11-18 21:45:38,027 [INFO] perception.perception_engine: Phase-1 PerceptionEngine initialised.
2025-11-18 21:45:38,028 [INFO] gaitguard.device: Using CUDA device: NVIDIA GeForce RTX 3050 6GB Laptop GPU
2025-11-18 21:45:38,031 [INFO] face.config: FaceConfig initialised | device=cuda half=True | gallery=C:\Users\ildi\Desktop\GaitGuard\data\face_gallery.enc | dim=512 metric=cosine | q_enroll=0.60 q_embed=0.60 q_runtime=0.55 strong_dist=0.850 weak_dist=0.930 | route(lookback=2.0s, max_entries=30, every_n=5, min_interval_ms=150)
2025-11-18 21:45:38,031 [INFO] face.detector_align: Initialising FaceDetectorAligner with pack=buffalo_l ctx_id=0 det_size=(640, 640) providers=['CUDAExecutionProvider', 'CPUExecutionProvider']
2025-11-18 21:45:38,940 [INFO] face.route: FaceRoute initialised | lookback=2.0s | max_entries=30 | every_n_frames=5 | min_interval_ms=150
2025-11-18 21:45:38,940 [INFO] identity.crypto: Loaded AES key from env var 'GAITGUARD_FACE_KEY' (length=32 bytes, fp=4e401724).
2025-11-18 21:45:38,964 [INFO] identity.face_gallery: Face gallery loaded from C:\Users\ildi\Desktop\GaitGuard\data\face_gallery.enc (persons=4).
2025-11-18 21:45:38,964 [INFO] identity.identity_engine: FaceIdentityEngine initialised | strong_match_dist=0.850 weak_match_dist=0.930 min_q_runtime=0.550 confirm=3 switch=4 lookback=2.0s half_life=2.0s stale_after=6.0s
2025-11-18 21:45:43,823 [INFO] gaitguard.main: GaitGuard pipeline (Phase-1 + Face 2A) started. Press ESC to exit.
2025-11-18 21:45:45,361 [INFO] identity.face_gallery: Face gallery FAISS index rebuilt (templates=30).
2025-11-18 21:45:46,640 [INFO] gaitguard.main: FPS=10.8 | tracks=1 | alerts=0
2025-11-18 21:45:48,064 [INFO] gaitguard.main: FPS=14.2 | tracks=1 | alerts=0
2025-11-18 21:45:49,509 [INFO] gaitguard.main: FPS=15.9 | tracks=1 | alerts=0
2025-11-18 21:45:50,992 [INFO] gaitguard.main: FPS=16.8 | tracks=1 | alerts=0
2025-11-18 21:45:52,464 [INFO] gaitguard.main: FPS=17.4 | tracks=1 | alerts=0
2025-11-18 21:45:54,195 [INFO] gaitguard.main: FPS=17.4 | tracks=1 | alerts=0
2025-11-18 21:45:56,064 [INFO] gaitguard.main: FPS=17.2 | tracks=1 | alerts=0
2025-11-18 21:45:57,953 [INFO] gaitguard.main: FPS=17.0 | tracks=1 | alerts=0
2025-11-18 21:45:59,714 [INFO] gaitguard.main: FPS=17.0 | tracks=1 | alerts=0
2025-11-18 21:46:01,630 [INFO] gaitguard.main: FPS=16.9 | tracks=1 | alerts=0
2025-11-18 21:46:03,442 [INFO] gaitguard.main: FPS=16.8 | tracks=1 | alerts=0
2025-11-18 21:46:05,331 [INFO] gaitguard.main: FPS=16.8 | tracks=1 | alerts=0
2025-11-18 21:46:07,114 [INFO] gaitguard.main: FPS=16.8 | tracks=1 | alerts=0
2025-11-18 21:46:09,115 [INFO] gaitguard.main: FPS=16.6 | tracks=1 | alerts=0
2025-11-18 21:46:10,903 [INFO] gaitguard.main: FPS=16.6 | tracks=1 | alerts=0
2025-11-18 21:46:12,710 [INFO] gaitguard.main: FPS=16.6 | tracks=1 | alerts=0
2025-11-18 21:46:14,535 [INFO] gaitguard.main: FPS=16.6 | tracks=1 | alerts=0
2025-11-18 21:46:16,394 [INFO] gaitguard.main: FPS=16.6 | tracks=1 | alerts=0
2025-11-18 21:46:18,270 [INFO] gaitguard.main: FPS=16.6 | tracks=1 | alerts=0
2025-11-18 21:46:20,132 [INFO] gaitguard.main: FPS=16.5 | tracks=1 | alerts=0
2025-11-18 21:46:21,918 [INFO] gaitguard.main: FPS=16.5 | tracks=1 | alerts=0
2025-11-18 21:46:23,784 [INFO] gaitguard.main: FPS=16.5 | tracks=1 | alerts=0
2025-11-18 21:46:25,649 [INFO] gaitguard.main: FPS=16.5 | tracks=1 | alerts=0
2025-11-18 21:46:27,574 [INFO] gaitguard.main: FPS=16.5 | tracks=1 | alerts=0
2025-11-18 21:46:29,400 [INFO] gaitguard.main: FPS=16.5 | tracks=1 | alerts=0
2025-11-18 21:46:31,178 [INFO] gaitguard.main: FPS=16.5 | tracks=1 | alerts=0
2025-11-18 21:46:32,980 [INFO] gaitguard.main: FPS=16.5 | tracks=1 | alerts=0
2025-11-18 21:46:34,854 [INFO] gaitguard.main: FPS=16.5 | tracks=1 | alerts=0
2025-11-18 21:46:36,745 [INFO] gaitguard.main: FPS=16.4 | tracks=2 | alerts=0
2025-11-18 21:46:38,751 [INFO] gaitguard.main: FPS=16.4 | tracks=3 | alerts=0
2025-11-18 21:46:40,733 [INFO] gaitguard.main: FPS=16.4 | tracks=2 | alerts=0
2025-11-18 21:46:42,541 [INFO] gaitguard.main: FPS=16.4 | tracks=1 | alerts=0
2025-11-18 21:46:44,083 [INFO] gaitguard.main: FPS=16.4 | tracks=2 | alerts=0
2025-11-18 21:46:45,746 [INFO] gaitguard.main: FPS=16.5 | tracks=2 | alerts=0
2025-11-18 21:46:47,536 [INFO] gaitguard.main: FPS=16.5 | tracks=1 | alerts=0
2025-11-18 21:46:49,362 [INFO] gaitguard.main: FPS=16.5 | tracks=1 | alerts=0
2025-11-18 21:46:51,101 [INFO] gaitguard.main: FPS=16.5 | tracks=1 | alerts=0
2025-11-18 21:46:52,838 [INFO] gaitguard.main: FPS=16.5 | tracks=2 | alerts=0
2025-11-18 21:46:54,729 [INFO] gaitguard.main: FPS=16.5 | tracks=1 | alerts=0
2025-11-18 21:46:56,591 [INFO] gaitguard.main: FPS=16.5 | tracks=1 | alerts=0
2025-11-18 21:46:58,457 [INFO] gaitguard.main: FPS=16.5 | tracks=1 | alerts=0
2025-11-18 21:47:00,312 [INFO] gaitguard.main: FPS=16.5 | tracks=1 | alerts=0
2025-11-18 21:47:01,919 [INFO] gaitguard.main: FPS=16.5 | tracks=1 | alerts=0
2025-11-18 21:47:03,632 [INFO] gaitguard.main: FPS=16.5 | tracks=1 | alerts=0
2025-11-18 21:47:05,449 [INFO] gaitguard.main: FPS=16.5 | tracks=1 | alerts=0
2025-11-18 21:47:07,255 [INFO] gaitguard.main: FPS=16.5 | tracks=1 | alerts=0
2025-11-18 21:47:09,113 [INFO] gaitguard.main: FPS=16.5 | tracks=1 | alerts=0
2025-11-18 21:47:10,934 [INFO] gaitguard.main: FPS=16.5 | tracks=1 | alerts=0
2025-11-18 21:47:12,864 [INFO] gaitguard.main: FPS=16.5 | tracks=1 | alerts=0
2025-11-18 21:47:14,726 [INFO] gaitguard.main: FPS=16.5 | tracks=1 | alerts=0
2025-11-18 21:47:16,521 [INFO] gaitguard.main: FPS=16.5 | tracks=1 | alerts=0
2025-11-18 21:47:18,375 [INFO] gaitguard.main: FPS=16.5 | tracks=1 | alerts=0
2025-11-18 21:47:20,287 [INFO] gaitguard.main: FPS=16.5 | tracks=1 | alerts=0
2025-11-18 21:47:22,194 [INFO] gaitguard.main: FPS=16.5 | tracks=1 | alerts=0
2025-11-18 21:47:24,016 [INFO] gaitguard.main: FPS=16.5 | tracks=1 | alerts=0
2025-11-18 21:47:25,952 [INFO] gaitguard.main: FPS=16.5 | tracks=1 | alerts=0
2025-11-18 21:47:27,833 [INFO] gaitguard.main: FPS=16.4 | tracks=1 | alerts=0
2025-11-18 21:47:29,630 [INFO] gaitguard.main: FPS=16.4 | tracks=1 | alerts=0
2025-11-18 21:47:31,600 [INFO] gaitguard.main: FPS=16.4 | tracks=1 | alerts=0
2025-11-18 21:47:33,419 [INFO] gaitguard.main: FPS=16.4 | tracks=1 | alerts=0
2025-11-18 21:47:35,445 [INFO] gaitguard.main: FPS=16.4 | tracks=1 | alerts=0
2025-11-18 21:47:37,403 [INFO] gaitguard.main: FPS=16.4 | tracks=1 | alerts=0
2025-11-18 21:47:39,345 [INFO] gaitguard.main: FPS=16.4 | tracks=1 | alerts=0
2025-11-18 21:47:41,261 [INFO] gaitguard.main: FPS=16.4 | tracks=1 | alerts=0
2025-11-18 21:47:43,180 [INFO] gaitguard.main: FPS=16.3 | tracks=1 | alerts=0
2025-11-18 21:47:44,979 [INFO] gaitguard.main: FPS=16.3 | tracks=1 | alerts=0
2025-11-18 21:47:46,818 [INFO] gaitguard.main: FPS=16.3 | tracks=1 | alerts=0
2025-11-18 21:47:48,696 [INFO] gaitguard.main: FPS=16.3 | tracks=1 | alerts=0
2025-11-18 21:47:50,568 [INFO] gaitguard.main: FPS=16.3 | tracks=1 | alerts=0
2025-11-18 21:47:52,383 [INFO] gaitguard.main: FPS=16.3 | tracks=1 | alerts=0
2025-11-18 21:47:54,205 [INFO] gaitguard.main: FPS=16.3 | tracks=1 | alerts=0
2025-11-18 21:47:56,161 [INFO] gaitguard.main: FPS=16.3 | tracks=1 | alerts=0
2025-11-18 21:47:57,956 [INFO] gaitguard.main: FPS=16.3 | tracks=1 | alerts=0
2025-11-18 21:47:59,843 [INFO] gaitguard.main: FPS=16.3 | tracks=1 | alerts=0
2025-11-18 21:48:01,687 [INFO] gaitguard.main: FPS=16.3 | tracks=1 | alerts=0
2025-11-18 21:48:03,512 [INFO] gaitguard.main: FPS=16.3 | tracks=1 | alerts=0
2025-11-18 21:48:05,410 [INFO] gaitguard.main: FPS=16.3 | tracks=1 | alerts=0
2025-11-18 21:48:07,297 [INFO] gaitguard.main: FPS=16.3 | tracks=1 | alerts=0
2025-11-18 21:48:09,101 [INFO] gaitguard.main: FPS=16.3 | tracks=1 | alerts=0
2025-11-18 21:48:10,970 [INFO] gaitguard.main: FPS=16.3 | tracks=1 | alerts=0
2025-11-18 21:48:12,741 [INFO] gaitguard.main: FPS=16.3 | tracks=1 | alerts=0
2025-11-18 21:48:14,575 [INFO] gaitguard.main: FPS=16.3 | tracks=1 | alerts=0
2025-11-18 21:48:16,135 [INFO] gaitguard.main: FPS=16.4 | tracks=1 | alerts=0
2025-11-18 21:48:17,370 [INFO] gaitguard.main: FPS=16.4 | tracks=1 | alerts=0
2025-11-18 21:48:18,586 [INFO] gaitguard.main: FPS=16.5 | tracks=1 | alerts=0
2025-11-18 21:48:19,811 [INFO] gaitguard.main: FPS=16.5 | tracks=1 | alerts=0
2025-11-18 21:48:21,001 [INFO] gaitguard.main: FPS=16.6 | tracks=1 | alerts=0
2025-11-18 21:48:22,360 [INFO] gaitguard.main: FPS=16.7 | tracks=1 | alerts=0
2025-11-18 21:48:23,848 [INFO] gaitguard.main: FPS=16.7 | tracks=1 | alerts=0
2025-11-18 21:48:25,654 [INFO] gaitguard.main: FPS=16.7 | tracks=1 | alerts=0
2025-11-18 21:48:27,440 [INFO] gaitguard.main: FPS=16.7 | tracks=1 | alerts=0
2025-11-18 21:48:29,233 [INFO] gaitguard.main: FPS=16.7 | tracks=1 | alerts=0
2025-11-18 21:48:30,905 [INFO] gaitguard.main: FPS=16.7 | tracks=1 | alerts=0
2025-11-18 21:48:32,242 [INFO] gaitguard.main: FPS=16.7 | tracks=1 | alerts=0
2025-11-18 21:48:34,064 [INFO] gaitguard.main: FPS=16.7 | tracks=1 | alerts=0
2025-11-18 21:48:35,929 [INFO] gaitguard.main: FPS=16.7 | tracks=1 | alerts=0
2025-11-18 21:48:37,786 [INFO] gaitguard.main: FPS=16.7 | tracks=1 | alerts=0
2025-11-18 21:48:39,698 [INFO] gaitguard.main: FPS=16.7 | tracks=1 | alerts=0
2025-11-18 21:48:41,530 [INFO] gaitguard.main: FPS=16.7 | tracks=1 | alerts=0
2025-11-18 21:48:43,392 [INFO] gaitguard.main: FPS=16.7 | tracks=1 | alerts=0
2025-11-18 21:48:45,201 [INFO] gaitguard.main: FPS=16.7 | tracks=1 | alerts=0
2025-11-18 21:48:47,061 [INFO] gaitguard.main: FPS=16.7 | tracks=1 | alerts=0
2025-11-18 21:48:48,880 [INFO] gaitguard.main: FPS=16.7 | tracks=1 | alerts=0
2025-11-18 21:48:50,664 [INFO] gaitguard.main: FPS=16.7 | tracks=1 | alerts=0
2025-11-18 21:48:52,492 [INFO] gaitguard.main: FPS=16.7 | tracks=1 | alerts=0
2025-11-18 21:48:54,284 [INFO] gaitguard.main: FPS=16.7 | tracks=1 | alerts=0
2025-11-18 21:48:56,077 [INFO] gaitguard.main: FPS=16.7 | tracks=1 | alerts=0
2025-11-18 21:48:58,075 [INFO] gaitguard.main: FPS=16.7 | tracks=1 | alerts=0
2025-11-18 21:48:59,969 [INFO] gaitguard.main: FPS=16.7 | tracks=1 | alerts=0
2025-11-18 21:49:01,790 [INFO] gaitguard.main: FPS=16.7 | tracks=1 | alerts=0
2025-11-18 21:49:03,659 [INFO] gaitguard.main: FPS=16.7 | tracks=1 | alerts=0
2025-11-18 21:49:05,512 [INFO] gaitguard.main: FPS=16.7 | tracks=1 | alerts=0
2025-11-18 21:49:07,323 [INFO] gaitguard.main: FPS=16.7 | tracks=1 | alerts=0
2025-11-18 21:49:09,136 [INFO] gaitguard.main: FPS=16.7 | tracks=1 | alerts=0
2025-11-18 21:49:10,917 [INFO] gaitguard.main: FPS=16.7 | tracks=1 | alerts=0
2025-11-18 21:49:12,721 [INFO] gaitguard.main: FPS=16.7 | tracks=1 | alerts=0
2025-11-18 21:49:14,347 [INFO] gaitguard.main: FPS=16.7 | tracks=1 | alerts=0
2025-11-18 21:49:15,664 [INFO] gaitguard.main: FPS=16.7 | tracks=1 | alerts=0
2025-11-18 21:49:16,922 [INFO] gaitguard.main: FPS=16.8 | tracks=1 | alerts=0
2025-11-18 21:49:18,197 [INFO] gaitguard.main: FPS=16.8 | tracks=1 | alerts=0
2025-11-18 21:49:19,606 [INFO] gaitguard.main: FPS=16.8 | tracks=1 | alerts=0
2025-11-18 21:49:21,235 [INFO] gaitguard.main: FPS=16.8 | tracks=1 | alerts=0
2025-11-18 21:49:23,044 [INFO] gaitguard.main: FPS=16.8 | tracks=1 | alerts=0
2025-11-18 21:49:24,876 [INFO] gaitguard.main: FPS=16.8 | tracks=1 | alerts=0
2025-11-18 21:49:26,088 [INFO] gaitguard.main: FPS=16.9 | tracks=1 | alerts=0
2025-11-18 21:49:27,310 [INFO] gaitguard.main: FPS=16.9 | tracks=1 | alerts=0
2025-11-18 21:49:28,514 [INFO] gaitguard.main: FPS=17.0 | tracks=1 | alerts=0
2025-11-18 21:49:29,767 [INFO] gaitguard.main: FPS=17.0 | tracks=1 | alerts=0
2025-11-18 21:49:30,977 [INFO] gaitguard.main: FPS=17.0 | tracks=1 | alerts=0
2025-11-18 21:49:32,210 [INFO] gaitguard.main: FPS=17.1 | tracks=1 | alerts=0
2025-11-18 21:49:33,535 [INFO] gaitguard.main: FPS=17.1 | tracks=1 | alerts=0
2025-11-18 21:49:35,011 [INFO] gaitguard.main: FPS=17.1 | tracks=1 | alerts=0
2025-11-18 21:49:36,498 [INFO] gaitguard.main: FPS=17.2 | tracks=1 | alerts=0
2025-11-18 21:49:38,133 [INFO] gaitguard.main: FPS=17.2 | tracks=1 | alerts=0
2025-11-18 21:49:39,951 [INFO] gaitguard.main: FPS=17.2 | tracks=1 | alerts=0
2025-11-18 21:49:41,796 [INFO] gaitguard.main: FPS=17.1 | tracks=1 | alerts=0
2025-11-18 21:49:43,626 [INFO] gaitguard.main: FPS=17.1 | tracks=1 | alerts=0
2025-11-18 21:49:45,500 [INFO] gaitguard.main: FPS=17.1 | tracks=1 | alerts=0
2025-11-18 21:49:47,342 [INFO] gaitguard.main: FPS=17.1 | tracks=1 | alerts=0
2025-11-18 21:49:49,209 [INFO] gaitguard.main: FPS=17.1 | tracks=1 | alerts=0
2025-11-18 21:49:51,085 [INFO] gaitguard.main: FPS=17.1 | tracks=1 | alerts=0
2025-11-18 21:49:52,964 [INFO] gaitguard.main: FPS=17.1 | tracks=1 | alerts=0
2025-11-18 21:49:54,808 [INFO] gaitguard.main: FPS=17.1 | tracks=1 | alerts=0
2025-11-18 21:49:56,785 [INFO] gaitguard.main: FPS=17.1 | tracks=1 | alerts=0
2025-11-18 21:49:58,771 [INFO] gaitguard.main: FPS=17.1 | tracks=1 | alerts=0
2025-11-18 21:50:00,831 [INFO] gaitguard.main: FPS=17.0 | tracks=1 | alerts=0
2025-11-18 21:50:02,795 [INFO] gaitguard.main: FPS=17.0 | tracks=1 | alerts=0
2025-11-18 21:50:04,799 [INFO] gaitguard.main: FPS=17.0 | tracks=1 | alerts=0
2025-11-18 21:50:06,801 [INFO] gaitguard.main: FPS=17.0 | tracks=1 | alerts=0
2025-11-18 21:50:08,782 [INFO] gaitguard.main: FPS=17.0 | tracks=1 | alerts=0
2025-11-18 21:50:10,624 [INFO] gaitguard.main: FPS=17.0 | tracks=1 | alerts=0
2025-11-18 21:50:12,419 [INFO] gaitguard.main: FPS=17.0 | tracks=1 | alerts=0
2025-11-18 21:50:14,232 [INFO] gaitguard.main: FPS=17.0 | tracks=1 | alerts=0
2025-11-18 21:50:16,102 [INFO] gaitguard.main: FPS=17.0 | tracks=1 | alerts=0
2025-11-18 21:50:17,886 [INFO] gaitguard.main: FPS=17.0 | tracks=1 | alerts=0
2025-11-18 21:50:19,167 [INFO] gaitguard.main: FPS=17.0 | tracks=1 | alerts=0
2025-11-18 21:50:20,482 [INFO] gaitguard.main: FPS=17.0 | tracks=1 | alerts=0
2025-11-18 21:50:21,758 [INFO] gaitguard.main: FPS=17.1 | tracks=1 | alerts=0
2025-11-18 21:50:23,030 [INFO] gaitguard.main: FPS=17.1 | tracks=1 | alerts=0
2025-11-18 21:50:24,351 [INFO] gaitguard.main: FPS=17.1 | tracks=1 | alerts=0
2025-11-18 21:50:25,718 [INFO] gaitguard.main: FPS=17.1 | tracks=1 | alerts=0
2025-11-18 21:50:27,348 [INFO] gaitguard.main: FPS=17.1 | tracks=1 | alerts=0
2025-11-18 21:50:29,291 [INFO] gaitguard.main: FPS=17.1 | tracks=1 | alerts=0
2025-11-18 21:50:31,241 [INFO] gaitguard.main: FPS=17.1 | tracks=1 | alerts=0
2025-11-18 21:50:33,116 [INFO] gaitguard.main: FPS=17.1 | tracks=1 | alerts=0
2025-11-18 21:50:34,905 [INFO] gaitguard.main: FPS=17.1 | tracks=1 | alerts=0
2025-11-18 21:50:36,735 [INFO] gaitguard.main: FPS=17.1 | tracks=1 | alerts=0
2025-11-18 21:50:38,527 [INFO] gaitguard.main: FPS=17.1 | tracks=1 | alerts=0
2025-11-18 21:50:40,406 [INFO] gaitguard.main: FPS=17.1 | tracks=1 | alerts=0
2025-11-18 21:50:42,273 [INFO] gaitguard.main: FPS=17.1 | tracks=1 | alerts=0
2025-11-18 21:50:44,227 [INFO] gaitguard.main: FPS=17.1 | tracks=1 | alerts=0
2025-11-18 21:50:46,069 [INFO] gaitguard.main: FPS=17.1 | tracks=1 | alerts=0
2025-11-18 21:50:47,894 [INFO] gaitguard.main: FPS=17.1 | tracks=1 | alerts=0
2025-11-18 21:50:49,701 [INFO] gaitguard.main: FPS=17.1 | tracks=1 | alerts=0
2025-11-18 21:50:51,509 [INFO] gaitguard.main: FPS=17.1 | tracks=1 | alerts=0
2025-11-18 21:50:53,338 [INFO] gaitguard.main: FPS=17.1 | tracks=1 | alerts=0
2025-11-18 21:50:55,125 [INFO] gaitguard.main: FPS=17.1 | tracks=1 | alerts=0
2025-11-18 21:50:56,930 [INFO] gaitguard.main: FPS=17.1 | tracks=1 | alerts=0
2025-11-18 21:50:58,768 [INFO] gaitguard.main: FPS=17.1 | tracks=1 | alerts=0
2025-11-18 21:51:00,550 [INFO] gaitguard.main: FPS=17.1 | tracks=1 | alerts=0
2025-11-18 21:51:02,353 [INFO] gaitguard.main: FPS=17.0 | tracks=1 | alerts=0
2025-11-18 21:51:04,155 [INFO] gaitguard.main: FPS=17.0 | tracks=1 | alerts=0
2025-11-18 21:51:05,941 [INFO] gaitguard.main: FPS=17.0 | tracks=1 | alerts=0
2025-11-18 21:51:07,350 [INFO] gaitguard.main: FPS=17.1 | tracks=1 | alerts=0
2025-11-18 21:51:09,112 [INFO] gaitguard.main: FPS=17.1 | tracks=1 | alerts=0
2025-11-18 21:51:10,920 [INFO] gaitguard.main: FPS=17.1 | tracks=1 | alerts=0
2025-11-18 21:51:12,716 [INFO] gaitguard.main: FPS=17.1 | tracks=1 | alerts=0
2025-11-18 21:51:14,516 [INFO] gaitguard.main: FPS=17.1 | tracks=1 | alerts=0
2025-11-18 21:51:16,335 [INFO] gaitguard.main: FPS=17.1 | tracks=1 | alerts=0
2025-11-18 21:51:18,136 [INFO] gaitguard.main: FPS=17.1 | tracks=1 | alerts=0
2025-11-18 21:51:19,936 [INFO] gaitguard.main: FPS=17.0 | tracks=1 | alerts=0
2025-11-18 21:51:21,325 [INFO] gaitguard.main: FPS=17.1 | tracks=1 | alerts=0
2025-11-18 21:51:22,997 [INFO] gaitguard.main: FPS=17.1 | tracks=1 | alerts=0
2025-11-18 21:51:24,789 [INFO] gaitguard.main: FPS=17.1 | tracks=1 | alerts=0
2025-11-18 21:51:26,596 [INFO] gaitguard.main: FPS=17.1 | tracks=1 | alerts=0
2025-11-18 21:51:28,396 [INFO] gaitguard.main: FPS=17.1 | tracks=1 | alerts=0
2025-11-18 21:51:30,218 [INFO] gaitguard.main: FPS=17.1 | tracks=1 | alerts=0
2025-11-18 21:51:32,005 [INFO] gaitguard.main: FPS=17.1 | tracks=1 | alerts=0
2025-11-18 21:51:33,817 [INFO] gaitguard.main: FPS=17.1 | tracks=1 | alerts=0
2025-11-18 21:51:35,632 [INFO] gaitguard.main: FPS=17.1 | tracks=1 | alerts=0
2025-11-18 21:51:37,427 [INFO] gaitguard.main: FPS=17.1 | tracks=1 | alerts=0
2025-11-18 21:51:39,231 [INFO] gaitguard.main: FPS=17.1 | tracks=1 | alerts=0
2025-11-18 21:51:41,059 [INFO] gaitguard.main: FPS=17.0 | tracks=1 | alerts=0
2025-11-18 21:51:42,912 [INFO] gaitguard.main: FPS=17.0 | tracks=1 | alerts=0
2025-11-18 21:51:44,752 [INFO] gaitguard.main: FPS=17.0 | tracks=1 | alerts=0
2025-11-18 21:51:46,583 [INFO] gaitguard.main: FPS=17.0 | tracks=1 | alerts=0
2025-11-18 21:51:48,396 [INFO] gaitguard.main: FPS=17.0 | tracks=1 | alerts=0
2025-11-18 21:51:50,192 [INFO] gaitguard.main: FPS=17.0 | tracks=1 | alerts=0
2025-11-18 21:51:51,993 [INFO] gaitguard.main: FPS=17.0 | tracks=1 | alerts=0
2025-11-18 21:51:53,789 [INFO] gaitguard.main: FPS=17.0 | tracks=1 | alerts=0
2025-11-18 21:51:55,619 [INFO] gaitguard.main: FPS=17.0 | tracks=1 | alerts=0
2025-11-18 21:51:57,412 [INFO] gaitguard.main: FPS=17.0 | tracks=1 | alerts=0
2025-11-18 21:51:59,232 [INFO] gaitguard.main: FPS=17.0 | tracks=1 | alerts=0
2025-11-18 21:52:01,173 [INFO] gaitguard.main: FPS=17.0 | tracks=1 | alerts=0
2025-11-18 21:52:02,975 [INFO] gaitguard.main: FPS=17.0 | tracks=1 | alerts=0
2025-11-18 21:52:04,848 [INFO] gaitguard.main: FPS=17.0 | tracks=1 | alerts=0
2025-11-18 21:52:06,787 [INFO] gaitguard.main: FPS=17.0 | tracks=1 | alerts=0
2025-11-18 21:52:08,537 [INFO] gaitguard.main: FPS=17.0 | tracks=1 | alerts=0
2025-11-18 21:52:10,388 [INFO] gaitguard.main: FPS=17.0 | tracks=1 | alerts=0
2025-11-18 21:52:12,207 [INFO] gaitguard.main: FPS=17.0 | tracks=1 | alerts=0
2025-11-18 21:52:14,037 [INFO] gaitguard.main: FPS=17.0 | tracks=1 | alerts=0
2025-11-18 21:52:15,828 [INFO] gaitguard.main: FPS=17.0 | tracks=1 | alerts=0
2025-11-18 21:52:17,604 [INFO] gaitguard.main: FPS=17.0 | tracks=1 | alerts=0
2025-11-18 21:52:19,414 [INFO] gaitguard.main: FPS=17.0 | tracks=1 | alerts=0
2025-11-18 21:52:21,225 [INFO] gaitguard.main: FPS=17.0 | tracks=1 | alerts=0
2025-11-18 21:52:23,041 [INFO] gaitguard.main: FPS=17.0 | tracks=1 | alerts=0
2025-11-18 21:52:24,845 [INFO] gaitguard.main: FPS=17.0 | tracks=1 | alerts=0
2025-11-18 21:52:26,654 [INFO] gaitguard.main: FPS=17.0 | tracks=1 | alerts=0
2025-11-18 21:52:28,502 [INFO] gaitguard.main: FPS=17.0 | tracks=1 | alerts=0
2025-11-18 21:52:30,429 [INFO] gaitguard.main: FPS=17.0 | tracks=1 | alerts=0
2025-11-18 21:52:32,229 [INFO] gaitguard.main: FPS=17.0 | tracks=1 | alerts=0
2025-11-18 21:52:34,094 [INFO] gaitguard.main: FPS=17.0 | tracks=1 | alerts=0
2025-11-18 21:52:35,860 [INFO] gaitguard.main: FPS=17.0 | tracks=1 | alerts=0
2025-11-18 21:52:37,681 [INFO] gaitguard.main: FPS=17.0 | tracks=1 | alerts=0
2025-11-18 21:52:39,495 [INFO] gaitguard.main: FPS=17.0 | tracks=1 | alerts=0
2025-11-18 21:52:41,260 [INFO] gaitguard.main: FPS=17.0 | tracks=1 | alerts=0
2025-11-18 21:52:43,132 [INFO] gaitguard.main: FPS=17.0 | tracks=1 | alerts=0
2025-11-18 21:52:44,943 [INFO] gaitguard.main: FPS=17.0 | tracks=1 | alerts=0
2025-11-18 21:52:46,728 [INFO] gaitguard.main: FPS=17.0 | tracks=1 | alerts=0
2025-11-18 21:52:48,610 [INFO] gaitguard.main: FPS=17.0 | tracks=1 | alerts=0
2025-11-18 21:52:50,455 [INFO] gaitguard.main: FPS=16.9 | tracks=1 | alerts=0
2025-11-18 21:52:52,311 [INFO] gaitguard.main: FPS=16.9 | tracks=1 | alerts=0
2025-11-18 21:52:54,138 [INFO] gaitguard.main: FPS=16.9 | tracks=1 | alerts=0
2025-11-18 21:52:56,030 [INFO] gaitguard.main: FPS=16.9 | tracks=1 | alerts=0
2025-11-18 21:52:57,856 [INFO] gaitguard.main: FPS=16.9 | tracks=1 | alerts=0
2025-11-18 21:52:59,750 [INFO] gaitguard.main: FPS=16.9 | tracks=1 | alerts=0
2025-11-18 21:53:01,685 [INFO] gaitguard.main: FPS=16.9 | tracks=1 | alerts=0
2025-11-18 21:53:03,618 [INFO] gaitguard.main: FPS=16.9 | tracks=1 | alerts=0
2025-11-18 21:53:05,529 [INFO] gaitguard.main: FPS=16.9 | tracks=1 | alerts=0
2025-11-18 21:53:07,352 [INFO] gaitguard.main: FPS=16.9 | tracks=1 | alerts=0
2025-11-18 21:53:09,239 [INFO] gaitguard.main: FPS=16.9 | tracks=1 | alerts=0
2025-11-18 21:53:11,226 [INFO] gaitguard.main: FPS=16.9 | tracks=1 | alerts=0
2025-11-18 21:53:13,028 [INFO] gaitguard.main: FPS=16.9 | tracks=1 | alerts=0
2025-11-18 21:53:15,082 [INFO] gaitguard.main: FPS=16.9 | tracks=1 | alerts=0
2025-11-18 21:53:16,897 [INFO] gaitguard.main: FPS=16.9 | tracks=1 | alerts=0
2025-11-18 21:53:18,689 [INFO] gaitguard.main: FPS=16.9 | tracks=1 | alerts=0
2025-11-18 21:53:20,659 [INFO] gaitguard.main: FPS=16.9 | tracks=1 | alerts=0
2025-11-18 21:53:22,529 [INFO] gaitguard.main: FPS=16.9 | tracks=1 | alerts=0
2025-11-18 21:53:24,474 [INFO] gaitguard.main: FPS=16.9 | tracks=1 | alerts=0
2025-11-18 21:53:26,362 [INFO] gaitguard.main: FPS=16.9 | tracks=1 | alerts=0
2025-11-18 21:53:28,234 [INFO] gaitguard.main: FPS=16.9 | tracks=1 | alerts=0
2025-11-18 21:53:30,151 [INFO] gaitguard.main: FPS=16.9 | tracks=1 | alerts=0
2025-11-18 21:53:32,040 [INFO] gaitguard.main: FPS=16.9 | tracks=1 | alerts=0
2025-11-18 21:53:33,884 [INFO] gaitguard.main: FPS=16.8 | tracks=1 | alerts=0
2025-11-18 21:53:36,153 [INFO] gaitguard.main: FPS=16.8 | tracks=3 | alerts=0
2025-11-18 21:53:37,939 [INFO] gaitguard.main: FPS=16.8 | tracks=1 | alerts=0
2025-11-18 21:53:39,798 [INFO] gaitguard.main: FPS=16.8 | tracks=1 | alerts=0
2025-11-18 21:53:41,642 [INFO] gaitguard.main: FPS=16.8 | tracks=1 | alerts=0
2025-11-18 21:53:43,416 [INFO] gaitguard.main: FPS=16.8 | tracks=1 | alerts=0
2025-11-18 21:53:44,926 [INFO] gaitguard.main: FPS=16.8 | tracks=1 | alerts=0
2025-11-18 21:53:46,440 [INFO] gaitguard.main: FPS=16.8 | tracks=1 | alerts=0
2025-11-18 21:53:48,070 [INFO] gaitguard.main: FPS=16.9 | tracks=1 | alerts=0
2025-11-18 21:53:49,908 [INFO] gaitguard.main: FPS=16.9 | tracks=1 | alerts=0
2025-11-18 21:53:51,709 [INFO] gaitguard.main: FPS=16.8 | tracks=1 | alerts=0
2025-11-18 21:53:53,518 [INFO] gaitguard.main: FPS=16.8 | tracks=1 | alerts=0
2025-11-18 21:53:54,984 [INFO] gaitguard.main: FPS=16.9 | tracks=1 | alerts=0
2025-11-18 21:53:56,315 [INFO] gaitguard.main: FPS=16.9 | tracks=1 | alerts=0
2025-11-18 21:53:57,576 [INFO] gaitguard.main: FPS=16.9 | tracks=1 | alerts=0
2025-11-18 21:53:58,840 [INFO] gaitguard.main: FPS=16.9 | tracks=1 | alerts=0
2025-11-18 21:54:00,120 [INFO] gaitguard.main: FPS=16.9 | tracks=1 | alerts=0
2025-11-18 21:54:01,431 [INFO] gaitguard.main: FPS=16.9 | tracks=1 | alerts=0
2025-11-18 21:54:02,685 [INFO] gaitguard.main: FPS=17.0 | tracks=1 | alerts=0
2025-11-18 21:54:03,970 [INFO] gaitguard.main: FPS=17.0 | tracks=1 | alerts=0
2025-11-18 21:54:05,297 [INFO] gaitguard.main: FPS=17.0 | tracks=1 | alerts=0
2025-11-18 21:54:06,558 [INFO] gaitguard.main: FPS=17.0 | tracks=1 | alerts=0
2025-11-18 21:54:07,851 [INFO] gaitguard.main: FPS=17.0 | tracks=1 | alerts=0
2025-11-18 21:54:09,140 [INFO] gaitguard.main: FPS=17.0 | tracks=1 | alerts=0
2025-11-18 21:54:10,400 [INFO] gaitguard.main: FPS=17.1 | tracks=1 | alerts=0
2025-11-18 21:54:11,712 [INFO] gaitguard.main: FPS=17.1 | tracks=1 | alerts=0
2025-11-18 21:54:13,033 [INFO] gaitguard.main: FPS=17.1 | tracks=1 | alerts=0
2025-11-18 21:54:14,339 [INFO] gaitguard.main: FPS=17.1 | tracks=1 | alerts=0
2025-11-18 21:54:15,634 [INFO] gaitguard.main: FPS=17.1 | tracks=1 | alerts=0
2025-11-18 21:54:16,897 [INFO] gaitguard.main: FPS=17.1 | tracks=2 | alerts=0
2025-11-18 21:54:18,204 [INFO] gaitguard.main: FPS=17.1 | tracks=1 | alerts=0
2025-11-18 21:54:19,575 [INFO] gaitguard.main: FPS=17.2 | tracks=1 | alerts=0
2025-11-18 21:54:20,847 [INFO] gaitguard.main: FPS=17.2 | tracks=2 | alerts=0
2025-11-18 21:54:22,240 [INFO] gaitguard.main: FPS=17.2 | tracks=1 | alerts=0
2025-11-18 21:54:23,470 [INFO] gaitguard.main: FPS=17.2 | tracks=2 | alerts=0
2025-11-18 21:54:24,863 [INFO] gaitguard.main: FPS=17.2 | tracks=1 | alerts=0
2025-11-18 21:54:26,145 [INFO] gaitguard.main: FPS=17.2 | tracks=1 | alerts=0
2025-11-18 21:54:27,806 [INFO] gaitguard.main: FPS=17.2 | tracks=1 | alerts=0
2025-11-18 21:54:29,319 [INFO] gaitguard.main: FPS=17.2 | tracks=1 | alerts=0
2025-11-18 21:54:30,790 [INFO] gaitguard.main: FPS=17.3 | tracks=1 | alerts=0
2025-11-18 21:54:32,310 [INFO] gaitguard.main: FPS=17.3 | tracks=1 | alerts=0
2025-11-18 21:54:33,770 [INFO] gaitguard.main: FPS=17.3 | tracks=1 | alerts=0
2025-11-18 21:54:35,269 [INFO] gaitguard.main: FPS=17.3 | tracks=1 | alerts=0
2025-11-18 21:54:36,774 [INFO] gaitguard.main: FPS=17.3 | tracks=1 | alerts=0
2025-11-18 21:54:38,274 [INFO] gaitguard.main: FPS=17.3 | tracks=1 | alerts=0
2025-11-18 21:54:39,713 [INFO] gaitguard.main: FPS=17.3 | tracks=1 | alerts=0
2025-11-18 21:54:41,060 [INFO] gaitguard.main: FPS=17.3 | tracks=1 | alerts=0
2025-11-18 21:54:42,391 [INFO] gaitguard.main: FPS=17.3 | tracks=1 | alerts=0
2025-11-18 21:54:43,910 [INFO] gaitguard.main: FPS=17.3 | tracks=1 | alerts=0
2025-11-18 21:54:45,429 [INFO] gaitguard.main: FPS=17.3 | tracks=1 | alerts=0
2025-11-18 21:54:46,942 [INFO] gaitguard.main: FPS=17.3 | tracks=1 | alerts=0
2025-11-18 21:54:48,499 [INFO] gaitguard.main: FPS=17.4 | tracks=1 | alerts=0
2025-11-18 21:54:50,389 [INFO] gaitguard.main: FPS=17.3 | tracks=1 | alerts=0
2025-11-18 21:54:52,301 [INFO] gaitguard.main: FPS=17.3 | tracks=1 | alerts=0
2025-11-18 21:54:54,181 [INFO] gaitguard.main: FPS=17.3 | tracks=1 | alerts=0
2025-11-18 21:54:56,170 [INFO] gaitguard.main: FPS=17.3 | tracks=1 | alerts=0
2025-11-18 21:54:58,011 [INFO] gaitguard.main: FPS=17.3 | tracks=1 | alerts=0
2025-11-18 21:54:59,889 [INFO] gaitguard.main: FPS=17.3 | tracks=1 | alerts=0
2025-11-18 21:55:01,809 [INFO] gaitguard.main: FPS=17.3 | tracks=1 | alerts=0
2025-11-18 21:55:03,690 [INFO] gaitguard.main: FPS=17.3 | tracks=1 | alerts=0
2025-11-18 21:55:05,793 [INFO] gaitguard.main: FPS=17.3 | tracks=1 | alerts=0
2025-11-18 21:55:07,532 [INFO] gaitguard.main: FPS=17.3 | tracks=1 | alerts=0
2025-11-18 21:55:09,355 [INFO] gaitguard.main: FPS=17.3 | tracks=1 | alerts=0
2025-11-18 21:55:11,107 [INFO] gaitguard.main: FPS=17.3 | tracks=1 | alerts=0
2025-11-18 21:55:12,406 [INFO] gaitguard.main: FPS=17.3 | tracks=1 | alerts=0
2025-11-18 21:55:13,677 [INFO] gaitguard.main: FPS=17.3 | tracks=1 | alerts=0
2025-11-18 21:55:15,006 [INFO] gaitguard.main: FPS=17.3 | tracks=1 | alerts=0
2025-11-18 21:55:16,552 [INFO] gaitguard.main: FPS=17.3 | tracks=1 | alerts=0
2025-11-18 21:55:18,103 [INFO] gaitguard.main: FPS=17.3 | tracks=1 | alerts=0
2025-11-18 21:55:19,675 [INFO] gaitguard.main: FPS=17.3 | tracks=1 | alerts=0
2025-11-18 21:55:21,407 [INFO] gaitguard.main: FPS=17.3 | tracks=1 | alerts=0
2025-11-18 21:55:23,215 [INFO] gaitguard.main: FPS=17.3 | tracks=1 | alerts=0
2025-11-18 21:55:25,080 [INFO] gaitguard.main: FPS=17.3 | tracks=1 | alerts=0
2025-11-18 21:55:26,876 [INFO] gaitguard.main: FPS=17.3 | tracks=1 | alerts=0
2025-11-18 21:55:28,665 [INFO] gaitguard.main: FPS=17.3 | tracks=1 | alerts=0
2025-11-18 21:55:30,610 [INFO] gaitguard.main: FPS=17.3 | tracks=1 | alerts=0
2025-11-18 21:55:32,481 [INFO] gaitguard.main: FPS=17.3 | tracks=1 | alerts=0
2025-11-18 21:55:34,471 [INFO] gaitguard.main: FPS=17.3 | tracks=1 | alerts=0
2025-11-18 21:55:36,309 [INFO] gaitguard.main: FPS=17.3 | tracks=1 | alerts=0
2025-11-18 21:55:38,194 [INFO] gaitguard.main: FPS=17.3 | tracks=1 | alerts=0
2025-11-18 21:55:40,130 [INFO] gaitguard.main: FPS=17.3 | tracks=1 | alerts=0
2025-11-18 21:55:41,932 [INFO] gaitguard.main: FPS=17.3 | tracks=1 | alerts=0
2025-11-18 21:55:43,782 [INFO] gaitguard.main: FPS=17.3 | tracks=1 | alerts=0
2025-11-18 21:55:45,623 [INFO] gaitguard.main: FPS=17.3 | tracks=1 | alerts=0
2025-11-18 21:55:47,518 [INFO] gaitguard.main: FPS=17.3 | tracks=1 | alerts=0
2025-11-18 21:55:49,317 [INFO] gaitguard.main: FPS=17.3 | tracks=1 | alerts=0
2025-11-18 21:55:51,138 [INFO] gaitguard.main: FPS=17.3 | tracks=1 | alerts=0
2025-11-18 21:55:52,924 [INFO] gaitguard.main: FPS=17.3 | tracks=1 | alerts=0
2025-11-18 21:55:54,789 [INFO] gaitguard.main: FPS=17.3 | tracks=1 | alerts=0
2025-11-18 21:55:56,618 [INFO] gaitguard.main: FPS=17.3 | tracks=1 | alerts=0
2025-11-18 21:55:58,461 [INFO] gaitguard.main: FPS=17.3 | tracks=1 | alerts=0
2025-11-18 21:56:00,267 [INFO] gaitguard.main: FPS=17.3 | tracks=1 | alerts=0
2025-11-18 21:56:02,140 [INFO] gaitguard.main: FPS=17.3 | tracks=1 | alerts=0
2025-11-18 21:56:03,915 [INFO] gaitguard.main: FPS=17.3 | tracks=1 | alerts=0
2025-11-18 21:56:05,828 [INFO] gaitguard.main: FPS=17.3 | tracks=1 | alerts=0
2025-11-18 21:56:07,650 [INFO] gaitguard.main: FPS=17.3 | tracks=1 | alerts=0
2025-11-18 21:56:09,525 [INFO] gaitguard.main: FPS=17.3 | tracks=1 | alerts=0
2025-11-18 21:56:11,328 [INFO] gaitguard.main: FPS=17.3 | tracks=1 | alerts=0
2025-11-18 21:56:13,204 [INFO] gaitguard.main: FPS=17.3 | tracks=1 | alerts=0
2025-11-18 21:56:15,029 [INFO] gaitguard.main: FPS=17.3 | tracks=1 | alerts=0
2025-11-18 21:56:17,011 [INFO] gaitguard.main: FPS=17.2 | tracks=1 | alerts=0
2025-11-18 21:56:19,000 [INFO] gaitguard.main: FPS=17.2 | tracks=1 | alerts=0
2025-11-18 21:56:20,842 [INFO] gaitguard.main: FPS=17.2 | tracks=1 | alerts=0
2025-11-18 21:56:22,848 [INFO] gaitguard.main: FPS=17.2 | tracks=1 | alerts=0
2025-11-18 21:56:24,809 [INFO] gaitguard.main: FPS=17.2 | tracks=1 | alerts=0
2025-11-18 21:56:26,641 [INFO] gaitguard.main: FPS=17.2 | tracks=1 | alerts=0
2025-11-18 21:56:28,656 [INFO] gaitguard.main: FPS=17.2 | tracks=1 | alerts=0
2025-11-18 21:56:30,543 [INFO] gaitguard.main: FPS=17.2 | tracks=1 | alerts=0
2025-11-18 21:56:32,466 [INFO] gaitguard.main: FPS=17.2 | tracks=1 | alerts=0
2025-11-18 21:56:34,327 [INFO] gaitguard.main: FPS=17.2 | tracks=1 | alerts=0
2025-11-18 21:56:36,318 [INFO] gaitguard.main: FPS=17.2 | tracks=1 | alerts=0
2025-11-18 21:56:38,313 [INFO] gaitguard.main: FPS=17.2 | tracks=1 | alerts=0
2025-11-18 21:56:40,379 [INFO] gaitguard.main: FPS=17.2 | tracks=1 | alerts=0
2025-11-18 21:56:42,417 [INFO] gaitguard.main: FPS=17.2 | tracks=1 | alerts=0
2025-11-18 21:56:44,332 [INFO] gaitguard.main: FPS=17.2 | tracks=1 | alerts=0
2025-11-18 21:56:46,231 [INFO] gaitguard.main: FPS=17.2 | tracks=1 | alerts=0
2025-11-18 21:56:48,038 [INFO] gaitguard.main: FPS=17.2 | tracks=1 | alerts=0
2025-11-18 21:56:50,085 [INFO] gaitguard.main: FPS=17.2 | tracks=1 | alerts=0
2025-11-18 21:56:51,942 [INFO] gaitguard.main: FPS=17.2 | tracks=1 | alerts=0
2025-11-18 21:56:53,800 [INFO] gaitguard.main: FPS=17.2 | tracks=1 | alerts=0
2025-11-18 21:56:55,964 [INFO] gaitguard.main: FPS=17.1 | tracks=1 | alerts=0
2025-11-18 21:56:57,947 [INFO] gaitguard.main: FPS=17.1 | tracks=1 | alerts=0
2025-11-18 21:56:59,924 [INFO] gaitguard.main: FPS=17.1 | tracks=1 | alerts=0
2025-11-18 21:57:01,862 [INFO] gaitguard.main: FPS=17.1 | tracks=1 | alerts=0
2025-11-18 21:57:03,789 [INFO] gaitguard.main: FPS=17.1 | tracks=1 | alerts=0
2025-11-18 21:57:05,663 [INFO] gaitguard.main: FPS=17.1 | tracks=1 | alerts=0
2025-11-18 21:57:07,536 [INFO] gaitguard.main: FPS=17.1 | tracks=1 | alerts=0
2025-11-18 21:57:09,422 [INFO] gaitguard.main: FPS=17.1 | tracks=1 | alerts=0
2025-11-18 21:57:11,149 [INFO] gaitguard.main: FPS=17.1 | tracks=1 | alerts=0
2025-11-18 21:57:12,526 [INFO] gaitguard.main: FPS=17.1 | tracks=1 | alerts=0
2025-11-18 21:57:13,804 [INFO] gaitguard.main: FPS=17.1 | tracks=1 | alerts=0
2025-11-18 21:57:15,162 [INFO] gaitguard.main: FPS=17.1 | tracks=1 | alerts=0
2025-11-18 21:57:16,712 [INFO] gaitguard.main: FPS=17.1 | tracks=1 | alerts=0
2025-11-18 21:57:18,519 [INFO] gaitguard.main: FPS=17.1 | tracks=1 | alerts=0
2025-11-18 21:57:20,318 [INFO] gaitguard.main: FPS=17.1 | tracks=1 | alerts=0
2025-11-18 21:57:22,142 [INFO] gaitguard.main: FPS=17.1 | tracks=1 | alerts=0
2025-11-18 21:57:23,959 [INFO] gaitguard.main: FPS=17.1 | tracks=1 | alerts=0
2025-11-18 21:57:25,799 [INFO] gaitguard.main: FPS=17.1 | tracks=1 | alerts=0
2025-11-18 21:57:27,690 [INFO] gaitguard.main: FPS=17.1 | tracks=1 | alerts=0
2025-11-18 21:57:29,531 [INFO] gaitguard.main: FPS=17.1 | tracks=1 | alerts=0
2025-11-18 21:57:31,330 [INFO] gaitguard.main: FPS=17.1 | tracks=1 | alerts=0
2025-11-18 21:57:33,315 [INFO] gaitguard.main: FPS=17.1 | tracks=1 | alerts=0
2025-11-18 21:57:35,160 [INFO] gaitguard.main: FPS=17.1 | tracks=1 | alerts=0
2025-11-18 21:57:37,043 [INFO] gaitguard.main: FPS=17.1 | tracks=1 | alerts=0
2025-11-18 21:57:38,874 [INFO] gaitguard.main: FPS=17.1 | tracks=1 | alerts=0
2025-11-18 21:57:40,667 [INFO] gaitguard.main: FPS=17.1 | tracks=1 | alerts=0
2025-11-18 21:57:42,516 [INFO] gaitguard.main: FPS=17.1 | tracks=1 | alerts=0
2025-11-18 21:57:44,400 [INFO] gaitguard.main: FPS=17.1 | tracks=1 | alerts=0
2025-11-18 21:57:46,198 [INFO] gaitguard.main: FPS=17.1 | tracks=1 | alerts=0
2025-11-18 21:57:47,995 [INFO] gaitguard.main: FPS=17.1 | tracks=1 | alerts=0
2025-11-18 21:57:49,816 [INFO] gaitguard.main: FPS=17.1 | tracks=1 | alerts=0
2025-11-18 21:57:51,627 [INFO] gaitguard.main: FPS=17.1 | tracks=1 | alerts=0
2025-11-18 21:57:53,443 [INFO] gaitguard.main: FPS=17.1 | tracks=1 | alerts=0
2025-11-18 21:57:55,277 [INFO] gaitguard.main: FPS=17.1 | tracks=1 | alerts=0
2025-11-18 21:57:57,096 [INFO] gaitguard.main: FPS=17.1 | tracks=1 | alerts=0
2025-11-18 21:57:58,973 [INFO] gaitguard.main: FPS=17.1 | tracks=1 | alerts=0
2025-11-18 21:58:00,743 [INFO] gaitguard.main: FPS=17.1 | tracks=1 | alerts=0
2025-11-18 21:58:02,620 [INFO] gaitguard.main: FPS=17.1 | tracks=1 | alerts=0
2025-11-18 21:58:04,433 [INFO] gaitguard.main: FPS=17.1 | tracks=1 | alerts=0
2025-11-18 21:58:06,280 [INFO] gaitguard.main: FPS=17.1 | tracks=1 | alerts=0
2025-11-18 21:58:08,090 [INFO] gaitguard.main: FPS=17.1 | tracks=1 | alerts=0
2025-11-18 21:58:09,965 [INFO] gaitguard.main: FPS=17.1 | tracks=1 | alerts=0
2025-11-18 21:58:11,831 [INFO] gaitguard.main: FPS=17.1 | tracks=1 | alerts=0
2025-11-18 21:58:13,664 [INFO] gaitguard.main: FPS=17.1 | tracks=1 | alerts=0
2025-11-18 21:58:15,498 [INFO] gaitguard.main: FPS=17.1 | tracks=1 | alerts=0
2025-11-18 21:58:17,290 [INFO] gaitguard.main: FPS=17.1 | tracks=1 | alerts=0
2025-11-18 21:58:19,186 [INFO] gaitguard.main: FPS=17.1 | tracks=1 | alerts=0
2025-11-18 21:58:21,092 [INFO] gaitguard.main: FPS=17.1 | tracks=1 | alerts=0
2025-11-18 21:58:22,900 [INFO] gaitguard.main: FPS=17.1 | tracks=1 | alerts=0
2025-11-18 21:58:24,750 [INFO] gaitguard.main: FPS=17.1 | tracks=1 | alerts=0
2025-11-18 21:58:26,621 [INFO] gaitguard.main: FPS=17.1 | tracks=1 | alerts=0
2025-11-18 21:58:28,423 [INFO] gaitguard.main: FPS=17.1 | tracks=1 | alerts=0
2025-11-18 21:58:30,215 [INFO] gaitguard.main: FPS=17.1 | tracks=1 | alerts=0
2025-11-18 21:58:32,038 [INFO] gaitguard.main: FPS=17.1 | tracks=1 | alerts=0
2025-11-18 21:58:33,847 [INFO] gaitguard.main: FPS=17.1 | tracks=1 | alerts=0
2025-11-18 21:58:35,641 [INFO] gaitguard.main: FPS=17.1 | tracks=1 | alerts=0
2025-11-18 21:58:37,489 [INFO] gaitguard.main: FPS=17.1 | tracks=1 | alerts=0
2025-11-18 21:58:39,392 [INFO] gaitguard.main: FPS=17.1 | tracks=1 | alerts=0
2025-11-18 21:58:41,224 [INFO] gaitguard.main: FPS=17.1 | tracks=1 | alerts=0
2025-11-18 21:58:43,123 [INFO] gaitguard.main: FPS=17.1 | tracks=1 | alerts=0
2025-11-18 21:58:44,989 [INFO] gaitguard.main: FPS=17.1 | tracks=1 | alerts=0
2025-11-18 21:58:46,838 [INFO] gaitguard.main: FPS=17.1 | tracks=1 | alerts=0
2025-11-18 21:58:48,638 [INFO] gaitguard.main: FPS=17.0 | tracks=1 | alerts=0
2025-11-18 21:58:50,456 [INFO] gaitguard.main: FPS=17.0 | tracks=1 | alerts=0
2025-11-18 21:58:52,272 [INFO] gaitguard.main: FPS=17.0 | tracks=1 | alerts=0
2025-11-18 21:58:54,184 [INFO] gaitguard.main: FPS=17.0 | tracks=1 | alerts=0
2025-11-18 21:58:55,942 [INFO] gaitguard.main: FPS=17.0 | tracks=1 | alerts=0
2025-11-18 21:58:57,737 [INFO] gaitguard.main: FPS=17.0 | tracks=1 | alerts=0
2025-11-18 21:58:59,597 [INFO] gaitguard.main: FPS=17.0 | tracks=1 | alerts=0
2025-11-18 21:59:01,354 [INFO] gaitguard.main: FPS=17.0 | tracks=1 | alerts=0
2025-11-18 21:59:03,202 [INFO] gaitguard.main: FPS=17.0 | tracks=1 | alerts=0
2025-11-18 21:59:05,003 [INFO] gaitguard.main: FPS=17.0 | tracks=1 | alerts=0
2025-11-18 21:59:06,856 [INFO] gaitguard.main: FPS=17.0 | tracks=1 | alerts=0
2025-11-18 21:59:08,705 [INFO] gaitguard.main: FPS=17.0 | tracks=1 | alerts=0
2025-11-18 21:59:10,603 [INFO] gaitguard.main: FPS=17.0 | tracks=1 | alerts=0
2025-11-18 21:59:12,376 [INFO] gaitguard.main: FPS=17.0 | tracks=1 | alerts=0
2025-11-18 21:59:14,220 [INFO] gaitguard.main: FPS=17.0 | tracks=1 | alerts=0
2025-11-18 21:59:16,106 [INFO] gaitguard.main: FPS=17.0 | tracks=1 | alerts=0
2025-11-18 21:59:18,056 [INFO] gaitguard.main: FPS=17.0 | tracks=1 | alerts=0
2025-11-18 21:59:19,861 [INFO] gaitguard.main: FPS=17.0 | tracks=1 | alerts=0
2025-11-18 21:59:21,412 [INFO] gaitguard.main: FPS=17.0 | tracks=1 | alerts=0
2025-11-18 21:59:22,787 [INFO] gaitguard.main: FPS=17.0 | tracks=1 | alerts=0
2025-11-18 21:59:24,285 [INFO] gaitguard.main: FPS=17.0 | tracks=1 | alerts=0
2025-11-18 21:59:25,764 [INFO] gaitguard.main: FPS=17.0 | tracks=1 | alerts=0
2025-11-18 21:59:27,248 [INFO] gaitguard.main: FPS=17.1 | tracks=1 | alerts=0
2025-11-18 21:59:28,787 [INFO] gaitguard.main: FPS=17.1 | tracks=1 | alerts=0
2025-11-18 21:59:30,603 [INFO] gaitguard.main: FPS=17.1 | tracks=1 | alerts=0
2025-11-18 21:59:32,419 [INFO] gaitguard.main: FPS=17.1 | tracks=1 | alerts=0
2025-11-18 21:59:34,336 [INFO] gaitguard.main: FPS=17.1 | tracks=1 | alerts=0
2025-11-18 21:59:36,207 [INFO] gaitguard.main: FPS=17.0 | tracks=1 | alerts=0
2025-11-18 21:59:38,012 [INFO] gaitguard.main: FPS=17.0 | tracks=1 | alerts=0
2025-11-18 21:59:39,797 [INFO] gaitguard.main: FPS=17.0 | tracks=1 | alerts=0
2025-11-18 21:59:41,578 [INFO] gaitguard.main: FPS=17.0 | tracks=1 | alerts=0
2025-11-18 21:59:43,402 [INFO] gaitguard.main: FPS=17.0 | tracks=1 | alerts=0
2025-11-18 21:59:45,212 [INFO] gaitguard.main: FPS=17.0 | tracks=1 | alerts=0
2025-11-18 21:59:47,045 [INFO] gaitguard.main: FPS=17.0 | tracks=1 | alerts=0
2025-11-18 21:59:48,892 [INFO] gaitguard.main: FPS=17.0 | tracks=1 | alerts=0
2025-11-18 21:59:50,701 [INFO] gaitguard.main: FPS=17.0 | tracks=1 | alerts=0
2025-11-18 21:59:52,565 [INFO] gaitguard.main: FPS=17.0 | tracks=1 | alerts=0
2025-11-18 21:59:54,366 [INFO] gaitguard.main: FPS=17.0 | tracks=1 | alerts=0
2025-11-18 21:59:56,183 [INFO] gaitguard.main: FPS=17.0 | tracks=1 | alerts=0
2025-11-18 21:59:57,977 [INFO] gaitguard.main: FPS=17.0 | tracks=1 | alerts=0
2025-11-18 21:59:59,783 [INFO] gaitguard.main: FPS=17.0 | tracks=1 | alerts=0
2025-11-18 22:00:01,645 [INFO] gaitguard.main: FPS=17.0 | tracks=1 | alerts=0
2025-11-18 22:00:03,521 [INFO] gaitguard.main: FPS=17.0 | tracks=1 | alerts=0
2025-11-18 22:00:05,323 [INFO] gaitguard.main: FPS=17.0 | tracks=1 | alerts=0
2025-11-18 22:00:07,122 [INFO] gaitguard.main: FPS=17.0 | tracks=1 | alerts=0
2025-11-18 22:00:08,984 [INFO] gaitguard.main: FPS=17.0 | tracks=1 | alerts=0
2025-11-18 22:00:10,808 [INFO] gaitguard.main: FPS=17.0 | tracks=1 | alerts=0
2025-11-18 22:00:12,583 [INFO] gaitguard.main: FPS=17.0 | tracks=1 | alerts=0
2025-11-18 22:00:14,413 [INFO] gaitguard.main: FPS=17.0 | tracks=1 | alerts=0
2025-11-18 22:00:16,265 [INFO] gaitguard.main: FPS=17.0 | tracks=1 | alerts=0
2025-11-18 22:00:18,067 [INFO] gaitguard.main: FPS=17.0 | tracks=1 | alerts=0
2025-11-18 22:00:19,953 [INFO] gaitguard.main: FPS=17.0 | tracks=1 | alerts=0
2025-11-18 22:00:21,762 [INFO] gaitguard.main: FPS=17.0 | tracks=1 | alerts=0
2025-11-18 22:00:23,722 [INFO] gaitguard.main: FPS=17.0 | tracks=1 | alerts=0
2025-11-18 22:00:25,595 [INFO] gaitguard.main: FPS=17.0 | tracks=1 | alerts=0
2025-11-18 22:00:27,391 [INFO] gaitguard.main: FPS=17.0 | tracks=1 | alerts=0
2025-11-18 22:00:29,201 [INFO] gaitguard.main: FPS=17.0 | tracks=1 | alerts=0
2025-11-18 22:00:31,002 [INFO] gaitguard.main: FPS=17.0 | tracks=1 | alerts=0
2025-11-18 22:00:32,790 [INFO] gaitguard.main: FPS=17.0 | tracks=1 | alerts=0
2025-11-18 22:00:34,672 [INFO] gaitguard.main: FPS=17.0 | tracks=1 | alerts=0
2025-11-18 22:00:36,492 [INFO] gaitguard.main: FPS=17.0 | tracks=1 | alerts=0
2025-11-18 22:00:38,267 [INFO] gaitguard.main: FPS=17.0 | tracks=1 | alerts=0
2025-11-18 22:00:40,144 [INFO] gaitguard.main: FPS=17.0 | tracks=1 | alerts=0
2025-11-18 22:00:41,944 [INFO] gaitguard.main: FPS=17.0 | tracks=1 | alerts=0
2025-11-18 22:00:43,827 [INFO] gaitguard.main: FPS=17.0 | tracks=1 | alerts=0
2025-11-18 22:00:45,637 [INFO] gaitguard.main: FPS=17.0 | tracks=1 | alerts=0
2025-11-18 22:00:47,437 [INFO] gaitguard.main: FPS=17.0 | tracks=1 | alerts=0
2025-11-18 22:00:49,228 [INFO] gaitguard.main: FPS=17.0 | tracks=1 | alerts=0
2025-11-18 22:00:51,081 [INFO] gaitguard.main: FPS=17.0 | tracks=1 | alerts=0
2025-11-18 22:00:52,907 [INFO] gaitguard.main: FPS=17.0 | tracks=1 | alerts=0
2025-11-18 22:00:54,697 [INFO] gaitguard.main: FPS=17.0 | tracks=1 | alerts=0
2025-11-18 22:00:56,493 [INFO] gaitguard.main: FPS=17.0 | tracks=1 | alerts=0
2025-11-18 22:00:58,400 [INFO] gaitguard.main: FPS=17.0 | tracks=1 | alerts=0
2025-11-18 22:01:00,276 [INFO] gaitguard.main: FPS=17.0 | tracks=1 | alerts=0
2025-11-18 22:01:02,152 [INFO] gaitguard.main: FPS=17.0 | tracks=1 | alerts=0
2025-11-18 22:01:03,961 [INFO] gaitguard.main: FPS=17.0 | tracks=1 | alerts=0
2025-11-18 22:01:05,825 [INFO] gaitguard.main: FPS=17.0 | tracks=1 | alerts=0
2025-11-18 22:01:07,653 [INFO] gaitguard.main: FPS=17.0 | tracks=1 | alerts=0
2025-11-18 22:01:09,441 [INFO] gaitguard.main: FPS=17.0 | tracks=1 | alerts=0
2025-11-18 22:01:11,315 [INFO] gaitguard.main: FPS=17.0 | tracks=1 | alerts=0
2025-11-18 22:01:13,121 [INFO] gaitguard.main: FPS=17.0 | tracks=1 | alerts=0
2025-11-18 22:01:14,966 [INFO] gaitguard.main: FPS=17.0 | tracks=1 | alerts=0
2025-11-18 22:01:16,778 [INFO] gaitguard.main: FPS=17.0 | tracks=1 | alerts=0
2025-11-18 22:01:18,588 [INFO] gaitguard.main: FPS=17.0 | tracks=1 | alerts=0
2025-11-18 22:01:20,386 [INFO] gaitguard.main: FPS=17.0 | tracks=1 | alerts=0
2025-11-18 22:01:22,243 [INFO] gaitguard.main: FPS=17.0 | tracks=1 | alerts=0
2025-11-18 22:01:24,145 [INFO] gaitguard.main: FPS=17.0 | tracks=1 | alerts=0
2025-11-18 22:01:26,103 [INFO] gaitguard.main: FPS=17.0 | tracks=1 | alerts=0
2025-11-18 22:01:27,977 [INFO] gaitguard.main: FPS=17.0 | tracks=1 | alerts=0
2025-11-18 22:01:29,770 [INFO] gaitguard.main: FPS=17.0 | tracks=1 | alerts=0
2025-11-18 22:01:31,575 [INFO] gaitguard.main: FPS=17.0 | tracks=1 | alerts=0
2025-11-18 22:01:33,382 [INFO] gaitguard.main: FPS=17.0 | tracks=1 | alerts=0
2025-11-18 22:01:35,190 [INFO] gaitguard.main: FPS=17.0 | tracks=1 | alerts=0
2025-11-18 22:01:37,051 [INFO] gaitguard.main: FPS=17.0 | tracks=1 | alerts=0
2025-11-18 22:01:38,931 [INFO] gaitguard.main: FPS=17.0 | tracks=1 | alerts=0
2025-11-18 22:01:40,730 [INFO] gaitguard.main: FPS=17.0 | tracks=1 | alerts=0
2025-11-18 22:01:42,717 [INFO] gaitguard.main: FPS=17.0 | tracks=1 | alerts=0
2025-11-18 22:01:44,645 [INFO] gaitguard.main: FPS=17.0 | tracks=1 | alerts=0
2025-11-18 22:01:46,549 [INFO] gaitguard.main: FPS=17.0 | tracks=1 | alerts=0
2025-11-18 22:01:48,424 [INFO] gaitguard.main: FPS=17.0 | tracks=1 | alerts=0
2025-11-18 22:01:50,237 [INFO] gaitguard.main: FPS=16.9 | tracks=1 | alerts=0
2025-11-18 22:01:52,012 [INFO] gaitguard.main: FPS=16.9 | tracks=1 | alerts=0
2025-11-18 22:01:53,840 [INFO] gaitguard.main: FPS=16.9 | tracks=1 | alerts=0
2025-11-18 22:01:55,715 [INFO] gaitguard.main: FPS=16.9 | tracks=1 | alerts=0
2025-11-18 22:01:57,624 [INFO] gaitguard.main: FPS=16.9 | tracks=1 | alerts=0
2025-11-18 22:01:59,553 [INFO] gaitguard.main: FPS=16.9 | tracks=1 | alerts=0
2025-11-18 22:02:01,353 [INFO] gaitguard.main: FPS=16.9 | tracks=1 | alerts=0
2025-11-18 22:02:03,171 [INFO] gaitguard.main: FPS=16.9 | tracks=1 | alerts=0
2025-11-18 22:02:05,022 [INFO] gaitguard.main: FPS=16.9 | tracks=1 | alerts=0
2025-11-18 22:02:06,954 [INFO] gaitguard.main: FPS=16.9 | tracks=1 | alerts=0
2025-11-18 22:02:08,761 [INFO] gaitguard.main: FPS=16.9 | tracks=1 | alerts=0
2025-11-18 22:02:10,692 [INFO] gaitguard.main: FPS=16.9 | tracks=1 | alerts=0
2025-11-18 22:02:12,623 [INFO] gaitguard.main: FPS=16.9 | tracks=1 | alerts=0
2025-11-18 22:02:14,518 [INFO] gaitguard.main: FPS=16.9 | tracks=1 | alerts=0
2025-11-18 22:02:16,417 [INFO] gaitguard.main: FPS=16.9 | tracks=1 | alerts=0
2025-11-18 22:02:18,255 [INFO] gaitguard.main: FPS=16.9 | tracks=1 | alerts=0
2025-11-18 22:02:20,129 [INFO] gaitguard.main: FPS=16.9 | tracks=1 | alerts=0
2025-11-18 22:02:22,046 [INFO] gaitguard.main: FPS=16.9 | tracks=1 | alerts=0
2025-11-18 22:02:23,933 [INFO] gaitguard.main: FPS=16.9 | tracks=1 | alerts=0
2025-11-18 22:02:25,847 [INFO] gaitguard.main: FPS=16.9 | tracks=1 | alerts=0
2025-11-18 22:02:27,772 [INFO] gaitguard.main: FPS=16.9 | tracks=1 | alerts=0
2025-11-18 22:02:29,552 [INFO] gaitguard.main: FPS=16.9 | tracks=1 | alerts=0
2025-11-18 22:02:31,475 [INFO] gaitguard.main: FPS=16.9 | tracks=1 | alerts=0
2025-11-18 22:02:33,371 [INFO] gaitguard.main: FPS=16.9 | tracks=1 | alerts=0
2025-11-18 22:02:35,180 [INFO] gaitguard.main: FPS=16.9 | tracks=1 | alerts=0
2025-11-18 22:02:37,090 [INFO] gaitguard.main: FPS=16.9 | tracks=1 | alerts=0
2025-11-18 22:02:38,952 [INFO] gaitguard.main: FPS=16.9 | tracks=1 | alerts=0
2025-11-18 22:02:40,749 [INFO] gaitguard.main: FPS=16.9 | tracks=1 | alerts=0
2025-11-18 22:02:42,543 [INFO] gaitguard.main: FPS=16.9 | tracks=1 | alerts=0
2025-11-18 22:02:44,358 [INFO] gaitguard.main: FPS=16.9 | tracks=1 | alerts=0
2025-11-18 22:02:46,162 [INFO] gaitguard.main: FPS=16.9 | tracks=1 | alerts=0
2025-11-18 22:02:48,091 [INFO] gaitguard.main: FPS=16.9 | tracks=1 | alerts=0
2025-11-18 22:02:49,971 [INFO] gaitguard.main: FPS=16.9 | tracks=1 | alerts=0
2025-11-18 22:02:51,828 [INFO] gaitguard.main: FPS=16.9 | tracks=1 | alerts=0
2025-11-18 22:02:53,747 [INFO] gaitguard.main: FPS=16.9 | tracks=1 | alerts=0
2025-11-18 22:02:55,620 [INFO] gaitguard.main: FPS=16.9 | tracks=1 | alerts=0
2025-11-18 22:02:57,536 [INFO] gaitguard.main: FPS=16.9 | tracks=1 | alerts=0
2025-11-18 22:02:59,414 [INFO] gaitguard.main: FPS=16.9 | tracks=1 | alerts=0
2025-11-18 22:03:01,318 [INFO] gaitguard.main: FPS=16.9 | tracks=1 | alerts=0
2025-11-18 22:03:03,140 [INFO] gaitguard.main: FPS=16.9 | tracks=1 | alerts=0
2025-11-18 22:03:04,979 [INFO] gaitguard.main: FPS=16.9 | tracks=1 | alerts=0
2025-11-18 22:03:06,798 [INFO] gaitguard.main: FPS=16.9 | tracks=1 | alerts=0
2025-11-18 22:03:08,588 [INFO] gaitguard.main: FPS=16.9 | tracks=1 | alerts=0
2025-11-18 22:03:10,522 [INFO] gaitguard.main: FPS=16.9 | tracks=1 | alerts=0
2025-11-18 22:03:12,333 [INFO] gaitguard.main: FPS=16.9 | tracks=1 | alerts=0
2025-11-18 22:03:14,148 [INFO] gaitguard.main: FPS=16.9 | tracks=1 | alerts=0
2025-11-18 22:03:15,984 [INFO] gaitguard.main: FPS=16.9 | tracks=1 | alerts=0
2025-11-18 22:03:17,813 [INFO] gaitguard.main: FPS=16.9 | tracks=1 | alerts=0
2025-11-18 22:03:19,596 [INFO] gaitguard.main: FPS=16.9 | tracks=1 | alerts=0
2025-11-18 22:03:21,525 [INFO] gaitguard.main: FPS=16.9 | tracks=1 | alerts=0
2025-11-18 22:03:23,422 [INFO] gaitguard.main: FPS=16.9 | tracks=1 | alerts=0
2025-11-18 22:03:25,330 [INFO] gaitguard.main: FPS=16.9 | tracks=1 | alerts=0
2025-11-18 22:03:27,178 [INFO] gaitguard.main: FPS=16.9 | tracks=1 | alerts=0
2025-11-18 22:03:29,038 [INFO] gaitguard.main: FPS=16.9 | tracks=1 | alerts=0
2025-11-18 22:03:30,857 [INFO] gaitguard.main: FPS=16.9 | tracks=1 | alerts=0
2025-11-18 22:03:32,673 [INFO] gaitguard.main: FPS=16.9 | tracks=1 | alerts=0
2025-11-18 22:03:34,471 [INFO] gaitguard.main: FPS=16.9 | tracks=1 | alerts=0
2025-11-18 22:03:36,327 [INFO] gaitguard.main: FPS=16.9 | tracks=1 | alerts=0
2025-11-18 22:03:38,197 [INFO] gaitguard.main: FPS=16.9 | tracks=1 | alerts=0
2025-11-18 22:03:40,002 [INFO] gaitguard.main: FPS=16.9 | tracks=1 | alerts=0
2025-11-18 22:03:41,854 [INFO] gaitguard.main: FPS=16.9 | tracks=1 | alerts=0
2025-11-18 22:03:43,660 [INFO] gaitguard.main: FPS=16.9 | tracks=1 | alerts=0
2025-11-18 22:03:45,525 [INFO] gaitguard.main: FPS=16.9 | tracks=1 | alerts=0
2025-11-18 22:03:47,399 [INFO] gaitguard.main: FPS=16.9 | tracks=1 | alerts=0
2025-11-18 22:03:49,229 [INFO] gaitguard.main: FPS=16.9 | tracks=1 | alerts=0
2025-11-18 22:03:51,057 [INFO] gaitguard.main: FPS=16.9 | tracks=1 | alerts=0
2025-11-18 22:03:52,893 [INFO] gaitguard.main: FPS=16.9 | tracks=1 | alerts=0
2025-11-18 22:03:54,689 [INFO] gaitguard.main: FPS=16.9 | tracks=1 | alerts=0
2025-11-18 22:03:56,471 [INFO] gaitguard.main: FPS=16.9 | tracks=1 | alerts=0
2025-11-18 22:03:58,337 [INFO] gaitguard.main: FPS=16.9 | tracks=1 | alerts=0
2025-11-18 22:04:00,253 [INFO] gaitguard.main: FPS=16.9 | tracks=1 | alerts=0
2025-11-18 22:04:02,132 [INFO] gaitguard.main: FPS=16.9 | tracks=1 | alerts=0
2025-11-18 22:04:03,994 [INFO] gaitguard.main: FPS=16.9 | tracks=1 | alerts=0
2025-11-18 22:04:05,868 [INFO] gaitguard.main: FPS=16.9 | tracks=1 | alerts=0
2025-11-18 22:04:07,783 [INFO] gaitguard.main: FPS=16.8 | tracks=1 | alerts=0
2025-11-18 22:04:09,593 [INFO] gaitguard.main: FPS=16.8 | tracks=1 | alerts=0
2025-11-18 22:04:11,411 [INFO] gaitguard.main: FPS=16.8 | tracks=1 | alerts=0
2025-11-18 22:04:13,267 [INFO] gaitguard.main: FPS=16.8 | tracks=1 | alerts=0
2025-11-18 22:04:15,076 [INFO] gaitguard.main: FPS=16.8 | tracks=1 | alerts=0
2025-11-18 22:04:16,869 [INFO] gaitguard.main: FPS=16.8 | tracks=1 | alerts=0
2025-11-18 22:04:18,720 [INFO] gaitguard.main: FPS=16.8 | tracks=1 | alerts=0
2025-11-18 22:04:20,546 [INFO] gaitguard.main: FPS=16.8 | tracks=1 | alerts=0
2025-11-18 22:04:22,344 [INFO] gaitguard.main: FPS=16.8 | tracks=1 | alerts=0
2025-11-18 22:04:24,398 [INFO] gaitguard.main: FPS=16.8 | tracks=1 | alerts=0
2025-11-18 22:04:26,264 [INFO] gaitguard.main: FPS=16.8 | tracks=1 | alerts=0
2025-11-18 22:04:28,052 [INFO] gaitguard.main: FPS=16.8 | tracks=1 | alerts=0
2025-11-18 22:04:29,868 [INFO] gaitguard.main: FPS=16.8 | tracks=1 | alerts=0
2025-11-18 22:04:31,676 [INFO] gaitguard.main: FPS=16.8 | tracks=1 | alerts=0
2025-11-18 22:04:33,459 [INFO] gaitguard.main: FPS=16.8 | tracks=1 | alerts=0
2025-11-18 22:04:35,329 [INFO] gaitguard.main: FPS=16.8 | tracks=1 | alerts=0
2025-11-18 22:04:37,216 [INFO] gaitguard.main: FPS=16.8 | tracks=1 | alerts=0
2025-11-18 22:04:39,067 [INFO] gaitguard.main: FPS=16.8 | tracks=1 | alerts=0
2025-11-18 22:04:40,874 [INFO] gaitguard.main: FPS=16.8 | tracks=1 | alerts=0
2025-11-18 22:04:42,725 [INFO] gaitguard.main: FPS=16.8 | tracks=1 | alerts=0
2025-11-18 22:04:44,533 [INFO] gaitguard.main: FPS=16.8 | tracks=1 | alerts=0
2025-11-18 22:04:46,349 [INFO] gaitguard.main: FPS=16.8 | tracks=1 | alerts=0
2025-11-18 22:04:48,190 [INFO] gaitguard.main: FPS=16.8 | tracks=1 | alerts=0
2025-11-18 22:04:50,289 [INFO] gaitguard.main: FPS=16.8 | tracks=1 | alerts=0
2025-11-18 22:04:52,377 [INFO] gaitguard.main: FPS=16.8 | tracks=1 | alerts=0
2025-11-18 22:04:54,211 [INFO] gaitguard.main: FPS=16.8 | tracks=1 | alerts=0
2025-11-18 22:04:56,105 [INFO] gaitguard.main: FPS=16.8 | tracks=1 | alerts=0
2025-11-18 22:04:58,287 [INFO] gaitguard.main: FPS=16.8 | tracks=1 | alerts=0
2025-11-18 22:05:00,153 [INFO] gaitguard.main: FPS=16.8 | tracks=1 | alerts=0
2025-11-18 22:05:02,423 [INFO] gaitguard.main: FPS=16.8 | tracks=1 | alerts=0
2025-11-18 22:05:04,618 [INFO] gaitguard.main: FPS=16.8 | tracks=1 | alerts=0
2025-11-18 22:05:06,709 [INFO] gaitguard.main: FPS=16.8 | tracks=1 | alerts=0
2025-11-18 22:05:08,870 [INFO] gaitguard.main: FPS=16.8 | tracks=1 | alerts=0
2025-11-18 22:05:11,026 [INFO] gaitguard.main: FPS=16.8 | tracks=1 | alerts=0
2025-11-18 22:05:13,168 [INFO] gaitguard.main: FPS=16.8 | tracks=1 | alerts=0
2025-11-18 22:05:15,267 [INFO] gaitguard.main: FPS=16.8 | tracks=1 | alerts=0
2025-11-18 22:05:17,409 [INFO] gaitguard.main: FPS=16.8 | tracks=1 | alerts=0
2025-11-18 22:05:19,555 [INFO] gaitguard.main: FPS=16.8 | tracks=1 | alerts=0
2025-11-18 22:05:21,609 [INFO] gaitguard.main: FPS=16.8 | tracks=1 | alerts=0
2025-11-18 22:05:23,706 [INFO] gaitguard.main: FPS=16.8 | tracks=1 | alerts=0
2025-11-18 22:05:25,425 [INFO] gaitguard.main: FPS=16.8 | tracks=1 | alerts=0
2025-11-18 22:05:27,202 [INFO] gaitguard.main: FPS=16.8 | tracks=1 | alerts=0
2025-11-18 22:05:28,873 [INFO] gaitguard.main: FPS=16.8 | tracks=1 | alerts=0
2025-11-18 22:05:30,521 [INFO] gaitguard.main: FPS=16.8 | tracks=1 | alerts=0
2025-11-18 22:05:32,200 [INFO] gaitguard.main: FPS=16.8 | tracks=1 | alerts=0
2025-11-18 22:05:33,897 [INFO] gaitguard.main: FPS=16.8 | tracks=1 | alerts=0
2025-11-18 22:05:35,546 [INFO] gaitguard.main: FPS=16.8 | tracks=1 | alerts=0
2025-11-18 22:05:37,258 [INFO] gaitguard.main: FPS=16.8 | tracks=1 | alerts=0
2025-11-18 22:05:38,949 [INFO] gaitguard.main: FPS=16.8 | tracks=1 | alerts=0
2025-11-18 22:05:40,623 [INFO] gaitguard.main: FPS=16.8 | tracks=1 | alerts=0
2025-11-18 22:05:42,262 [INFO] gaitguard.main: FPS=16.8 | tracks=1 | alerts=0
2025-11-18 22:05:44,016 [INFO] gaitguard.main: FPS=16.8 | tracks=1 | alerts=0
2025-11-18 22:05:45,668 [INFO] gaitguard.main: FPS=16.8 | tracks=1 | alerts=0
2025-11-18 22:05:47,299 [INFO] gaitguard.main: FPS=16.8 | tracks=1 | alerts=0
2025-11-18 22:05:48,969 [INFO] gaitguard.main: FPS=16.8 | tracks=1 | alerts=0
2025-11-18 22:05:50,782 [INFO] gaitguard.main: FPS=16.8 | tracks=1 | alerts=0
2025-11-18 22:05:52,434 [INFO] gaitguard.main: FPS=16.8 | tracks=1 | alerts=0
2025-11-18 22:05:54,181 [INFO] gaitguard.main: FPS=16.8 | tracks=1 | alerts=0
2025-11-18 22:05:55,910 [INFO] gaitguard.main: FPS=16.8 | tracks=1 | alerts=0
2025-11-18 22:05:57,645 [INFO] gaitguard.main: FPS=16.8 | tracks=1 | alerts=0
2025-11-18 22:05:59,415 [INFO] gaitguard.main: FPS=16.8 | tracks=1 | alerts=0
2025-11-18 22:06:01,177 [INFO] gaitguard.main: FPS=16.8 | tracks=1 | alerts=0
2025-11-18 22:06:02,926 [INFO] gaitguard.main: FPS=16.8 | tracks=1 | alerts=0
2025-11-18 22:06:04,603 [INFO] gaitguard.main: FPS=16.8 | tracks=1 | alerts=0
2025-11-18 22:06:06,255 [INFO] gaitguard.main: FPS=16.8 | tracks=1 | alerts=0
2025-11-18 22:06:07,886 [INFO] gaitguard.main: FPS=16.8 | tracks=1 | alerts=0
2025-11-18 22:06:09,668 [INFO] gaitguard.main: FPS=16.8 | tracks=1 | alerts=0
2025-11-18 22:06:11,383 [INFO] gaitguard.main: FPS=16.8 | tracks=1 | alerts=0
2025-11-18 22:06:13,031 [INFO] gaitguard.main: FPS=16.8 | tracks=1 | alerts=0
2025-11-18 22:06:14,799 [INFO] gaitguard.main: FPS=16.8 | tracks=1 | alerts=0
2025-11-18 22:06:16,488 [INFO] gaitguard.main: FPS=16.8 | tracks=1 | alerts=0
2025-11-18 22:06:18,253 [INFO] gaitguard.main: FPS=16.8 | tracks=1 | alerts=0
2025-11-18 22:06:19,959 [INFO] gaitguard.main: FPS=16.8 | tracks=1 | alerts=0
2025-11-18 22:06:21,712 [INFO] gaitguard.main: FPS=16.8 | tracks=1 | alerts=0
2025-11-18 22:06:23,368 [INFO] gaitguard.main: FPS=16.8 | tracks=1 | alerts=0
2025-11-18 22:06:25,017 [INFO] gaitguard.main: FPS=16.8 | tracks=1 | alerts=0
2025-11-18 22:06:26,738 [INFO] gaitguard.main: FPS=16.8 | tracks=1 | alerts=0
2025-11-18 22:06:28,436 [INFO] gaitguard.main: FPS=16.8 | tracks=1 | alerts=0
2025-11-18 22:06:30,207 [INFO] gaitguard.main: FPS=16.8 | tracks=1 | alerts=0
2025-11-18 22:06:31,915 [INFO] gaitguard.main: FPS=16.8 | tracks=1 | alerts=0
2025-11-18 22:06:33,635 [INFO] gaitguard.main: FPS=16.8 | tracks=1 | alerts=0
2025-11-18 22:06:35,274 [INFO] gaitguard.main: FPS=16.8 | tracks=1 | alerts=0
2025-11-18 22:06:36,936 [INFO] gaitguard.main: FPS=16.8 | tracks=1 | alerts=0
2025-11-18 22:06:38,730 [INFO] gaitguard.main: FPS=16.8 | tracks=1 | alerts=0
2025-11-18 22:06:40,368 [INFO] gaitguard.main: FPS=16.8 | tracks=1 | alerts=0
2025-11-18 22:06:42,015 [INFO] gaitguard.main: FPS=16.8 | tracks=1 | alerts=0
2025-11-18 22:06:43,692 [INFO] gaitguard.main: FPS=16.8 | tracks=1 | alerts=0
2025-11-18 22:06:45,290 [INFO] gaitguard.main: FPS=16.8 | tracks=1 | alerts=0
2025-11-18 22:06:46,978 [INFO] gaitguard.main: FPS=16.8 | tracks=1 | alerts=0
2025-11-18 22:06:48,625 [INFO] gaitguard.main: FPS=16.8 | tracks=1 | alerts=0
2025-11-18 22:06:50,353 [INFO] gaitguard.main: FPS=16.8 | tracks=1 | alerts=0
2025-11-18 22:06:52,121 [INFO] gaitguard.main: FPS=16.8 | tracks=1 | alerts=0
2025-11-18 22:06:53,911 [INFO] gaitguard.main: FPS=16.8 | tracks=1 | alerts=0
2025-11-18 22:06:55,590 [INFO] gaitguard.main: FPS=16.8 | tracks=1 | alerts=0
2025-11-18 22:06:57,139 [INFO] gaitguard.main: FPS=16.8 | tracks=1 | alerts=0
2025-11-18 22:06:58,764 [INFO] gaitguard.main: FPS=16.8 | tracks=1 | alerts=0
2025-11-18 22:07:00,510 [INFO] gaitguard.main: FPS=16.8 | tracks=1 | alerts=0
2025-11-18 22:07:02,153 [INFO] gaitguard.main: FPS=16.8 | tracks=1 | alerts=0
2025-11-18 22:07:03,817 [INFO] gaitguard.main: FPS=16.8 | tracks=1 | alerts=0
2025-11-18 22:07:05,404 [INFO] gaitguard.main: FPS=16.8 | tracks=1 | alerts=0
2025-11-18 22:07:07,038 [INFO] gaitguard.main: FPS=16.8 | tracks=1 | alerts=0
2025-11-18 22:07:08,679 [INFO] gaitguard.main: FPS=16.8 | tracks=1 | alerts=0
2025-11-18 22:07:10,424 [INFO] gaitguard.main: FPS=16.8 | tracks=1 | alerts=0
2025-11-18 22:07:11,998 [INFO] gaitguard.main: FPS=16.8 | tracks=1 | alerts=0
2025-11-18 22:07:13,623 [INFO] gaitguard.main: FPS=16.8 | tracks=1 | alerts=0
2025-11-18 22:07:15,378 [INFO] gaitguard.main: FPS=16.8 | tracks=1 | alerts=0
2025-11-18 22:07:17,342 [INFO] gaitguard.main: FPS=16.8 | tracks=2 | alerts=0
2025-11-18 22:07:19,268 [INFO] gaitguard.main: FPS=16.8 | tracks=1 | alerts=0
2025-11-18 22:07:20,937 [INFO] gaitguard.main: FPS=16.8 | tracks=1 | alerts=0
2025-11-18 22:07:22,550 [INFO] gaitguard.main: FPS=16.8 | tracks=2 | alerts=0
2025-11-18 22:07:24,441 [INFO] gaitguard.main: FPS=16.8 | tracks=2 | alerts=0
2025-11-18 22:07:26,459 [INFO] gaitguard.main: FPS=16.8 | tracks=1 | alerts=0
2025-11-18 22:07:28,416 [INFO] gaitguard.main: FPS=16.8 | tracks=1 | alerts=0
2025-11-18 22:07:30,576 [INFO] gaitguard.main: FPS=16.8 | tracks=1 | alerts=0
2025-11-18 22:07:32,628 [INFO] gaitguard.main: FPS=16.8 | tracks=1 | alerts=0
2025-11-18 22:07:34,650 [INFO] gaitguard.main: FPS=16.8 | tracks=1 | alerts=0
2025-11-18 22:07:36,691 [INFO] gaitguard.main: FPS=16.8 | tracks=1 | alerts=0
2025-11-18 22:07:38,790 [INFO] gaitguard.main: FPS=16.8 | tracks=1 | alerts=0
2025-11-18 22:07:40,967 [INFO] gaitguard.main: FPS=16.8 | tracks=1 | alerts=0
2025-11-18 22:07:43,083 [INFO] gaitguard.main: FPS=16.8 | tracks=1 | alerts=0
2025-11-18 22:07:45,116 [INFO] gaitguard.main: FPS=16.8 | tracks=1 | alerts=0
2025-11-18 22:07:47,270 [INFO] gaitguard.main: FPS=16.8 | tracks=1 | alerts=0
2025-11-18 22:07:49,453 [INFO] gaitguard.main: FPS=16.8 | tracks=1 | alerts=0
2025-11-18 22:07:51,571 [INFO] gaitguard.main: FPS=16.8 | tracks=1 | alerts=0
2025-11-18 22:07:53,720 [INFO] gaitguard.main: FPS=16.8 | tracks=1 | alerts=0
2025-11-18 22:07:55,909 [INFO] gaitguard.main: FPS=16.8 | tracks=1 | alerts=0
2025-11-18 22:07:58,037 [INFO] gaitguard.main: FPS=16.8 | tracks=1 | alerts=0
2025-11-18 22:08:00,187 [INFO] gaitguard.main: FPS=16.8 | tracks=1 | alerts=0
2025-11-18 22:08:02,183 [INFO] gaitguard.main: FPS=16.8 | tracks=1 | alerts=0
2025-11-18 22:08:04,232 [INFO] gaitguard.main: FPS=16.8 | tracks=1 | alerts=0
2025-11-18 22:08:06,308 [INFO] gaitguard.main: FPS=16.8 | tracks=1 | alerts=0
2025-11-18 22:08:08,346 [INFO] gaitguard.main: FPS=16.8 | tracks=1 | alerts=0
2025-11-18 22:08:10,422 [INFO] gaitguard.main: FPS=16.8 | tracks=1 | alerts=0
2025-11-18 22:08:12,331 [INFO] gaitguard.main: FPS=16.8 | tracks=1 | alerts=0
2025-11-18 22:08:14,182 [INFO] gaitguard.main: FPS=16.8 | tracks=1 | alerts=0
2025-11-18 22:08:16,045 [INFO] gaitguard.main: FPS=16.8 | tracks=1 | alerts=0
2025-11-18 22:08:17,921 [INFO] gaitguard.main: FPS=16.8 | tracks=1 | alerts=0
2025-11-18 22:08:19,857 [INFO] gaitguard.main: FPS=16.7 | tracks=1 | alerts=0
2025-11-18 22:08:21,859 [INFO] gaitguard.main: FPS=16.7 | tracks=1 | alerts=0
2025-11-18 22:08:23,683 [INFO] gaitguard.main: FPS=16.7 | tracks=1 | alerts=0
2025-11-18 22:08:25,688 [INFO] gaitguard.main: FPS=16.7 | tracks=1 | alerts=0
2025-11-18 22:08:27,689 [INFO] gaitguard.main: FPS=16.7 | tracks=1 | alerts=0
2025-11-18 22:08:29,543 [INFO] gaitguard.main: FPS=16.7 | tracks=1 | alerts=0
2025-11-18 22:08:31,395 [INFO] gaitguard.main: FPS=16.7 | tracks=1 | alerts=0
2025-11-18 22:08:33,274 [INFO] gaitguard.main: FPS=16.7 | tracks=1 | alerts=0
2025-11-18 22:08:35,150 [INFO] gaitguard.main: FPS=16.7 | tracks=1 | alerts=0
2025-11-18 22:08:37,151 [INFO] gaitguard.main: FPS=16.7 | tracks=1 | alerts=0
2025-11-18 22:08:39,083 [INFO] gaitguard.main: FPS=16.7 | tracks=1 | alerts=0
2025-11-18 22:08:40,898 [INFO] gaitguard.main: FPS=16.7 | tracks=1 | alerts=0
2025-11-18 22:08:42,571 [INFO] gaitguard.main: FPS=16.7 | tracks=1 | alerts=0
2025-11-18 22:08:44,433 [INFO] gaitguard.main: FPS=16.7 | tracks=1 | alerts=0
2025-11-18 22:08:46,174 [INFO] gaitguard.main: FPS=16.7 | tracks=1 | alerts=0
2025-11-18 22:08:47,960 [INFO] gaitguard.main: FPS=16.7 | tracks=1 | alerts=0
2025-11-18 22:08:49,717 [INFO] gaitguard.main: FPS=16.7 | tracks=1 | alerts=0
2025-11-18 22:08:51,486 [INFO] gaitguard.main: FPS=16.7 | tracks=1 | alerts=0
2025-11-18 22:08:53,308 [INFO] gaitguard.main: FPS=16.7 | tracks=1 | alerts=0
2025-11-18 22:08:55,211 [INFO] gaitguard.main: FPS=16.7 | tracks=1 | alerts=0
2025-11-18 22:08:56,976 [INFO] gaitguard.main: FPS=16.7 | tracks=1 | alerts=0
2025-11-18 22:08:58,875 [INFO] gaitguard.main: FPS=16.7 | tracks=1 | alerts=0
2025-11-18 22:09:00,730 [INFO] gaitguard.main: FPS=16.7 | tracks=1 | alerts=0
2025-11-18 22:09:02,602 [INFO] gaitguard.main: FPS=16.7 | tracks=1 | alerts=0
2025-11-18 22:09:04,476 [INFO] gaitguard.main: FPS=16.7 | tracks=1 | alerts=0
2025-11-18 22:09:06,182 [INFO] gaitguard.main: FPS=16.7 | tracks=1 | alerts=0
2025-11-18 22:09:07,964 [INFO] gaitguard.main: FPS=16.7 | tracks=1 | alerts=0
2025-11-18 22:09:09,772 [INFO] gaitguard.main: FPS=16.7 | tracks=1 | alerts=0
2025-11-18 22:09:11,502 [INFO] gaitguard.main: FPS=16.7 | tracks=1 | alerts=0
2025-11-18 22:09:13,300 [INFO] gaitguard.main: FPS=16.7 | tracks=1 | alerts=0
2025-11-18 22:09:15,220 [INFO] gaitguard.main: FPS=16.7 | tracks=1 | alerts=0
2025-11-18 22:09:17,326 [INFO] gaitguard.main: FPS=16.7 | tracks=1 | alerts=0
2025-11-18 22:09:19,346 [INFO] gaitguard.main: FPS=16.7 | tracks=1 | alerts=0
2025-11-18 22:09:21,390 [INFO] gaitguard.main: FPS=16.7 | tracks=1 | alerts=0
2025-11-18 22:09:23,528 [INFO] gaitguard.main: FPS=16.7 | tracks=1 | alerts=0
2025-11-18 22:09:25,563 [INFO] gaitguard.main: FPS=16.7 | tracks=1 | alerts=0
2025-11-18 22:09:27,573 [INFO] gaitguard.main: FPS=16.7 | tracks=1 | alerts=0
2025-11-18 22:09:29,612 [INFO] gaitguard.main: FPS=16.7 | tracks=1 | alerts=0
2025-11-18 22:09:31,767 [INFO] gaitguard.main: FPS=16.7 | tracks=1 | alerts=0
2025-11-18 22:09:33,832 [INFO] gaitguard.main: FPS=16.7 | tracks=1 | alerts=0
2025-11-18 22:09:36,001 [INFO] gaitguard.main: FPS=16.7 | tracks=1 | alerts=0
2025-11-18 22:09:38,070 [INFO] gaitguard.main: FPS=16.7 | tracks=1 | alerts=0
2025-11-18 22:09:40,215 [INFO] gaitguard.main: FPS=16.7 | tracks=1 | alerts=0
2025-11-18 22:09:42,372 [INFO] gaitguard.main: FPS=16.7 | tracks=1 | alerts=0
2025-11-18 22:09:44,238 [INFO] gaitguard.main: FPS=16.7 | tracks=1 | alerts=0
2025-11-18 22:09:46,364 [INFO] gaitguard.main: FPS=16.7 | tracks=1 | alerts=0
2025-11-18 22:09:48,335 [INFO] gaitguard.main: FPS=16.7 | tracks=1 | alerts=0
2025-11-18 22:09:50,326 [INFO] gaitguard.main: FPS=16.7 | tracks=1 | alerts=0
2025-11-18 22:09:52,461 [INFO] gaitguard.main: FPS=16.7 | tracks=1 | alerts=0
2025-11-18 22:09:54,579 [INFO] gaitguard.main: FPS=16.7 | tracks=1 | alerts=0
2025-11-18 22:09:56,371 [INFO] gaitguard.main: FPS=16.7 | tracks=1 | alerts=0
2025-11-18 22:09:58,426 [INFO] gaitguard.main: FPS=16.7 | tracks=1 | alerts=0
2025-11-18 22:10:00,549 [INFO] gaitguard.main: FPS=16.7 | tracks=1 | alerts=0
2025-11-18 22:10:02,661 [INFO] gaitguard.main: FPS=16.7 | tracks=1 | alerts=0
2025-11-18 22:10:04,915 [INFO] gaitguard.main: FPS=16.7 | tracks=1 | alerts=0
2025-11-18 22:10:07,155 [INFO] gaitguard.main: FPS=16.6 | tracks=1 | alerts=0
2025-11-18 22:10:09,197 [INFO] gaitguard.main: FPS=16.6 | tracks=1 | alerts=0
2025-11-18 22:10:11,381 [INFO] gaitguard.main: FPS=16.6 | tracks=1 | alerts=0
2025-11-18 22:10:13,543 [INFO] gaitguard.main: FPS=16.6 | tracks=1 | alerts=0
2025-11-18 22:10:15,657 [INFO] gaitguard.main: FPS=16.6 | tracks=1 | alerts=0
2025-11-18 22:10:17,737 [INFO] gaitguard.main: FPS=16.6 | tracks=1 | alerts=0
2025-11-18 22:10:19,911 [INFO] gaitguard.main: FPS=16.6 | tracks=1 | alerts=0
2025-11-18 22:10:22,004 [INFO] gaitguard.main: FPS=16.6 | tracks=1 | alerts=0
2025-11-18 22:10:24,123 [INFO] gaitguard.main: FPS=16.6 | tracks=1 | alerts=0
2025-11-18 22:10:26,260 [INFO] gaitguard.main: FPS=16.6 | tracks=1 | alerts=0
2025-11-18 22:10:28,296 [INFO] gaitguard.main: FPS=16.6 | tracks=1 | alerts=0
2025-11-18 22:10:30,304 [INFO] gaitguard.main: FPS=16.6 | tracks=1 | alerts=0
2025-11-18 22:10:32,477 [INFO] gaitguard.main: FPS=16.6 | tracks=1 | alerts=0
2025-11-18 22:10:34,580 [INFO] gaitguard.main: FPS=16.6 | tracks=1 | alerts=0
2025-11-18 22:10:36,676 [INFO] gaitguard.main: FPS=16.6 | tracks=1 | alerts=0
2025-11-18 22:10:38,727 [INFO] gaitguard.main: FPS=16.6 | tracks=1 | alerts=0
2025-11-18 22:10:40,882 [INFO] gaitguard.main: FPS=16.6 | tracks=1 | alerts=0
2025-11-18 22:10:42,871 [INFO] gaitguard.main: FPS=16.6 | tracks=1 | alerts=0
2025-11-18 22:10:44,993 [INFO] gaitguard.main: FPS=16.6 | tracks=1 | alerts=0
2025-11-18 22:10:47,022 [INFO] gaitguard.main: FPS=16.6 | tracks=1 | alerts=0
2025-11-18 22:10:49,072 [INFO] gaitguard.main: FPS=16.6 | tracks=1 | alerts=0
2025-11-18 22:10:51,164 [INFO] gaitguard.main: FPS=16.6 | tracks=1 | alerts=0
2025-11-18 22:10:53,151 [INFO] gaitguard.main: FPS=16.6 | tracks=1 | alerts=0
2025-11-18 22:10:55,215 [INFO] gaitguard.main: FPS=16.6 | tracks=1 | alerts=0
2025-11-18 22:10:57,203 [INFO] gaitguard.main: FPS=16.6 | tracks=1 | alerts=0
2025-11-18 22:10:59,228 [INFO] gaitguard.main: FPS=16.6 | tracks=1 | alerts=0
2025-11-18 22:11:01,181 [INFO] gaitguard.main: FPS=16.6 | tracks=1 | alerts=0
2025-11-18 22:11:03,262 [INFO] gaitguard.main: FPS=16.6 | tracks=1 | alerts=0
2025-11-18 22:11:05,378 [INFO] gaitguard.main: FPS=16.6 | tracks=1 | alerts=0
2025-11-18 22:11:07,495 [INFO] gaitguard.main: FPS=16.6 | tracks=1 | alerts=0
2025-11-18 22:11:09,597 [INFO] gaitguard.main: FPS=16.6 | tracks=1 | alerts=0
2025-11-18 22:11:11,561 [INFO] gaitguard.main: FPS=16.6 | tracks=1 | alerts=0
2025-11-18 22:11:13,678 [INFO] gaitguard.main: FPS=16.6 | tracks=1 | alerts=0
2025-11-18 22:11:15,781 [INFO] gaitguard.main: FPS=16.5 | tracks=1 | alerts=0
2025-11-18 22:11:17,940 [INFO] gaitguard.main: FPS=16.5 | tracks=1 | alerts=0
2025-11-18 22:11:20,117 [INFO] gaitguard.main: FPS=16.5 | tracks=1 | alerts=0
2025-11-18 22:11:22,264 [INFO] gaitguard.main: FPS=16.5 | tracks=1 | alerts=0
2025-11-18 22:11:24,448 [INFO] gaitguard.main: FPS=16.5 | tracks=1 | alerts=0
2025-11-18 22:11:26,636 [INFO] gaitguard.main: FPS=16.5 | tracks=1 | alerts=0
2025-11-18 22:11:28,770 [INFO] gaitguard.main: FPS=16.5 | tracks=1 | alerts=0
2025-11-18 22:11:30,863 [INFO] gaitguard.main: FPS=16.5 | tracks=1 | alerts=0
2025-11-18 22:11:32,857 [INFO] gaitguard.main: FPS=16.5 | tracks=1 | alerts=0
2025-11-18 22:11:34,832 [INFO] gaitguard.main: FPS=16.5 | tracks=1 | alerts=0
2025-11-18 22:11:36,880 [INFO] gaitguard.main: FPS=16.5 | tracks=1 | alerts=0
2025-11-18 22:11:38,950 [INFO] gaitguard.main: FPS=16.5 | tracks=1 | alerts=0
2025-11-18 22:11:40,925 [INFO] gaitguard.main: FPS=16.5 | tracks=1 | alerts=0
2025-11-18 22:11:43,017 [INFO] gaitguard.main: FPS=16.5 | tracks=1 | alerts=0
2025-11-18 22:11:45,098 [INFO] gaitguard.main: FPS=16.5 | tracks=1 | alerts=0
2025-11-18 22:11:47,329 [INFO] gaitguard.main: FPS=16.5 | tracks=1 | alerts=0
2025-11-18 22:11:49,513 [INFO] gaitguard.main: FPS=16.5 | tracks=1 | alerts=0
2025-11-18 22:11:51,666 [INFO] gaitguard.main: FPS=16.5 | tracks=1 | alerts=0
2025-11-18 22:11:53,750 [INFO] gaitguard.main: FPS=16.5 | tracks=1 | alerts=0
2025-11-18 22:11:55,946 [INFO] gaitguard.main: FPS=16.5 | tracks=1 | alerts=0
2025-11-18 22:11:57,986 [INFO] gaitguard.main: FPS=16.5 | tracks=1 | alerts=0
2025-11-18 22:12:00,225 [INFO] gaitguard.main: FPS=16.5 | tracks=1 | alerts=0
2025-11-18 22:12:02,320 [INFO] gaitguard.main: FPS=16.5 | tracks=1 | alerts=0
2025-11-18 22:12:04,275 [INFO] gaitguard.main: FPS=16.5 | tracks=1 | alerts=0
2025-11-18 22:12:06,044 [INFO] gaitguard.main: FPS=16.5 | tracks=1 | alerts=0
2025-11-18 22:12:07,872 [INFO] gaitguard.main: FPS=16.5 | tracks=1 | alerts=0
2025-11-18 22:12:09,654 [INFO] gaitguard.main: FPS=16.5 | tracks=1 | alerts=0
2025-11-18 22:12:11,497 [INFO] gaitguard.main: FPS=16.5 | tracks=1 | alerts=0
2025-11-18 22:12:13,332 [INFO] gaitguard.main: FPS=16.5 | tracks=1 | alerts=0
2025-11-18 22:12:15,109 [INFO] gaitguard.main: FPS=16.5 | tracks=1 | alerts=0
2025-11-18 22:12:16,896 [INFO] gaitguard.main: FPS=16.5 | tracks=1 | alerts=0
2025-11-18 22:12:18,786 [INFO] gaitguard.main: FPS=16.5 | tracks=1 | alerts=0
2025-11-18 22:12:20,650 [INFO] gaitguard.main: FPS=16.5 | tracks=1 | alerts=0
2025-11-18 22:12:22,527 [INFO] gaitguard.main: FPS=16.5 | tracks=1 | alerts=0
2025-11-18 22:12:24,285 [INFO] gaitguard.main: FPS=16.5 | tracks=1 | alerts=0
2025-11-18 22:12:26,257 [INFO] gaitguard.main: FPS=16.5 | tracks=1 | alerts=0
2025-11-18 22:12:28,127 [INFO] gaitguard.main: FPS=16.5 | tracks=1 | alerts=0
2025-11-18 22:12:30,041 [INFO] gaitguard.main: FPS=16.5 | tracks=1 | alerts=0
2025-11-18 22:12:32,038 [INFO] gaitguard.main: FPS=16.5 | tracks=1 | alerts=0
2025-11-18 22:12:33,926 [INFO] gaitguard.main: FPS=16.5 | tracks=1 | alerts=0
2025-11-18 22:12:35,956 [INFO] gaitguard.main: FPS=16.5 | tracks=1 | alerts=0
2025-11-18 22:12:37,940 [INFO] gaitguard.main: FPS=16.5 | tracks=1 | alerts=0
2025-11-18 22:12:39,852 [INFO] gaitguard.main: FPS=16.5 | tracks=1 | alerts=0
2025-11-18 22:12:41,806 [INFO] gaitguard.main: FPS=16.5 | tracks=1 | alerts=0
2025-11-18 22:12:43,715 [INFO] gaitguard.main: FPS=16.5 | tracks=1 | alerts=0
2025-11-18 22:12:45,605 [INFO] gaitguard.main: FPS=16.5 | tracks=1 | alerts=0
2025-11-18 22:12:47,655 [INFO] gaitguard.main: FPS=16.5 | tracks=1 | alerts=0
2025-11-18 22:12:49,593 [INFO] gaitguard.main: FPS=16.5 | tracks=1 | alerts=0
2025-11-18 22:12:51,614 [INFO] gaitguard.main: FPS=16.5 | tracks=1 | alerts=0
2025-11-18 22:12:53,543 [INFO] gaitguard.main: FPS=16.5 | tracks=1 | alerts=0
2025-11-18 22:12:55,399 [INFO] gaitguard.main: FPS=16.5 | tracks=1 | alerts=0
2025-11-18 22:12:57,339 [INFO] gaitguard.main: FPS=16.5 | tracks=1 | alerts=0
2025-11-18 22:12:59,182 [INFO] gaitguard.main: FPS=16.5 | tracks=1 | alerts=0
2025-11-18 22:13:01,076 [INFO] gaitguard.main: FPS=16.5 | tracks=1 | alerts=0
2025-11-18 22:13:03,048 [INFO] gaitguard.main: FPS=16.5 | tracks=1 | alerts=0
2025-11-18 22:13:04,840 [INFO] gaitguard.main: FPS=16.5 | tracks=1 | alerts=0
2025-11-18 22:13:06,769 [INFO] gaitguard.main: FPS=16.5 | tracks=1 | alerts=0
2025-11-18 22:13:08,640 [INFO] gaitguard.main: FPS=16.5 | tracks=1 | alerts=0
2025-11-18 22:13:10,560 [INFO] gaitguard.main: FPS=16.5 | tracks=1 | alerts=0
2025-11-18 22:13:12,467 [INFO] gaitguard.main: FPS=16.5 | tracks=1 | alerts=0
2025-11-18 22:13:14,342 [INFO] gaitguard.main: FPS=16.5 | tracks=1 | alerts=0
2025-11-18 22:13:16,142 [INFO] gaitguard.main: FPS=16.5 | tracks=1 | alerts=0
2025-11-18 22:13:17,962 [INFO] gaitguard.main: FPS=16.5 | tracks=1 | alerts=0
2025-11-18 22:13:19,817 [INFO] gaitguard.main: FPS=16.5 | tracks=1 | alerts=0
2025-11-18 22:13:21,786 [INFO] gaitguard.main: FPS=16.4 | tracks=1 | alerts=0
2025-11-18 22:13:23,783 [INFO] gaitguard.main: FPS=16.4 | tracks=1 | alerts=0
2025-11-18 22:13:25,675 [INFO] gaitguard.main: FPS=16.4 | tracks=1 | alerts=0
2025-11-18 22:13:27,579 [INFO] gaitguard.main: FPS=16.4 | tracks=1 | alerts=0
2025-11-18 22:13:29,383 [INFO] gaitguard.main: FPS=16.4 | tracks=1 | alerts=0
2025-11-18 22:13:31,382 [INFO] gaitguard.main: FPS=16.4 | tracks=1 | alerts=0
2025-11-18 22:13:33,373 [INFO] gaitguard.main: FPS=16.4 | tracks=1 | alerts=0
2025-11-18 22:13:35,344 [INFO] gaitguard.main: FPS=16.4 | tracks=1 | alerts=0
2025-11-18 22:13:37,330 [INFO] gaitguard.main: FPS=16.4 | tracks=1 | alerts=0
2025-11-18 22:13:39,242 [INFO] gaitguard.main: FPS=16.4 | tracks=1 | alerts=0
2025-11-18 22:13:41,109 [INFO] gaitguard.main: FPS=16.4 | tracks=1 | alerts=0
2025-11-18 22:13:43,047 [INFO] gaitguard.main: FPS=16.4 | tracks=1 | alerts=0
2025-11-18 22:13:45,050 [INFO] gaitguard.main: FPS=16.4 | tracks=1 | alerts=0
2025-11-18 22:13:47,142 [INFO] gaitguard.main: FPS=16.4 | tracks=1 | alerts=0
2025-11-18 22:13:49,077 [INFO] gaitguard.main: FPS=16.4 | tracks=1 | alerts=0
2025-11-18 22:13:51,101 [INFO] gaitguard.main: FPS=16.4 | tracks=1 | alerts=0
2025-11-18 22:13:53,015 [INFO] gaitguard.main: FPS=16.4 | tracks=1 | alerts=0
2025-11-18 22:13:54,948 [INFO] gaitguard.main: FPS=16.4 | tracks=1 | alerts=0
2025-11-18 22:13:56,897 [INFO] gaitguard.main: FPS=16.4 | tracks=1 | alerts=0
2025-11-18 22:13:58,742 [INFO] gaitguard.main: FPS=16.4 | tracks=1 | alerts=0
2025-11-18 22:14:00,687 [INFO] gaitguard.main: FPS=16.4 | tracks=1 | alerts=0
2025-11-18 22:14:02,599 [INFO] gaitguard.main: FPS=16.4 | tracks=1 | alerts=0
2025-11-18 22:14:04,511 [INFO] gaitguard.main: FPS=16.4 | tracks=1 | alerts=0
2025-11-18 22:14:06,392 [INFO] gaitguard.main: FPS=16.4 | tracks=1 | alerts=0
2025-11-18 22:14:08,320 [INFO] gaitguard.main: FPS=16.4 | tracks=1 | alerts=0
2025-11-18 22:14:10,298 [INFO] gaitguard.main: FPS=16.4 | tracks=1 | alerts=0
2025-11-18 22:14:12,276 [INFO] gaitguard.main: FPS=16.4 | tracks=1 | alerts=0
2025-11-18 22:14:14,325 [INFO] gaitguard.main: FPS=16.4 | tracks=1 | alerts=0
2025-11-18 22:14:16,306 [INFO] gaitguard.main: FPS=16.4 | tracks=1 | alerts=0
2025-11-18 22:14:18,309 [INFO] gaitguard.main: FPS=16.4 | tracks=1 | alerts=0
2025-11-18 22:14:20,347 [INFO] gaitguard.main: FPS=16.4 | tracks=1 | alerts=0
2025-11-18 22:14:22,327 [INFO] gaitguard.main: FPS=16.4 | tracks=1 | alerts=0
2025-11-18 22:14:24,247 [INFO] gaitguard.main: FPS=16.4 | tracks=1 | alerts=0
2025-11-18 22:14:26,114 [INFO] gaitguard.main: FPS=16.4 | tracks=1 | alerts=0
2025-11-18 22:14:28,039 [INFO] gaitguard.main: FPS=16.4 | tracks=1 | alerts=0
2025-11-18 22:14:29,901 [INFO] gaitguard.main: FPS=16.4 | tracks=1 | alerts=0
2025-11-18 22:14:31,832 [INFO] gaitguard.main: FPS=16.4 | tracks=1 | alerts=0
2025-11-18 22:14:33,667 [INFO] gaitguard.main: FPS=16.4 | tracks=1 | alerts=0
2025-11-18 22:14:35,555 [INFO] gaitguard.main: FPS=16.4 | tracks=1 | alerts=0
2025-11-18 22:14:37,544 [INFO] gaitguard.main: FPS=16.4 | tracks=1 | alerts=0
2025-11-18 22:14:39,529 [INFO] gaitguard.main: FPS=16.4 | tracks=1 | alerts=0
2025-11-18 22:14:41,576 [INFO] gaitguard.main: FPS=16.4 | tracks=1 | alerts=0
2025-11-18 22:14:43,488 [INFO] gaitguard.main: FPS=16.4 | tracks=1 | alerts=0
2025-11-18 22:14:45,474 [INFO] gaitguard.main: FPS=16.4 | tracks=1 | alerts=0
2025-11-18 22:14:47,362 [INFO] gaitguard.main: FPS=16.4 | tracks=1 | alerts=0
2025-11-18 22:14:49,274 [INFO] gaitguard.main: FPS=16.4 | tracks=1 | alerts=0
2025-11-18 22:14:51,322 [INFO] gaitguard.main: FPS=16.4 | tracks=1 | alerts=0
2025-11-18 22:14:53,371 [INFO] gaitguard.main: FPS=16.4 | tracks=1 | alerts=0
2025-11-18 22:14:55,296 [INFO] gaitguard.main: FPS=16.4 | tracks=1 | alerts=0
2025-11-18 22:14:57,136 [INFO] gaitguard.main: FPS=16.4 | tracks=1 | alerts=0
2025-11-18 22:14:59,073 [INFO] gaitguard.main: FPS=16.4 | tracks=1 | alerts=0
2025-11-18 22:15:00,928 [INFO] gaitguard.main: FPS=16.4 | tracks=1 | alerts=0
2025-11-18 22:15:02,861 [INFO] gaitguard.main: FPS=16.4 | tracks=1 | alerts=0
2025-11-18 22:15:04,846 [INFO] gaitguard.main: FPS=16.4 | tracks=1 | alerts=0
2025-11-18 22:15:06,649 [INFO] gaitguard.main: FPS=16.4 | tracks=1 | alerts=0
2025-11-18 22:15:08,657 [INFO] gaitguard.main: FPS=16.4 | tracks=1 | alerts=0
2025-11-18 22:15:10,571 [INFO] gaitguard.main: FPS=16.4 | tracks=1 | alerts=0
2025-11-18 22:15:12,488 [INFO] gaitguard.main: FPS=16.4 | tracks=1 | alerts=0
2025-11-18 22:15:14,336 [INFO] gaitguard.main: FPS=16.4 | tracks=1 | alerts=0
2025-11-18 22:15:16,292 [INFO] gaitguard.main: FPS=16.4 | tracks=1 | alerts=0
2025-11-18 22:15:18,260 [INFO] gaitguard.main: FPS=16.4 | tracks=1 | alerts=0
2025-11-18 22:15:20,126 [INFO] gaitguard.main: FPS=16.4 | tracks=1 | alerts=0
2025-11-18 22:15:22,057 [INFO] gaitguard.main: FPS=16.4 | tracks=1 | alerts=0
2025-11-18 22:15:23,915 [INFO] gaitguard.main: FPS=16.4 | tracks=1 | alerts=0
2025-11-18 22:15:25,772 [INFO] gaitguard.main: FPS=16.4 | tracks=1 | alerts=0
2025-11-18 22:15:27,666 [INFO] gaitguard.main: FPS=16.4 | tracks=1 | alerts=0
2025-11-18 22:15:29,557 [INFO] gaitguard.main: FPS=16.4 | tracks=1 | alerts=0
2025-11-18 22:15:31,374 [INFO] gaitguard.main: FPS=16.4 | tracks=1 | alerts=0
2025-11-18 22:15:33,308 [INFO] gaitguard.main: FPS=16.4 | tracks=1 | alerts=0
2025-11-18 22:15:35,352 [INFO] gaitguard.main: FPS=16.4 | tracks=1 | alerts=0
2025-11-18 22:15:37,392 [INFO] gaitguard.main: FPS=16.4 | tracks=1 | alerts=0
2025-11-18 22:15:39,499 [INFO] gaitguard.main: FPS=16.4 | tracks=1 | alerts=0
2025-11-18 22:15:41,720 [INFO] gaitguard.main: FPS=16.4 | tracks=1 | alerts=0
2025-11-18 22:15:43,815 [INFO] gaitguard.main: FPS=16.4 | tracks=1 | alerts=0
2025-11-18 22:15:45,914 [INFO] gaitguard.main: FPS=16.4 | tracks=1 | alerts=0
2025-11-18 22:15:48,038 [INFO] gaitguard.main: FPS=16.4 | tracks=1 | alerts=0
2025-11-18 22:15:50,098 [INFO] gaitguard.main: FPS=16.4 | tracks=1 | alerts=0
2025-11-18 22:15:52,230 [INFO] gaitguard.main: FPS=16.4 | tracks=1 | alerts=0
2025-11-18 22:15:54,376 [INFO] gaitguard.main: FPS=16.4 | tracks=1 | alerts=0
2025-11-18 22:15:56,528 [INFO] gaitguard.main: FPS=16.4 | tracks=1 | alerts=0
2025-11-18 22:15:58,517 [INFO] gaitguard.main: FPS=16.4 | tracks=1 | alerts=0
2025-11-18 22:16:00,469 [INFO] gaitguard.main: FPS=16.3 | tracks=1 | alerts=0
2025-11-18 22:16:02,295 [INFO] gaitguard.main: FPS=16.3 | tracks=1 | alerts=0
2025-11-18 22:16:04,094 [INFO] gaitguard.main: FPS=16.4 | tracks=1 | alerts=0
2025-11-18 22:16:06,025 [INFO] gaitguard.main: FPS=16.3 | tracks=1 | alerts=0
2025-11-18 22:16:07,941 [INFO] gaitguard.main: FPS=16.3 | tracks=1 | alerts=0
2025-11-18 22:16:09,808 [INFO] gaitguard.main: FPS=16.3 | tracks=1 | alerts=0
2025-11-18 22:16:11,722 [INFO] gaitguard.main: FPS=16.3 | tracks=1 | alerts=0
2025-11-18 22:16:13,530 [INFO] gaitguard.main: FPS=16.3 | tracks=1 | alerts=0
2025-11-18 22:16:15,456 [INFO] gaitguard.main: FPS=16.3 | tracks=1 | alerts=0
2025-11-18 22:16:17,438 [INFO] gaitguard.main: FPS=16.3 | tracks=1 | alerts=0
2025-11-18 22:16:19,359 [INFO] gaitguard.main: FPS=16.3 | tracks=1 | alerts=0
2025-11-18 22:16:21,223 [INFO] gaitguard.main: FPS=16.3 | tracks=1 | alerts=0
2025-11-18 22:16:23,181 [INFO] gaitguard.main: FPS=16.3 | tracks=1 | alerts=0
2025-11-18 22:16:25,199 [INFO] gaitguard.main: FPS=16.3 | tracks=1 | alerts=0
2025-11-18 22:16:27,009 [INFO] gaitguard.main: FPS=16.3 | tracks=1 | alerts=0
2025-11-18 22:16:28,894 [INFO] gaitguard.main: FPS=16.3 | tracks=1 | alerts=0
2025-11-18 22:16:30,938 [INFO] gaitguard.main: FPS=16.3 | tracks=1 | alerts=0
2025-11-18 22:16:32,924 [INFO] gaitguard.main: FPS=16.3 | tracks=1 | alerts=0
2025-11-18 22:16:35,009 [INFO] gaitguard.main: FPS=16.3 | tracks=1 | alerts=0
2025-11-18 22:16:36,929 [INFO] gaitguard.main: FPS=16.3 | tracks=1 | alerts=0
2025-11-18 22:16:38,895 [INFO] gaitguard.main: FPS=16.3 | tracks=1 | alerts=0
2025-11-18 22:16:40,933 [INFO] gaitguard.main: FPS=16.3 | tracks=1 | alerts=0
2025-11-18 22:16:42,905 [INFO] gaitguard.main: FPS=16.3 | tracks=1 | alerts=0
2025-11-18 22:16:45,040 [INFO] gaitguard.main: FPS=16.3 | tracks=1 | alerts=0
2025-11-18 22:16:47,217 [INFO] gaitguard.main: FPS=16.3 | tracks=1 | alerts=0
2025-11-18 22:16:49,548 [INFO] gaitguard.main: FPS=16.3 | tracks=1 | alerts=0
2025-11-18 22:16:51,706 [INFO] gaitguard.main: FPS=16.3 | tracks=1 | alerts=0
2025-11-18 22:16:53,870 [INFO] gaitguard.main: FPS=16.3 | tracks=1 | alerts=0
2025-11-18 22:16:56,010 [INFO] gaitguard.main: FPS=16.3 | tracks=1 | alerts=0
2025-11-18 22:16:58,029 [INFO] gaitguard.main: FPS=16.3 | tracks=2 | alerts=0
2025-11-18 22:17:00,209 [INFO] gaitguard.main: FPS=16.3 | tracks=1 | alerts=0
2025-11-18 22:17:02,322 [INFO] gaitguard.main: FPS=16.3 | tracks=1 | alerts=0
2025-11-18 22:17:04,543 [INFO] gaitguard.main: FPS=16.3 | tracks=1 | alerts=0
2025-11-18 22:17:06,669 [INFO] gaitguard.main: FPS=16.3 | tracks=1 | alerts=0
2025-11-18 22:17:08,862 [INFO] gaitguard.main: FPS=16.3 | tracks=2 | alerts=0
2025-11-18 22:17:10,611 [INFO] gaitguard.main: FPS=16.3 | tracks=1 | alerts=0
2025-11-18 22:17:12,377 [INFO] gaitguard.main: FPS=16.3 | tracks=1 | alerts=0
2025-11-18 22:17:14,093 [INFO] gaitguard.main: FPS=16.3 | tracks=1 | alerts=0
2025-11-18 22:17:15,792 [INFO] gaitguard.main: FPS=16.3 | tracks=1 | alerts=0
2025-11-18 22:17:17,543 [INFO] gaitguard.main: FPS=16.3 | tracks=1 | alerts=0
2025-11-18 22:17:19,259 [INFO] gaitguard.main: FPS=16.3 | tracks=1 | alerts=0
2025-11-18 22:17:21,065 [INFO] gaitguard.main: FPS=16.3 | tracks=1 | alerts=0
2025-11-18 22:17:22,830 [INFO] gaitguard.main: FPS=16.3 | tracks=1 | alerts=0
2025-11-18 22:17:24,524 [INFO] gaitguard.main: FPS=16.3 | tracks=1 | alerts=0
2025-11-18 22:17:26,180 [INFO] gaitguard.main: FPS=16.3 | tracks=1 | alerts=0
2025-11-18 22:17:27,867 [INFO] gaitguard.main: FPS=16.3 | tracks=1 | alerts=0
2025-11-18 22:17:29,575 [INFO] gaitguard.main: FPS=16.3 | tracks=1 | alerts=0
2025-11-18 22:17:31,269 [INFO] gaitguard.main: FPS=16.3 | tracks=1 | alerts=0
2025-11-18 22:17:33,003 [INFO] gaitguard.main: FPS=16.3 | tracks=1 | alerts=0
2025-11-18 22:17:34,810 [INFO] gaitguard.main: FPS=16.3 | tracks=1 | alerts=0
2025-11-18 22:17:36,543 [INFO] gaitguard.main: FPS=16.3 | tracks=1 | alerts=0
2025-11-18 22:17:38,300 [INFO] gaitguard.main: FPS=16.3 | tracks=1 | alerts=0
2025-11-18 22:17:39,961 [INFO] gaitguard.main: FPS=16.3 | tracks=1 | alerts=0
2025-11-18 22:17:41,656 [INFO] gaitguard.main: FPS=16.3 | tracks=1 | alerts=0
2025-11-18 22:17:43,342 [INFO] gaitguard.main: FPS=16.3 | tracks=1 | alerts=0
2025-11-18 22:17:45,092 [INFO] gaitguard.main: FPS=16.3 | tracks=1 | alerts=0
2025-11-18 22:17:46,916 [INFO] gaitguard.main: FPS=16.3 | tracks=1 | alerts=0
2025-11-18 22:17:48,667 [INFO] gaitguard.main: FPS=16.3 | tracks=1 | alerts=0
2025-11-18 22:17:50,447 [INFO] gaitguard.main: FPS=16.3 | tracks=1 | alerts=0
2025-11-18 22:17:52,106 [INFO] gaitguard.main: FPS=16.3 | tracks=1 | alerts=0
2025-11-18 22:17:53,848 [INFO] gaitguard.main: FPS=16.3 | tracks=1 | alerts=0
2025-11-18 22:17:55,549 [INFO] gaitguard.main: FPS=16.3 | tracks=1 | alerts=0
2025-11-18 22:17:57,437 [INFO] gaitguard.main: FPS=16.3 | tracks=1 | alerts=0
2025-11-18 22:17:59,442 [INFO] gaitguard.main: FPS=16.3 | tracks=1 | alerts=0
2025-11-18 22:18:01,439 [INFO] gaitguard.main: FPS=16.3 | tracks=1 | alerts=0
2025-11-18 22:18:03,383 [INFO] gaitguard.main: FPS=16.3 | tracks=1 | alerts=0
2025-11-18 22:18:05,318 [INFO] gaitguard.main: FPS=16.3 | tracks=1 | alerts=0
2025-11-18 22:18:07,233 [INFO] gaitguard.main: FPS=16.3 | tracks=1 | alerts=0
2025-11-18 22:18:09,284 [INFO] gaitguard.main: FPS=16.3 | tracks=1 | alerts=0
2025-11-18 22:18:11,308 [INFO] gaitguard.main: FPS=16.3 | tracks=1 | alerts=0
2025-11-18 22:18:13,318 [INFO] gaitguard.main: FPS=16.3 | tracks=1 | alerts=0
2025-11-18 22:18:15,346 [INFO] gaitguard.main: FPS=16.3 | tracks=1 | alerts=0
2025-11-18 22:18:17,311 [INFO] gaitguard.main: FPS=16.3 | tracks=1 | alerts=0
2025-11-18 22:18:19,310 [INFO] gaitguard.main: FPS=16.3 | tracks=1 | alerts=0
2025-11-18 22:18:21,246 [INFO] gaitguard.main: FPS=16.3 | tracks=1 | alerts=0
2025-11-18 22:18:23,295 [INFO] gaitguard.main: FPS=16.3 | tracks=1 | alerts=0
2025-11-18 22:18:25,288 [INFO] gaitguard.main: FPS=16.3 | tracks=1 | alerts=0
2025-11-18 22:18:27,272 [INFO] gaitguard.main: FPS=16.3 | tracks=1 | alerts=0
2025-11-18 22:18:29,276 [INFO] gaitguard.main: FPS=16.3 | tracks=1 | alerts=0
2025-11-18 22:18:31,270 [INFO] gaitguard.main: FPS=16.3 | tracks=1 | alerts=0
2025-11-18 22:18:33,308 [INFO] gaitguard.main: FPS=16.3 | tracks=1 | alerts=0
2025-11-18 22:18:35,295 [INFO] gaitguard.main: FPS=16.3 | tracks=1 | alerts=0
2025-11-18 22:18:37,154 [INFO] gaitguard.main: FPS=16.3 | tracks=1 | alerts=0
2025-11-18 22:18:39,192 [INFO] gaitguard.main: FPS=16.3 | tracks=1 | alerts=0
2025-11-18 22:18:41,137 [INFO] gaitguard.main: FPS=16.3 | tracks=1 | alerts=0
2025-11-18 22:18:43,141 [INFO] gaitguard.main: FPS=16.3 | tracks=1 | alerts=0
2025-11-18 22:18:45,140 [INFO] gaitguard.main: FPS=16.3 | tracks=1 | alerts=0
2025-11-18 22:18:47,138 [INFO] gaitguard.main: FPS=16.3 | tracks=1 | alerts=0
2025-11-18 22:18:49,053 [INFO] gaitguard.main: FPS=16.3 | tracks=1 | alerts=0
2025-11-18 22:18:50,981 [INFO] gaitguard.main: FPS=16.3 | tracks=1 | alerts=0
2025-11-18 22:18:52,957 [INFO] gaitguard.main: FPS=16.3 | tracks=1 | alerts=0
2025-11-18 22:18:54,866 [INFO] gaitguard.main: FPS=16.3 | tracks=1 | alerts=0
2025-11-18 22:18:56,848 [INFO] gaitguard.main: FPS=16.3 | tracks=1 | alerts=0
2025-11-18 22:18:58,899 [INFO] gaitguard.main: FPS=16.3 | tracks=1 | alerts=0
2025-11-18 22:19:00,793 [INFO] gaitguard.main: FPS=16.3 | tracks=1 | alerts=0
2025-11-18 22:19:02,648 [INFO] gaitguard.main: FPS=16.3 | tracks=1 | alerts=0
2025-11-18 22:19:04,356 [INFO] gaitguard.main: FPS=16.3 | tracks=1 | alerts=0
2025-11-18 22:19:06,351 [INFO] gaitguard.main: FPS=16.3 | tracks=1 | alerts=0
2025-11-18 22:19:08,207 [INFO] gaitguard.main: FPS=16.3 | tracks=1 | alerts=0
2025-11-18 22:19:09,952 [INFO] gaitguard.main: FPS=16.3 | tracks=1 | alerts=0
2025-11-18 22:19:11,806 [INFO] gaitguard.main: FPS=16.3 | tracks=2 | alerts=0
2025-11-18 22:19:13,680 [INFO] gaitguard.main: FPS=16.3 | tracks=1 | alerts=0
2025-11-18 22:19:15,770 [INFO] gaitguard.main: FPS=16.3 | tracks=2 | alerts=0
2025-11-18 22:19:17,897 [INFO] gaitguard.main: FPS=16.3 | tracks=3 | alerts=0
2025-11-18 22:19:20,126 [INFO] gaitguard.main: FPS=16.3 | tracks=1 | alerts=0
2025-11-18 22:19:22,030 [INFO] gaitguard.main: FPS=16.3 | tracks=1 | alerts=0
2025-11-18 22:19:23,899 [INFO] gaitguard.main: FPS=16.3 | tracks=1 | alerts=0
2025-11-18 22:19:25,841 [INFO] gaitguard.main: FPS=16.3 | tracks=1 | alerts=0
2025-11-18 22:19:27,686 [INFO] gaitguard.main: FPS=16.3 | tracks=1 | alerts=0
2025-11-18 22:19:29,557 [INFO] gaitguard.main: FPS=16.3 | tracks=1 | alerts=0
2025-11-18 22:19:31,439 [INFO] gaitguard.main: FPS=16.3 | tracks=1 | alerts=0
2025-11-18 22:19:33,365 [INFO] gaitguard.main: FPS=16.3 | tracks=1 | alerts=0
2025-11-18 22:19:35,331 [INFO] gaitguard.main: FPS=16.3 | tracks=1 | alerts=0
2025-11-18 22:19:37,304 [INFO] gaitguard.main: FPS=16.3 | tracks=1 | alerts=0
2025-11-18 22:19:39,246 [INFO] gaitguard.main: FPS=16.3 | tracks=1 | alerts=0
2025-11-18 22:19:41,128 [INFO] gaitguard.main: FPS=16.3 | tracks=1 | alerts=0
2025-11-18 22:19:43,060 [INFO] gaitguard.main: FPS=16.3 | tracks=1 | alerts=0
2025-11-18 22:19:44,950 [INFO] gaitguard.main: FPS=16.3 | tracks=1 | alerts=0
2025-11-18 22:19:46,922 [INFO] gaitguard.main: FPS=16.3 | tracks=1 | alerts=0
2025-11-18 22:19:48,834 [INFO] gaitguard.main: FPS=16.3 | tracks=1 | alerts=0
2025-11-18 22:19:50,733 [INFO] gaitguard.main: FPS=16.3 | tracks=1 | alerts=0
2025-11-18 22:19:52,612 [INFO] gaitguard.main: FPS=16.3 | tracks=1 | alerts=0
2025-11-18 22:19:54,511 [INFO] gaitguard.main: FPS=16.3 | tracks=1 | alerts=0
2025-11-18 22:19:56,428 [INFO] gaitguard.main: FPS=16.3 | tracks=1 | alerts=0
2025-11-18 22:19:58,292 [INFO] gaitguard.main: FPS=16.3 | tracks=1 | alerts=0
2025-11-18 22:20:00,210 [INFO] gaitguard.main: FPS=16.3 | tracks=1 | alerts=0
2025-11-18 22:20:02,122 [INFO] gaitguard.main: FPS=16.3 | tracks=1 | alerts=0
2025-11-18 22:20:03,984 [INFO] gaitguard.main: FPS=16.3 | tracks=1 | alerts=0
2025-11-18 22:20:05,917 [INFO] gaitguard.main: FPS=16.3 | tracks=1 | alerts=0
2025-11-18 22:20:07,863 [INFO] gaitguard.main: FPS=16.3 | tracks=1 | alerts=0
2025-11-18 22:20:09,701 [INFO] gaitguard.main: FPS=16.3 | tracks=1 | alerts=0
2025-11-18 22:20:11,663 [INFO] gaitguard.main: FPS=16.3 | tracks=1 | alerts=0
2025-11-18 22:20:13,656 [INFO] gaitguard.main: FPS=16.3 | tracks=1 | alerts=0
2025-11-18 22:20:15,571 [INFO] gaitguard.main: FPS=16.3 | tracks=1 | alerts=0
2025-11-18 22:20:17,456 [INFO] gaitguard.main: FPS=16.3 | tracks=1 | alerts=0
2025-11-18 22:20:19,297 [INFO] gaitguard.main: FPS=16.3 | tracks=1 | alerts=0
2025-11-18 22:20:21,120 [INFO] gaitguard.main: FPS=16.3 | tracks=1 | alerts=0
2025-11-18 22:20:22,966 [INFO] gaitguard.main: FPS=16.3 | tracks=1 | alerts=0
2025-11-18 22:20:24,847 [INFO] gaitguard.main: FPS=16.3 | tracks=1 | alerts=0
2025-11-18 22:20:26,708 [INFO] gaitguard.main: FPS=16.3 | tracks=1 | alerts=0
2025-11-18 22:20:28,746 [INFO] gaitguard.main: FPS=16.3 | tracks=1 | alerts=0
2025-11-18 22:20:30,848 [INFO] gaitguard.main: FPS=16.3 | tracks=1 | alerts=0
2025-11-18 22:20:32,945 [INFO] gaitguard.main: FPS=16.3 | tracks=1 | alerts=0
2025-11-18 22:20:34,952 [INFO] gaitguard.main: FPS=16.3 | tracks=1 | alerts=0
2025-11-18 22:20:37,025 [INFO] gaitguard.main: FPS=16.3 | tracks=1 | alerts=0
2025-11-18 22:20:39,197 [INFO] gaitguard.main: FPS=16.3 | tracks=1 | alerts=0
2025-11-18 22:20:41,335 [INFO] gaitguard.main: FPS=16.2 | tracks=1 | alerts=0
2025-11-18 22:20:43,185 [INFO] gaitguard.main: FPS=16.2 | tracks=1 | alerts=0
2025-11-18 22:20:44,998 [INFO] gaitguard.main: FPS=16.2 | tracks=1 | alerts=0
2025-11-18 22:20:46,821 [INFO] gaitguard.main: FPS=16.2 | tracks=1 | alerts=0
2025-11-18 22:20:48,609 [INFO] gaitguard.main: FPS=16.2 | tracks=1 | alerts=0
2025-11-18 22:20:50,423 [INFO] gaitguard.main: FPS=16.2 | tracks=1 | alerts=0
2025-11-18 22:20:52,301 [INFO] gaitguard.main: FPS=16.2 | tracks=1 | alerts=0
2025-11-18 22:20:54,093 [INFO] gaitguard.main: FPS=16.2 | tracks=1 | alerts=0
2025-11-18 22:20:55,857 [INFO] gaitguard.main: FPS=16.3 | tracks=1 | alerts=0
2025-11-18 22:20:57,613 [INFO] gaitguard.main: FPS=16.3 | tracks=1 | alerts=0
2025-11-18 22:20:59,200 [INFO] gaitguard.main: FPS=16.3 | tracks=1 | alerts=0
2025-11-18 22:21:00,765 [INFO] gaitguard.main: FPS=16.3 | tracks=1 | alerts=0
2025-11-18 22:21:02,313 [INFO] gaitguard.main: FPS=16.3 | tracks=1 | alerts=0
2025-11-18 22:21:03,906 [INFO] gaitguard.main: FPS=16.3 | tracks=1 | alerts=0
2025-11-18 22:21:05,548 [INFO] gaitguard.main: FPS=16.3 | tracks=1 | alerts=0
2025-11-18 22:21:07,122 [INFO] gaitguard.main: FPS=16.3 | tracks=1 | alerts=0
2025-11-18 22:21:08,681 [INFO] gaitguard.main: FPS=16.3 | tracks=1 | alerts=0
2025-11-18 22:21:10,197 [INFO] gaitguard.main: FPS=16.3 | tracks=1 | alerts=0
2025-11-18 22:21:11,714 [INFO] gaitguard.main: FPS=16.3 | tracks=1 | alerts=0
2025-11-18 22:21:13,328 [INFO] gaitguard.main: FPS=16.3 | tracks=1 | alerts=0
2025-11-18 22:21:14,991 [INFO] gaitguard.main: FPS=16.3 | tracks=1 | alerts=0
2025-11-18 22:21:16,523 [INFO] gaitguard.main: FPS=16.3 | tracks=1 | alerts=0
2025-11-18 22:21:18,179 [INFO] gaitguard.main: FPS=16.3 | tracks=1 | alerts=0
2025-11-18 22:21:20,039 [INFO] gaitguard.main: FPS=16.3 | tracks=1 | alerts=0
2025-11-18 22:21:22,011 [INFO] gaitguard.main: FPS=16.3 | tracks=1 | alerts=0
2025-11-18 22:21:24,020 [INFO] gaitguard.main: FPS=16.3 | tracks=1 | alerts=0
2025-11-18 22:21:25,896 [INFO] gaitguard.main: FPS=16.3 | tracks=1 | alerts=0
2025-11-18 22:21:27,790 [INFO] gaitguard.main: FPS=16.3 | tracks=1 | alerts=0
2025-11-18 22:21:29,756 [INFO] gaitguard.main: FPS=16.3 | tracks=1 | alerts=0
2025-11-18 22:21:31,854 [INFO] gaitguard.main: FPS=16.3 | tracks=1 | alerts=0
2025-11-18 22:21:33,661 [INFO] gaitguard.main: FPS=16.3 | tracks=1 | alerts=0
2025-11-18 22:21:35,684 [INFO] gaitguard.main: FPS=16.3 | tracks=1 | alerts=0
2025-11-18 22:21:37,490 [INFO] gaitguard.main: FPS=16.3 | tracks=1 | alerts=0
2025-11-18 22:21:39,314 [INFO] gaitguard.main: FPS=16.3 | tracks=1 | alerts=0
2025-11-18 22:21:41,257 [INFO] gaitguard.main: FPS=16.3 | tracks=1 | alerts=0
2025-11-18 22:21:43,129 [INFO] gaitguard.main: FPS=16.3 | tracks=1 | alerts=0
2025-11-18 22:21:45,056 [INFO] gaitguard.main: FPS=16.3 | tracks=1 | alerts=0
2025-11-18 22:21:47,406 [INFO] gaitguard.main: FPS=16.3 | tracks=1 | alerts=0
2025-11-18 22:21:49,549 [INFO] gaitguard.main: FPS=16.3 | tracks=1 | alerts=0
2025-11-18 22:21:51,769 [INFO] gaitguard.main: FPS=16.3 | tracks=1 | alerts=0
2025-11-18 22:21:53,791 [INFO] gaitguard.main: FPS=16.3 | tracks=1 | alerts=0
2025-11-18 22:21:55,663 [INFO] gaitguard.main: FPS=16.3 | tracks=1 | alerts=0
2025-11-18 22:21:57,490 [INFO] gaitguard.main: FPS=16.3 | tracks=1 | alerts=0
2025-11-18 22:21:59,374 [INFO] gaitguard.main: FPS=16.3 | tracks=1 | alerts=0
2025-11-18 22:22:01,236 [INFO] gaitguard.main: FPS=16.3 | tracks=1 | alerts=0
2025-11-18 22:22:03,036 [INFO] gaitguard.main: FPS=16.3 | tracks=1 | alerts=0
2025-11-18 22:22:04,849 [INFO] gaitguard.main: FPS=16.3 | tracks=1 | alerts=0
2025-11-18 22:22:06,647 [INFO] gaitguard.main: FPS=16.3 | tracks=1 | alerts=0
2025-11-18 22:22:08,477 [INFO] gaitguard.main: FPS=16.3 | tracks=1 | alerts=0
2025-11-18 22:22:10,252 [INFO] gaitguard.main: FPS=16.3 | tracks=1 | alerts=0
2025-11-18 22:22:12,064 [INFO] gaitguard.main: FPS=16.3 | tracks=1 | alerts=0
2025-11-18 22:22:13,870 [INFO] gaitguard.main: FPS=16.3 | tracks=1 | alerts=0
2025-11-18 22:22:15,648 [INFO] gaitguard.main: FPS=16.3 | tracks=1 | alerts=0
2025-11-18 22:22:17,532 [INFO] gaitguard.main: FPS=16.3 | tracks=1 | alerts=0
2025-11-18 22:22:19,353 [INFO] gaitguard.main: FPS=16.3 | tracks=1 | alerts=0
2025-11-18 22:22:21,230 [INFO] gaitguard.main: FPS=16.3 | tracks=1 | alerts=0
2025-11-18 22:22:23,015 [INFO] gaitguard.main: FPS=16.3 | tracks=1 | alerts=0
2025-11-18 22:22:24,844 [INFO] gaitguard.main: FPS=16.3 | tracks=1 | alerts=0
2025-11-18 22:22:26,625 [INFO] gaitguard.main: FPS=16.3 | tracks=1 | alerts=0
2025-11-18 22:22:28,396 [INFO] gaitguard.main: FPS=16.3 | tracks=1 | alerts=0
2025-11-18 22:22:30,294 [INFO] gaitguard.main: FPS=16.3 | tracks=1 | alerts=0
2025-11-18 22:22:32,107 [INFO] gaitguard.main: FPS=16.3 | tracks=1 | alerts=0
2025-11-18 22:22:33,877 [INFO] gaitguard.main: FPS=16.3 | tracks=1 | alerts=0
2025-11-18 22:22:35,744 [INFO] gaitguard.main: FPS=16.3 | tracks=1 | alerts=0
2025-11-18 22:22:37,584 [INFO] gaitguard.main: FPS=16.3 | tracks=1 | alerts=0
2025-11-18 22:22:39,394 [INFO] gaitguard.main: FPS=16.3 | tracks=1 | alerts=0
2025-11-18 22:22:41,195 [INFO] gaitguard.main: FPS=16.3 | tracks=1 | alerts=0
2025-11-18 22:22:43,053 [INFO] gaitguard.main: FPS=16.3 | tracks=1 | alerts=0
2025-11-18 22:22:44,840 [INFO] gaitguard.main: FPS=16.3 | tracks=1 | alerts=0
2025-11-18 22:22:46,656 [INFO] gaitguard.main: FPS=16.3 | tracks=1 | alerts=0
2025-11-18 22:22:48,514 [INFO] gaitguard.main: FPS=16.3 | tracks=1 | alerts=0
2025-11-18 22:22:50,318 [INFO] gaitguard.main: FPS=16.3 | tracks=1 | alerts=0
2025-11-18 22:22:52,145 [INFO] gaitguard.main: FPS=16.3 | tracks=1 | alerts=0
2025-11-18 22:22:53,919 [INFO] gaitguard.main: FPS=16.3 | tracks=1 | alerts=0
2025-11-18 22:22:55,747 [INFO] gaitguard.main: FPS=16.3 | tracks=1 | alerts=0
2025-11-18 22:22:57,567 [INFO] gaitguard.main: FPS=16.3 | tracks=1 | alerts=0
2025-11-18 22:22:59,589 [INFO] gaitguard.main: FPS=16.3 | tracks=1 | alerts=0
2025-11-18 22:23:01,440 [INFO] gaitguard.main: FPS=16.3 | tracks=1 | alerts=0
2025-11-18 22:23:03,381 [INFO] gaitguard.main: FPS=16.3 | tracks=1 | alerts=0
2025-11-18 22:23:05,376 [INFO] gaitguard.main: FPS=16.3 | tracks=1 | alerts=0
2025-11-18 22:23:07,397 [INFO] gaitguard.main: FPS=16.3 | tracks=1 | alerts=0
2025-11-18 22:23:09,190 [INFO] gaitguard.main: FPS=16.3 | tracks=1 | alerts=0
2025-11-18 22:23:11,084 [INFO] gaitguard.main: FPS=16.3 | tracks=1 | alerts=0
2025-11-18 22:23:12,986 [INFO] gaitguard.main: FPS=16.3 | tracks=1 | alerts=0
2025-11-18 22:23:14,802 [INFO] gaitguard.main: FPS=16.3 | tracks=1 | alerts=0
2025-11-18 22:23:16,611 [INFO] gaitguard.main: FPS=16.3 | tracks=1 | alerts=0
2025-11-18 22:23:18,527 [INFO] gaitguard.main: FPS=16.3 | tracks=1 | alerts=0
2025-11-18 22:23:20,349 [INFO] gaitguard.main: FPS=16.3 | tracks=1 | alerts=0
2025-11-18 22:23:22,125 [INFO] gaitguard.main: FPS=16.3 | tracks=1 | alerts=0
2025-11-18 22:23:23,925 [INFO] gaitguard.main: FPS=16.3 | tracks=1 | alerts=0
2025-11-18 22:23:25,770 [INFO] gaitguard.main: FPS=16.3 | tracks=1 | alerts=0
2025-11-18 22:23:27,617 [INFO] gaitguard.main: FPS=16.3 | tracks=1 | alerts=0
2025-11-18 22:23:29,470 [INFO] gaitguard.main: FPS=16.3 | tracks=1 | alerts=0
2025-11-18 22:23:31,284 [INFO] gaitguard.main: FPS=16.3 | tracks=1 | alerts=0
2025-11-18 22:23:33,188 [INFO] gaitguard.main: FPS=16.3 | tracks=1 | alerts=0
2025-11-18 22:23:35,060 [INFO] gaitguard.main: FPS=16.3 | tracks=1 | alerts=0
2025-11-18 22:23:36,868 [INFO] gaitguard.main: FPS=16.3 | tracks=1 | alerts=0
2025-11-18 22:23:38,869 [INFO] gaitguard.main: FPS=16.3 | tracks=1 | alerts=0
2025-11-18 22:23:40,951 [INFO] gaitguard.main: FPS=16.3 | tracks=1 | alerts=0
2025-11-18 22:23:42,910 [INFO] gaitguard.main: FPS=16.3 | tracks=1 | alerts=0
2025-11-18 22:23:44,692 [INFO] gaitguard.main: FPS=16.3 | tracks=1 | alerts=0
2025-11-18 22:23:46,562 [INFO] gaitguard.main: FPS=16.3 | tracks=1 | alerts=0
2025-11-18 22:23:48,441 [INFO] gaitguard.main: FPS=16.3 | tracks=1 | alerts=0
2025-11-18 22:23:50,197 [INFO] gaitguard.main: FPS=16.3 | tracks=1 | alerts=0
2025-11-18 22:23:51,771 [INFO] gaitguard.main: FPS=16.3 | tracks=1 | alerts=0
2025-11-18 22:23:53,166 [INFO] gaitguard.main: FPS=16.3 | tracks=1 | alerts=0
2025-11-18 22:23:54,474 [INFO] gaitguard.main: FPS=16.3 | tracks=1 | alerts=0
2025-11-18 22:23:55,791 [INFO] gaitguard.main: FPS=16.3 | tracks=1 | alerts=0
2025-11-18 22:23:57,529 [INFO] gaitguard.main: FPS=16.3 | tracks=1 | alerts=0
2025-11-18 22:23:59,418 [INFO] gaitguard.main: FPS=16.3 | tracks=1 | alerts=0
2025-11-18 22:24:01,217 [INFO] gaitguard.main: FPS=16.3 | tracks=1 | alerts=0
2025-11-18 22:24:02,997 [INFO] gaitguard.main: FPS=16.3 | tracks=1 | alerts=0
2025-11-18 22:24:04,442 [INFO] gaitguard.main: FPS=16.3 | tracks=1 | alerts=0
2025-11-18 22:24:05,823 [INFO] gaitguard.main: FPS=16.3 | tracks=1 | alerts=0
2025-11-18 22:24:07,199 [INFO] gaitguard.main: FPS=16.3 | tracks=1 | alerts=0
2025-11-18 22:24:08,605 [INFO] gaitguard.main: FPS=16.3 | tracks=1 | alerts=0
2025-11-18 22:24:10,025 [INFO] gaitguard.main: FPS=16.3 | tracks=1 | alerts=0
2025-11-18 22:24:11,578 [INFO] gaitguard.main: FPS=16.3 | tracks=1 | alerts=0
2025-11-18 22:24:13,068 [INFO] gaitguard.main: FPS=16.3 | tracks=1 | alerts=0
2025-11-18 22:24:14,710 [INFO] gaitguard.main: FPS=16.3 | tracks=1 | alerts=0
2025-11-18 22:24:16,137 [INFO] gaitguard.main: FPS=16.3 | tracks=1 | alerts=0
2025-11-18 22:24:17,476 [INFO] gaitguard.main: FPS=16.3 | tracks=1 | alerts=0
2025-11-18 22:24:18,835 [INFO] gaitguard.main: FPS=16.3 | tracks=1 | alerts=0
2025-11-18 22:24:20,286 [INFO] gaitguard.main: FPS=16.3 | tracks=1 | alerts=0
2025-11-18 22:24:21,802 [INFO] gaitguard.main: FPS=16.3 | tracks=1 | alerts=0
2025-11-18 22:24:23,274 [INFO] gaitguard.main: FPS=16.3 | tracks=1 | alerts=0
2025-11-18 22:24:24,735 [INFO] gaitguard.main: FPS=16.3 | tracks=1 | alerts=0
2025-11-18 22:24:26,050 [INFO] gaitguard.main: FPS=16.3 | tracks=1 | alerts=0
2025-11-18 22:24:27,411 [INFO] gaitguard.main: FPS=16.3 | tracks=1 | alerts=0
2025-11-18 22:24:28,717 [INFO] gaitguard.main: FPS=16.3 | tracks=1 | alerts=0
2025-11-18 22:24:30,080 [INFO] gaitguard.main: FPS=16.3 | tracks=1 | alerts=0
2025-11-18 22:24:31,448 [INFO] gaitguard.main: FPS=16.3 | tracks=1 | alerts=0
2025-11-18 22:24:32,769 [INFO] gaitguard.main: FPS=16.3 | tracks=1 | alerts=0
2025-11-18 22:24:34,341 [INFO] gaitguard.main: FPS=16.3 | tracks=1 | alerts=0
2025-11-18 22:24:36,073 [INFO] gaitguard.main: FPS=16.3 | tracks=1 | alerts=0
2025-11-18 22:24:37,474 [INFO] gaitguard.main: FPS=16.3 | tracks=1 | alerts=0
2025-11-18 22:24:38,889 [INFO] gaitguard.main: FPS=16.3 | tracks=1 | alerts=0
2025-11-18 22:24:40,280 [INFO] gaitguard.main: FPS=16.3 | tracks=1 | alerts=0
2025-11-18 22:24:41,704 [INFO] gaitguard.main: FPS=16.3 | tracks=1 | alerts=0
2025-11-18 22:24:43,270 [INFO] gaitguard.main: FPS=16.4 | tracks=1 | alerts=0
2025-11-18 22:24:45,070 [INFO] gaitguard.main: FPS=16.4 | tracks=1 | alerts=0
2025-11-18 22:24:46,708 [INFO] gaitguard.main: FPS=16.4 | tracks=1 | alerts=0
2025-11-18 22:24:48,111 [INFO] gaitguard.main: FPS=16.4 | tracks=1 | alerts=0
2025-11-18 22:24:49,509 [INFO] gaitguard.main: FPS=16.4 | tracks=1 | alerts=0
2025-11-18 22:24:50,885 [INFO] gaitguard.main: FPS=16.4 | tracks=1 | alerts=0
2025-11-18 22:24:52,380 [INFO] gaitguard.main: FPS=16.4 | tracks=1 | alerts=0
2025-11-18 22:24:53,827 [INFO] gaitguard.main: FPS=16.4 | tracks=1 | alerts=0
2025-11-18 22:24:55,262 [INFO] gaitguard.main: FPS=16.4 | tracks=1 | alerts=0
2025-11-18 22:24:56,671 [INFO] gaitguard.main: FPS=16.4 | tracks=1 | alerts=0
2025-11-18 22:24:57,961 [INFO] gaitguard.main: FPS=16.4 | tracks=1 | alerts=0
2025-11-18 22:24:59,358 [INFO] gaitguard.main: FPS=16.4 | tracks=1 | alerts=0
2025-11-18 22:25:00,806 [INFO] gaitguard.main: FPS=16.4 | tracks=1 | alerts=0
2025-11-18 22:25:02,537 [INFO] gaitguard.main: FPS=16.4 | tracks=1 | alerts=0
2025-11-18 22:25:04,254 [INFO] gaitguard.main: FPS=16.4 | tracks=1 | alerts=0
2025-11-18 22:25:05,990 [INFO] gaitguard.main: FPS=16.4 | tracks=1 | alerts=0
2025-11-18 22:25:07,744 [INFO] gaitguard.main: FPS=16.4 | tracks=1 | alerts=0
2025-11-18 22:25:09,392 [INFO] gaitguard.main: FPS=16.4 | tracks=1 | alerts=0
2025-11-18 22:25:10,763 [INFO] gaitguard.main: FPS=16.4 | tracks=1 | alerts=0
2025-11-18 22:25:12,226 [INFO] gaitguard.main: FPS=16.4 | tracks=1 | alerts=0
2025-11-18 22:25:13,697 [INFO] gaitguard.main: FPS=16.4 | tracks=1 | alerts=0
2025-11-18 22:25:15,090 [INFO] gaitguard.main: FPS=16.4 | tracks=1 | alerts=0
2025-11-18 22:25:16,580 [INFO] gaitguard.main: FPS=16.4 | tracks=1 | alerts=0
2025-11-18 22:25:18,327 [INFO] gaitguard.main: FPS=16.4 | tracks=1 | alerts=0
2025-11-18 22:25:20,146 [INFO] gaitguard.main: FPS=16.4 | tracks=1 | alerts=0
2025-11-18 22:25:22,068 [INFO] gaitguard.main: FPS=16.4 | tracks=1 | alerts=0
2025-11-18 22:25:23,904 [INFO] gaitguard.main: FPS=16.4 | tracks=1 | alerts=0
2025-11-18 22:25:25,799 [INFO] gaitguard.main: GaitGuard pipeline stopped.
2025-11-20 21:02:05,083 [INFO] gaitguard.device: Using CUDA device: NVIDIA GeForce RTX 3050 6GB Laptop GPU
2025-11-20 21:02:05,084 [INFO] gaitguard.main: Runtime device=cuda | half=True
2025-11-20 21:02:05,084 [INFO] perception.detector: Loading YOLO model 'yolo11n.pt' on device 'cuda'
2025-11-20 21:02:07,131 [INFO] perception.detector: YOLO model loaded in FP16 on CUDA
2025-11-20 21:02:07,131 [INFO] perception.detector: YOLO model ready
2025-11-20 21:02:07,131 [INFO] perception.perception_engine: Phase-1 PerceptionEngine initialised.
2025-11-20 21:02:07,131 [INFO] gaitguard.device: Using CUDA device: NVIDIA GeForce RTX 3050 6GB Laptop GPU
2025-11-20 21:02:07,134 [INFO] face.config: FaceConfig initialised | device=cuda half=True | gallery=C:\Users\ildi\Desktop\GaitGuard\data\face_gallery.enc | dim=512 metric=cosine | q_enroll=0.60 q_embed=0.60 q_runtime=0.55 strong_dist=0.850 weak_dist=0.930 | route(lookback=2.0s, max_entries=30, every_n=5, min_interval_ms=150)
2025-11-20 21:02:07,134 [INFO] face.detector_align: Initialising FaceDetectorAligner with pack=buffalo_l ctx_id=0 det_size=(640, 640) providers=['CUDAExecutionProvider', 'CPUExecutionProvider']
2025-11-20 21:02:08,536 [INFO] face.route: FaceRoute initialised | lookback=2.0s | max_entries=30 | every_n_frames=5 | min_interval_ms=150
2025-11-20 21:02:08,557 [ERROR] identity.face_gallery: Failed to decrypt face gallery at 'C:\Users\ildi\Desktop\GaitGuard\data\face_gallery.enc': Encryption key environment variable 'GAITGUARD_FACE_KEY' is not set. Generate a strong random key and set it, e.g.:
  export GAITGUARD_FACE_KEY="$(openssl rand -hex 32)" (env_var=GAITGUARD_FACE_KEY, key_fp=unknown). The on-disk file was NOT modified. Most likely causes: the encryption key changed after the gallery was created, or the file is corrupted. This gallery instance is now locked; it will not overwrite the file until you delete/reset it explicitly.
2025-11-20 21:02:08,557 [INFO] identity.identity_engine: FaceIdentityEngine initialised | strong_match_dist=0.850 weak_match_dist=0.930 min_q_runtime=0.550 confirm=3 switch=4 lookback=2.0s half_life=2.0s stale_after=6.0s
2025-11-20 21:02:08,558 [INFO] gaitguard.main: Identity engine: classic (Phase-2A face route)
2025-11-20 21:02:12,383 [INFO] gaitguard.main: GaitGuard pipeline started (Phase-1 + Face identity, mode=classic). Press ESC to exit.
2025-11-20 21:02:16,546 [INFO] gaitguard.main: FPS=7.3 | tracks=1 | alerts=0
2025-11-20 21:02:17,946 [INFO] gaitguard.main: FPS=10.9 | tracks=1 | alerts=0
2025-11-20 21:02:19,343 [INFO] gaitguard.main: FPS=13.0 | tracks=1 | alerts=0
2025-11-20 21:02:20,750 [INFO] gaitguard.main: FPS=14.4 | tracks=1 | alerts=0
2025-11-20 21:02:22,097 [INFO] gaitguard.main: GaitGuard pipeline stopped.
2025-11-20 21:02:35,316 [INFO] gaitguard.device: Using CUDA device: NVIDIA GeForce RTX 3050 6GB Laptop GPU
2025-11-20 21:02:35,316 [INFO] gaitguard.main: Runtime device=cuda | half=True
2025-11-20 21:02:35,316 [INFO] perception.detector: Loading YOLO model 'yolo11n.pt' on device 'cuda'
2025-11-20 21:02:36,350 [INFO] perception.detector: YOLO model loaded in FP16 on CUDA
2025-11-20 21:02:36,350 [INFO] perception.detector: YOLO model ready
2025-11-20 21:02:36,350 [INFO] perception.perception_engine: Phase-1 PerceptionEngine initialised.
2025-11-20 21:02:36,350 [INFO] gaitguard.device: Using CUDA device: NVIDIA GeForce RTX 3050 6GB Laptop GPU
2025-11-20 21:02:36,352 [INFO] face.config: FaceConfig initialised | device=cuda half=True | gallery=C:\Users\ildi\Desktop\GaitGuard\data\face_gallery.enc | dim=512 metric=cosine | q_enroll=0.60 q_embed=0.60 q_runtime=0.55 strong_dist=0.850 weak_dist=0.930 | route(lookback=2.0s, max_entries=30, every_n=5, min_interval_ms=150)
2025-11-20 21:02:36,352 [INFO] face.detector_align: Initialising FaceDetectorAligner with pack=buffalo_l ctx_id=0 det_size=(640, 640) providers=['CUDAExecutionProvider', 'CPUExecutionProvider']
2025-11-20 21:02:37,271 [INFO] face.route: FaceRoute initialised | lookback=2.0s | max_entries=30 | every_n_frames=5 | min_interval_ms=150
2025-11-20 21:02:37,271 [INFO] identity.crypto: Loaded AES key from env var 'GAITGUARD_FACE_KEY' (length=32 bytes, fp=4e401724).
2025-11-20 21:02:37,309 [INFO] identity.face_gallery: Face gallery loaded from C:\Users\ildi\Desktop\GaitGuard\data\face_gallery.enc (persons=4).
2025-11-20 21:02:37,309 [INFO] identity.identity_engine: FaceIdentityEngine initialised | strong_match_dist=0.850 weak_match_dist=0.930 min_q_runtime=0.550 confirm=3 switch=4 lookback=2.0s half_life=2.0s stale_after=6.0s
2025-11-20 21:02:37,309 [INFO] gaitguard.main: Identity engine: classic (Phase-2A face route)
2025-11-20 21:02:40,780 [INFO] gaitguard.main: GaitGuard pipeline started (Phase-1 + Face identity, mode=classic). Press ESC to exit.
2025-11-20 21:02:42,345 [INFO] identity.face_gallery: Face gallery FAISS index rebuilt (templates=30).
2025-11-20 21:02:43,617 [INFO] gaitguard.main: FPS=10.7 | tracks=1 | alerts=0
2025-11-20 21:02:45,094 [INFO] gaitguard.main: FPS=14.0 | tracks=1 | alerts=0
2025-11-20 21:02:46,680 [INFO] gaitguard.main: FPS=15.3 | tracks=1 | alerts=0
2025-11-20 21:02:48,501 [INFO] gaitguard.main: FPS=15.6 | tracks=1 | alerts=0
2025-11-20 21:02:50,296 [INFO] gaitguard.main: FPS=15.8 | tracks=1 | alerts=0
2025-11-20 21:02:52,131 [INFO] gaitguard.main: FPS=15.9 | tracks=1 | alerts=0
2025-11-20 21:02:53,965 [INFO] gaitguard.main: FPS=16.0 | tracks=1 | alerts=0
2025-11-20 21:02:55,782 [INFO] gaitguard.main: FPS=16.0 | tracks=1 | alerts=0
2025-11-20 21:02:57,575 [INFO] gaitguard.main: FPS=16.1 | tracks=1 | alerts=0
2025-11-20 21:02:59,379 [INFO] gaitguard.main: FPS=16.2 | tracks=1 | alerts=0
2025-11-20 21:03:01,215 [INFO] gaitguard.main: GaitGuard pipeline stopped.
2025-11-20 21:11:05,107 [INFO] gaitguard.device: Using CUDA device: NVIDIA GeForce RTX 3050 6GB Laptop GPU
2025-11-20 21:11:05,107 [INFO] gaitguard.main: Runtime device=cuda | half=True
2025-11-20 21:11:05,107 [INFO] perception.detector: Loading YOLO model 'yolo11n.pt' on device 'cuda'
2025-11-20 21:11:06,210 [INFO] perception.detector: YOLO model loaded in FP16 on CUDA
2025-11-20 21:11:06,211 [INFO] perception.detector: YOLO model ready
2025-11-20 21:11:06,211 [INFO] perception.perception_engine: Phase-1 PerceptionEngine initialised.
2025-11-20 21:11:06,212 [INFO] gaitguard.device: Using CUDA device: NVIDIA GeForce RTX 3050 6GB Laptop GPU
2025-11-20 21:11:06,214 [INFO] face.config: FaceConfig initialised | device=cuda half=True | gallery=C:\Users\ildi\Desktop\GaitGuard\data\face_gallery.enc | dim=512 metric=cosine | q_enroll=0.60 q_embed=0.60 q_runtime=0.55 strong_dist=0.850 weak_dist=0.930 | route(lookback=2.0s, max_entries=30, every_n=5, min_interval_ms=150)
2025-11-20 21:11:06,215 [INFO] face.detector_align: Initialising FaceDetectorAligner with pack=buffalo_l ctx_id=0 det_size=(640, 640) providers=['CUDAExecutionProvider', 'CPUExecutionProvider']
2025-11-20 21:11:07,177 [INFO] face.route: FaceRoute initialised | lookback=2.0s | max_entries=30 | every_n_frames=5 | min_interval_ms=150
2025-11-20 21:11:07,179 [INFO] identity.crypto: Loaded AES key from env var 'GAITGUARD_FACE_KEY' (length=32 bytes, fp=4e401724).
2025-11-20 21:11:07,192 [INFO] identity.face_gallery: Face gallery loaded from C:\Users\ildi\Desktop\GaitGuard\data\face_gallery.enc (persons=4).
2025-11-20 21:11:07,193 [INFO] identity.identity_engine: FaceIdentityEngine initialised | strong_match_dist=0.850 weak_match_dist=0.930 min_q_runtime=0.550 confirm=3 switch=4 lookback=2.0s half_life=2.0s stale_after=6.0s
2025-11-20 21:11:07,195 [INFO] gaitguard.main: Identity engine: classic (Phase-2A face route)
2025-11-20 21:11:11,432 [INFO] gaitguard.main: GaitGuard pipeline started (Phase-1 + Face identity, mode=classic). Press ESC to exit.
2025-11-20 21:11:27,559 [INFO] gaitguard.main: GaitGuard pipeline stopped.
2025-11-20 21:11:42,223 [INFO] gaitguard.device: Using CUDA device: NVIDIA GeForce RTX 3050 6GB Laptop GPU
2025-11-20 21:11:42,224 [INFO] gaitguard.main: Runtime device=cuda | half=True
2025-11-20 21:11:42,224 [INFO] perception.detector: Loading YOLO model 'yolo11n.pt' on device 'cuda'
2025-11-20 21:11:43,300 [INFO] perception.detector: YOLO model loaded in FP16 on CUDA
2025-11-20 21:11:43,301 [INFO] perception.detector: YOLO model ready
2025-11-20 21:11:43,301 [INFO] perception.perception_engine: Phase-1 PerceptionEngine initialised.
2025-11-20 21:11:43,301 [INFO] gaitguard.device: Using CUDA device: NVIDIA GeForce RTX 3050 6GB Laptop GPU
2025-11-20 21:11:43,303 [INFO] face.config: FaceConfig initialised | device=cuda half=True | gallery=C:\Users\ildi\Desktop\GaitGuard\data\face_gallery.enc | dim=512 metric=cosine | q_enroll=0.60 q_embed=0.60 q_runtime=0.55 strong_dist=0.850 weak_dist=0.930 | route(lookback=2.0s, max_entries=30, every_n=5, min_interval_ms=150)
2025-11-20 21:11:43,303 [INFO] face.detector_align: Initialising FaceDetectorAligner with pack=buffalo_l ctx_id=0 det_size=(640, 640) providers=['CUDAExecutionProvider', 'CPUExecutionProvider']
2025-11-20 21:11:44,273 [INFO] face.route: FaceRoute initialised | lookback=2.0s | max_entries=30 | every_n_frames=5 | min_interval_ms=150
2025-11-20 21:11:44,273 [INFO] identity.crypto: Loaded AES key from env var 'GAITGUARD_FACE_KEY' (length=32 bytes, fp=4e401724).
2025-11-20 21:11:44,285 [INFO] identity.face_gallery: Face gallery loaded from C:\Users\ildi\Desktop\GaitGuard\data\face_gallery.enc (persons=4).
2025-11-20 21:11:44,286 [INFO] identity.identity_engine: FaceIdentityEngine initialised | strong_match_dist=0.850 weak_match_dist=0.930 min_q_runtime=0.550 confirm=3 switch=4 lookback=2.0s half_life=2.0s stale_after=6.0s
2025-11-20 21:11:44,286 [INFO] gaitguard.main: Identity engine: classic (Phase-2A face route)
2025-11-20 21:11:49,259 [INFO] gaitguard.main: GaitGuard pipeline started (Phase-1 + Face identity, mode=classic). Press ESC to exit.
2025-11-20 21:11:50,982 [INFO] identity.face_gallery: Face gallery FAISS index rebuilt (templates=30).
2025-11-20 21:11:52,393 [INFO] gaitguard.main: FPS=9.7 | tracks=1 | alerts=0
2025-11-20 21:11:53,878 [INFO] gaitguard.main: FPS=13.1 | tracks=1 | alerts=0
2025-11-20 21:11:55,385 [INFO] gaitguard.main: FPS=14.8 | tracks=1 | alerts=0
2025-11-20 21:11:56,903 [INFO] gaitguard.main: FPS=15.8 | tracks=1 | alerts=0
2025-11-20 21:11:58,412 [INFO] gaitguard.main: FPS=16.4 | tracks=1 | alerts=0
2025-11-20 21:11:59,953 [INFO] gaitguard.main: FPS=16.9 | tracks=1 | alerts=0
2025-11-20 21:12:01,500 [INFO] gaitguard.main: FPS=17.2 | tracks=1 | alerts=0
2025-11-20 21:12:03,018 [INFO] gaitguard.main: FPS=17.5 | tracks=1 | alerts=0
2025-11-20 21:12:04,513 [INFO] gaitguard.main: FPS=17.7 | tracks=1 | alerts=0
2025-11-20 21:12:05,999 [INFO] gaitguard.main: FPS=18.0 | tracks=1 | alerts=0
2025-11-20 21:12:08,108 [INFO] gaitguard.main: GaitGuard pipeline stopped.
2025-11-20 21:18:36,346 [INFO] gaitguard.device: Using CUDA device: NVIDIA GeForce RTX 3050 6GB Laptop GPU
2025-11-20 21:18:36,347 [INFO] gaitguard.main: Runtime device=cuda | half=True
2025-11-20 21:18:36,347 [INFO] perception.detector: Loading YOLO model 'yolo11n.pt' on device 'cuda'
2025-11-20 21:18:37,346 [INFO] perception.detector: YOLO model loaded in FP16 on CUDA
2025-11-20 21:18:37,346 [INFO] perception.detector: YOLO model ready
2025-11-20 21:18:37,349 [INFO] perception.perception_engine: Phase-1 PerceptionEngine initialised.
2025-11-20 21:18:37,349 [INFO] gaitguard.device: Using CUDA device: NVIDIA GeForce RTX 3050 6GB Laptop GPU
2025-11-20 21:18:37,350 [INFO] face.config: FaceConfig initialised | device=cuda half=True | gallery=C:\Users\ildi\Desktop\GaitGuard\data\face_gallery.enc | dim=512 metric=cosine | q_enroll=0.60 q_embed=0.60 q_runtime=0.55 strong_dist=0.850 weak_dist=0.930 | route(lookback=2.0s, max_entries=30, every_n=5, min_interval_ms=150)
2025-11-20 21:18:37,351 [INFO] face.detector_align: Initialising FaceDetectorAligner with pack=buffalo_l ctx_id=0 det_size=(640, 640) providers=['CUDAExecutionProvider', 'CPUExecutionProvider']
2025-11-20 21:18:38,238 [INFO] face.route: FaceRoute initialised | lookback=2.0s | max_entries=30 | every_n_frames=5 | min_interval_ms=150
2025-11-20 21:18:38,255 [INFO] identity.crypto: Loaded AES key from env var 'GAITGUARD_FACE_KEY' (length=32 bytes, fp=4e401724).
2025-11-20 21:18:38,278 [INFO] identity.face_gallery: Face gallery loaded from C:\Users\ildi\Desktop\GaitGuard\data\face_gallery.enc (persons=2).
2025-11-20 21:18:38,278 [INFO] identity.identity_engine: FaceIdentityEngine initialised | strong_match_dist=0.850 weak_match_dist=0.930 min_q_runtime=0.550 confirm=3 switch=4 lookback=2.0s half_life=2.0s stale_after=6.0s
2025-11-20 21:18:38,278 [INFO] gaitguard.main: Identity engine: classic (Phase-2A face route)
2025-11-20 21:18:43,144 [INFO] gaitguard.main: GaitGuard pipeline started (Phase-1 + Face identity, mode=classic). Press ESC to exit.
2025-11-20 21:18:44,652 [INFO] identity.face_gallery: Face gallery FAISS index rebuilt (templates=10).
2025-11-20 21:18:45,884 [INFO] gaitguard.main: FPS=11.1 | tracks=1 | alerts=0
2025-11-20 21:18:47,315 [INFO] gaitguard.main: FPS=14.5 | tracks=1 | alerts=0
2025-11-20 21:18:48,725 [INFO] gaitguard.main: FPS=16.2 | tracks=1 | alerts=0
2025-11-20 21:18:50,138 [INFO] gaitguard.main: FPS=17.2 | tracks=1 | alerts=0
2025-11-20 21:18:51,913 [INFO] gaitguard.main: FPS=17.2 | tracks=1 | alerts=0
2025-11-20 21:18:53,783 [INFO] gaitguard.main: FPS=17.0 | tracks=1 | alerts=0
2025-11-20 21:18:55,678 [INFO] gaitguard.main: FPS=16.8 | tracks=1 | alerts=0
2025-11-20 21:18:57,475 [INFO] gaitguard.main: FPS=16.8 | tracks=1 | alerts=0
2025-11-20 21:18:59,357 [INFO] gaitguard.main: FPS=16.7 | tracks=1 | alerts=0
2025-11-20 21:19:01,232 [INFO] gaitguard.main: FPS=16.6 | tracks=1 | alerts=0
2025-11-20 21:19:03,049 [INFO] gaitguard.main: FPS=16.6 | tracks=1 | alerts=0
2025-11-20 21:19:04,897 [INFO] gaitguard.main: FPS=16.6 | tracks=1 | alerts=0
2025-11-20 21:19:06,778 [INFO] gaitguard.main: FPS=16.5 | tracks=1 | alerts=0
2025-11-20 21:19:08,582 [INFO] gaitguard.main: FPS=16.5 | tracks=1 | alerts=0
2025-11-20 21:19:10,395 [INFO] gaitguard.main: FPS=16.5 | tracks=2 | alerts=0
2025-11-20 21:19:12,240 [INFO] gaitguard.main: FPS=16.5 | tracks=2 | alerts=0
2025-11-20 21:19:14,048 [INFO] gaitguard.main: FPS=16.5 | tracks=1 | alerts=0
2025-11-20 21:19:15,843 [INFO] gaitguard.main: FPS=16.5 | tracks=1 | alerts=0
2025-11-20 21:19:17,648 [INFO] gaitguard.main: FPS=16.5 | tracks=1 | alerts=0
2025-11-20 21:19:19,467 [INFO] gaitguard.main: FPS=16.5 | tracks=1 | alerts=0
2025-11-20 21:19:21,264 [INFO] gaitguard.main: FPS=16.5 | tracks=1 | alerts=0
2025-11-20 21:19:23,059 [INFO] gaitguard.main: FPS=16.5 | tracks=1 | alerts=0
2025-11-20 21:19:25,069 [INFO] gaitguard.main: FPS=16.5 | tracks=1 | alerts=0
2025-11-20 21:19:26,855 [INFO] gaitguard.main: FPS=16.5 | tracks=1 | alerts=0
2025-11-20 21:19:28,723 [INFO] gaitguard.main: FPS=16.5 | tracks=1 | alerts=0
2025-11-20 21:19:30,578 [INFO] gaitguard.main: FPS=16.5 | tracks=1 | alerts=0
2025-11-20 21:19:32,351 [INFO] gaitguard.main: FPS=16.5 | tracks=1 | alerts=0
2025-11-20 21:19:33,752 [INFO] gaitguard.main: FPS=16.6 | tracks=1 | alerts=0
2025-11-20 21:19:34,934 [INFO] gaitguard.main: FPS=16.8 | tracks=1 | alerts=0
2025-11-20 21:19:36,326 [INFO] gaitguard.main: FPS=16.9 | tracks=2 | alerts=0
2025-11-20 21:19:37,744 [INFO] gaitguard.main: FPS=17.0 | tracks=1 | alerts=0
2025-11-20 21:19:39,571 [INFO] gaitguard.main: FPS=17.0 | tracks=1 | alerts=0
2025-11-20 21:19:41,202 [INFO] gaitguard.main: GaitGuard pipeline stopped.
2025-11-20 21:43:37,249 [INFO] gaitguard.device: Using CUDA device: NVIDIA GeForce RTX 3050 6GB Laptop GPU
2025-11-20 21:43:37,249 [INFO] gaitguard.main: Runtime device=cuda | half=True
2025-11-20 21:43:37,249 [INFO] perception.detector: Loading YOLO model 'yolo11n.pt' on device 'cuda'
2025-11-20 21:43:38,283 [INFO] perception.detector: YOLO model loaded in FP16 on CUDA
2025-11-20 21:43:38,283 [INFO] perception.detector: YOLO model ready
2025-11-20 21:43:38,283 [INFO] perception.perception_engine: Phase-1 PerceptionEngine initialised.
2025-11-20 21:43:38,283 [INFO] gaitguard.device: Using CUDA device: NVIDIA GeForce RTX 3050 6GB Laptop GPU
2025-11-20 21:43:38,285 [INFO] face.config: FaceConfig initialised | device=cuda half=True | gallery=C:\Users\ildi\Desktop\GaitGuard\data\face_gallery.enc | dim=512 metric=cosine | q_enroll=0.60 q_embed=0.60 q_runtime=0.55 strong_dist=0.850 weak_dist=0.930 | route(lookback=2.0s, max_entries=30, every_n=5, min_interval_ms=150)
2025-11-20 21:43:38,285 [INFO] face.detector_align: Initialising FaceDetectorAligner with pack=buffalo_l ctx_id=0 det_size=(640, 640) providers=['CUDAExecutionProvider', 'CPUExecutionProvider']
2025-11-20 21:43:39,161 [INFO] face.route: FaceRoute initialised | lookback=2.0s | max_entries=30 | every_n_frames=5 | min_interval_ms=150
2025-11-20 21:43:39,163 [INFO] identity.crypto: Loaded AES key from env var 'GAITGUARD_FACE_KEY' (length=32 bytes, fp=4e401724).
2025-11-20 21:43:39,169 [INFO] identity.face_gallery: Face gallery loaded from C:\Users\ildi\Desktop\GaitGuard\data\face_gallery.enc (persons=2).
2025-11-20 21:43:39,171 [INFO] identity.identity_engine: FaceIdentityEngine initialised | strong_match_dist=0.850 weak_match_dist=0.930 min_q_runtime=0.550 confirm=3 switch=4 lookback=2.0s half_life=2.0s stale_after=6.0s
2025-11-20 21:43:39,171 [INFO] gaitguard.main: Identity engine: classic (Phase-2A face route)
2025-11-20 21:43:42,774 [INFO] gaitguard.main: GaitGuard pipeline started (Phase-1 + Face identity, mode=classic). Press ESC to exit.
2025-11-20 21:43:44,848 [INFO] gaitguard.main: FPS=14.7 | tracks=1 | alerts=0
2025-11-20 21:43:46,128 [INFO] gaitguard.main: FPS=18.0 | tracks=1 | alerts=0
2025-11-20 21:43:47,333 [INFO] gaitguard.main: FPS=19.9 | tracks=1 | alerts=0
2025-11-20 21:43:48,538 [INFO] gaitguard.main: FPS=20.9 | tracks=1 | alerts=0
2025-11-20 21:43:49,703 [INFO] gaitguard.main: FPS=21.7 | tracks=1 | alerts=0
2025-11-20 21:43:50,902 [INFO] gaitguard.main: FPS=22.2 | tracks=1 | alerts=0
2025-11-20 21:43:51,951 [INFO] identity.face_gallery: Face gallery FAISS index rebuilt (templates=10).
2025-11-20 21:43:52,700 [INFO] gaitguard.main: FPS=21.2 | tracks=1 | alerts=0
2025-11-20 21:43:54,128 [INFO] gaitguard.main: FPS=21.2 | tracks=1 | alerts=0
2025-11-20 21:43:55,615 [INFO] gaitguard.main: FPS=21.1 | tracks=1 | alerts=0
2025-11-20 21:43:57,499 [INFO] gaitguard.main: FPS=20.4 | tracks=1 | alerts=0
2025-11-20 21:43:59,296 [INFO] gaitguard.main: FPS=20.0 | tracks=1 | alerts=0
2025-11-20 21:44:01,101 [INFO] gaitguard.main: FPS=19.7 | tracks=1 | alerts=0
2025-11-20 21:44:02,966 [INFO] gaitguard.main: FPS=19.3 | tracks=1 | alerts=0
2025-11-20 21:44:04,766 [INFO] gaitguard.main: FPS=19.1 | tracks=1 | alerts=0
2025-11-20 21:44:06,579 [INFO] gaitguard.main: FPS=18.9 | tracks=1 | alerts=0
2025-11-20 21:44:08,383 [INFO] gaitguard.main: FPS=18.8 | tracks=1 | alerts=0
2025-11-20 21:44:10,251 [INFO] gaitguard.main: FPS=18.6 | tracks=1 | alerts=0
2025-11-20 21:44:12,076 [INFO] gaitguard.main: FPS=18.5 | tracks=1 | alerts=0
2025-11-20 21:44:13,951 [INFO] gaitguard.main: FPS=18.3 | tracks=1 | alerts=0
2025-11-20 21:44:15,777 [INFO] gaitguard.main: FPS=18.2 | tracks=1 | alerts=0
2025-11-20 21:44:17,633 [INFO] gaitguard.main: FPS=18.1 | tracks=1 | alerts=0
2025-11-20 21:44:19,439 [INFO] gaitguard.main: FPS=18.0 | tracks=1 | alerts=0
2025-11-20 21:44:21,293 [INFO] gaitguard.main: FPS=17.9 | tracks=1 | alerts=0
2025-11-20 21:44:22,771 [INFO] gaitguard.main: FPS=18.0 | tracks=1 | alerts=0
2025-11-20 21:44:24,451 [INFO] gaitguard.main: FPS=18.0 | tracks=1 | alerts=0
2025-11-20 21:44:25,912 [INFO] gaitguard.main: GaitGuard pipeline stopped.
2025-11-20 22:12:31,249 [INFO] gaitguard.device: Using CUDA device: NVIDIA GeForce RTX 3050 6GB Laptop GPU
2025-11-20 22:12:31,249 [INFO] gaitguard.main: Runtime device=cuda | half=True
2025-11-20 22:12:31,249 [INFO] perception.detector: Loading YOLO model 'yolo11n.pt' on device 'cuda'
2025-11-20 22:12:32,271 [INFO] perception.detector: YOLO model loaded in FP16 on CUDA
2025-11-20 22:12:32,273 [INFO] perception.detector: YOLO model ready
2025-11-20 22:12:32,274 [INFO] perception.perception_engine: Phase-1 PerceptionEngine initialised.
2025-11-20 22:12:32,274 [INFO] gaitguard.device: Using CUDA device: NVIDIA GeForce RTX 3050 6GB Laptop GPU
2025-11-20 22:12:32,276 [INFO] face.config: FaceConfig initialised | device=cuda half=True | gallery=C:\Users\ildi\Desktop\GaitGuard\data\face_gallery.enc | dim=512 metric=cosine | q_enroll=0.60 q_embed=0.60 q_runtime=0.55 strong_dist=0.850 weak_dist=0.930 | route(lookback=2.0s, max_entries=30, every_n=5, min_interval_ms=150)
2025-11-20 22:12:32,276 [INFO] face.detector_align: Initialising FaceDetectorAligner with pack=buffalo_l ctx_id=0 det_size=(640, 640) providers=['CUDAExecutionProvider', 'CPUExecutionProvider']
2025-11-20 22:12:33,182 [INFO] face.route: FaceRoute initialised | lookback=2.0s | max_entries=30 | every_n_frames=5 | min_interval_ms=150
2025-11-20 22:12:33,182 [INFO] identity.crypto: Loaded AES key from env var 'GAITGUARD_FACE_KEY' (length=32 bytes, fp=4e401724).
2025-11-20 22:12:33,192 [INFO] identity.face_gallery: Face gallery loaded from C:\Users\ildi\Desktop\GaitGuard\data\face_gallery.enc (persons=2).
2025-11-20 22:12:33,192 [INFO] identity.identity_engine: FaceIdentityEngine initialised | strong_match_dist=0.850 weak_match_dist=0.930 min_q_runtime=0.550 confirm=3 switch=4 lookback=2.0s half_life=2.0s stale_after=6.0s
2025-11-20 22:12:33,192 [INFO] gaitguard.main: Identity engine: classic (Phase-2A face route)
2025-11-20 22:12:35,994 [INFO] gaitguard.main: GaitGuard pipeline started (Phase-1 + Face identity, mode=classic). Press ESC to exit.
2025-11-20 22:12:50,090 [INFO] gaitguard.main: GaitGuard pipeline stopped.
2025-11-20 22:16:00,272 [INFO] gaitguard.device: Using CUDA device: NVIDIA GeForce RTX 3050 6GB Laptop GPU
2025-11-20 22:16:00,272 [INFO] gaitguard.main: Runtime device=cuda | half=True
2025-11-20 22:16:00,272 [INFO] perception.detector: Loading YOLO model 'yolo11n.pt' on device 'cuda'
2025-11-20 22:16:01,340 [INFO] perception.detector: YOLO model loaded in FP16 on CUDA
2025-11-20 22:16:01,351 [INFO] perception.detector: YOLO model ready
2025-11-20 22:16:01,351 [INFO] perception.perception_engine: Phase-1 PerceptionEngine initialised.
2025-11-20 22:16:01,351 [INFO] gaitguard.device: Using CUDA device: NVIDIA GeForce RTX 3050 6GB Laptop GPU
2025-11-20 22:16:01,351 [INFO] face.config: FaceConfig initialised | device=cuda half=True | gallery=C:\Users\ildi\Desktop\GaitGuard\data\face_gallery.enc | dim=512 metric=cosine | q_enroll=0.60 q_embed=0.60 q_runtime=0.55 strong_dist=0.850 weak_dist=0.930 | route(lookback=2.0s, max_entries=30, every_n=5, min_interval_ms=150)
2025-11-20 22:16:01,354 [INFO] face.detector_align: Initialising FaceDetectorAligner with pack=buffalo_l ctx_id=0 det_size=(640, 640) providers=['CUDAExecutionProvider', 'CPUExecutionProvider']
2025-11-20 22:16:02,262 [INFO] face.route: FaceRoute initialised | lookback=2.0s | max_entries=30 | every_n_frames=5 | min_interval_ms=150
2025-11-20 22:16:02,280 [INFO] identity.crypto: Loaded AES key from env var 'GAITGUARD_FACE_KEY' (length=32 bytes, fp=4e401724).
2025-11-20 22:16:02,286 [INFO] identity.face_gallery: Face gallery loaded from C:\Users\ildi\Desktop\GaitGuard\data\face_gallery.enc (persons=3).
2025-11-20 22:16:02,286 [INFO] identity.identity_engine: FaceIdentityEngine initialised | strong_match_dist=0.850 weak_match_dist=0.930 min_q_runtime=0.550 confirm=3 switch=4 lookback=2.0s half_life=2.0s stale_after=6.0s
2025-11-20 22:16:02,286 [INFO] gaitguard.main: Identity engine: classic (Phase-2A face route)
2025-11-20 22:16:07,550 [INFO] gaitguard.main: GaitGuard pipeline started (Phase-1 + Face identity, mode=classic). Press ESC to exit.
2025-11-20 22:16:09,721 [INFO] gaitguard.main: FPS=14.0 | tracks=1 | alerts=0
2025-11-20 22:16:10,855 [INFO] gaitguard.main: FPS=18.3 | tracks=1 | alerts=0
2025-11-20 22:16:12,020 [INFO] gaitguard.main: FPS=20.3 | tracks=1 | alerts=0
2025-11-20 22:16:13,629 [INFO] gaitguard.main: FPS=19.8 | tracks=1 | alerts=0
2025-11-20 22:16:13,782 [INFO] identity.face_gallery: Face gallery FAISS index rebuilt (templates=15).
2025-11-20 22:16:14,943 [INFO] gaitguard.main: FPS=20.4 | tracks=1 | alerts=0
2025-11-20 22:16:16,249 [INFO] gaitguard.main: FPS=20.8 | tracks=1 | alerts=0
2025-11-20 22:16:17,601 [INFO] gaitguard.main: FPS=21.0 | tracks=1 | alerts=0
2025-11-20 22:16:18,974 [INFO] gaitguard.main: FPS=21.1 | tracks=1 | alerts=0
2025-11-20 22:16:20,290 [INFO] gaitguard.main: FPS=21.2 | tracks=1 | alerts=0
2025-11-20 22:16:21,588 [INFO] gaitguard.main: FPS=21.4 | tracks=1 | alerts=0
2025-11-20 22:16:22,898 [INFO] gaitguard.main: FPS=21.5 | tracks=1 | alerts=0
2025-11-20 22:16:24,192 [INFO] gaitguard.main: FPS=21.7 | tracks=1 | alerts=0
2025-11-20 22:16:25,522 [INFO] gaitguard.main: FPS=21.7 | tracks=1 | alerts=0
2025-11-20 22:16:26,865 [INFO] gaitguard.main: FPS=21.8 | tracks=1 | alerts=0
2025-11-20 22:16:28,213 [INFO] gaitguard.main: FPS=21.8 | tracks=1 | alerts=0
2025-11-20 22:16:29,554 [INFO] gaitguard.main: FPS=21.8 | tracks=1 | alerts=0
2025-11-20 22:16:30,858 [INFO] gaitguard.main: FPS=21.9 | tracks=1 | alerts=0
2025-11-20 22:16:32,185 [INFO] gaitguard.main: FPS=22.0 | tracks=1 | alerts=0
2025-11-20 22:16:33,502 [INFO] gaitguard.main: FPS=22.0 | tracks=1 | alerts=0
2025-11-20 22:16:34,830 [INFO] gaitguard.main: FPS=22.0 | tracks=1 | alerts=0
2025-11-20 22:16:36,213 [INFO] gaitguard.main: FPS=22.0 | tracks=1 | alerts=0
2025-11-20 22:16:37,533 [INFO] gaitguard.main: FPS=22.0 | tracks=1 | alerts=0
2025-11-20 22:16:38,871 [INFO] gaitguard.main: FPS=22.1 | tracks=1 | alerts=0
2025-11-20 22:16:40,197 [INFO] gaitguard.main: FPS=22.1 | tracks=1 | alerts=0
2025-11-20 22:16:41,542 [INFO] gaitguard.main: FPS=22.1 | tracks=1 | alerts=0
2025-11-20 22:16:42,841 [INFO] gaitguard.main: FPS=22.1 | tracks=1 | alerts=0
2025-11-20 22:16:44,134 [INFO] gaitguard.main: FPS=22.2 | tracks=1 | alerts=0
2025-11-20 22:16:45,509 [INFO] gaitguard.main: FPS=22.1 | tracks=1 | alerts=0
2025-11-20 22:16:46,855 [INFO] gaitguard.main: FPS=22.2 | tracks=1 | alerts=0
2025-11-20 22:16:48,011 [INFO] gaitguard.main: GaitGuard pipeline stopped.
2025-11-20 22:38:27,213 [INFO] gaitguard.device: Using CUDA device: NVIDIA GeForce RTX 3050 6GB Laptop GPU
2025-11-20 22:38:27,229 [INFO] gaitguard.main: Runtime device=cuda | half=True
2025-11-20 22:38:27,229 [INFO] perception.detector: Loading YOLO model 'yolo11n.pt' on device 'cuda'
2025-11-20 22:38:28,362 [INFO] perception.detector: YOLO model loaded in FP16 on CUDA
2025-11-20 22:38:28,362 [INFO] perception.detector: YOLO model ready
2025-11-20 22:38:28,362 [INFO] perception.perception_engine: Phase-1 PerceptionEngine initialised.
2025-11-20 22:38:28,362 [INFO] gaitguard.device: Using CUDA device: NVIDIA GeForce RTX 3050 6GB Laptop GPU
2025-11-20 22:38:28,369 [INFO] face.config: FaceConfig initialised | device=cuda half=True | gallery=C:\Users\ildi\Desktop\GaitGuard\data\face_gallery.enc | dim=512 metric=cosine | q_enroll=0.60 q_embed=0.60 q_runtime=0.55 strong_dist=0.850 weak_dist=0.930 | route(lookback=2.0s, max_entries=30, every_n=5, min_interval_ms=150)
2025-11-20 22:38:28,369 [INFO] face.detector_align: Initialising FaceDetectorAligner with pack=buffalo_l ctx_id=0 det_size=(640, 640) providers=['CUDAExecutionProvider', 'CPUExecutionProvider']
2025-11-20 22:38:29,264 [INFO] face.route: FaceRoute initialised | lookback=2.0s | max_entries=30 | every_n_frames=5 | min_interval_ms=150
2025-11-20 22:38:29,264 [INFO] identity.crypto: Loaded AES key from env var 'GAITGUARD_FACE_KEY' (length=32 bytes, fp=4e401724).
2025-11-20 22:38:29,264 [INFO] identity.face_gallery: Face gallery loaded from C:\Users\ildi\Desktop\GaitGuard\data\face_gallery.enc (persons=3).
2025-11-20 22:38:29,280 [INFO] identity.identity_engine: FaceIdentityEngine initialised | strong_match_dist=0.850 weak_match_dist=0.930 min_q_runtime=0.550 confirm=3 switch=4 lookback=2.0s half_life=2.0s stale_after=6.0s
2025-11-20 22:38:29,280 [INFO] gaitguard.main: Identity engine: classic (Phase-2A face route)
2025-11-20 22:38:29,281 [INFO] gaitguard.main: Identity selection: requested=classic (source=default, runtime.use_multiview_engine=None), active=classic
2025-11-20 22:38:34,511 [INFO] gaitguard.main: GaitGuard pipeline started (Phase-1 + Face identity, mode=classic). Press ESC to exit.
2025-11-20 22:38:36,269 [INFO] identity.face_gallery: Face gallery FAISS index rebuilt (templates=15).
2025-11-20 22:38:37,427 [INFO] gaitguard.main: FPS=10.4 | tracks=1 | alerts=0
2025-11-20 22:38:38,741 [INFO] gaitguard.main: FPS=14.3 | tracks=1 | alerts=0
2025-11-20 22:38:40,046 [INFO] gaitguard.main: FPS=16.3 | tracks=1 | alerts=0
2025-11-20 22:38:41,336 [INFO] gaitguard.main: FPS=17.7 | tracks=1 | alerts=0
2025-11-20 22:38:43,198 [INFO] gaitguard.main: FPS=17.3 | tracks=1 | alerts=0
2025-11-20 22:38:44,838 [INFO] gaitguard.main: FPS=17.5 | tracks=1 | alerts=0
2025-11-20 22:38:46,550 [INFO] gaitguard.main: FPS=17.5 | tracks=1 | alerts=0
2025-11-20 22:38:48,293 [INFO] gaitguard.main: FPS=17.4 | tracks=1 | alerts=0
2025-11-20 22:38:50,055 [INFO] gaitguard.main: FPS=17.4 | tracks=1 | alerts=0
2025-11-20 22:38:51,624 [INFO] gaitguard.main: FPS=17.5 | tracks=1 | alerts=0
2025-11-20 22:38:53,321 [INFO] gaitguard.main: FPS=17.6 | tracks=1 | alerts=0
2025-11-20 22:38:54,945 [INFO] gaitguard.main: FPS=17.6 | tracks=1 | alerts=0
2025-11-20 22:38:56,388 [INFO] gaitguard.main: FPS=17.8 | tracks=1 | alerts=0
2025-11-20 22:38:57,824 [INFO] gaitguard.main: FPS=18.0 | tracks=1 | alerts=0
2025-11-20 22:38:59,301 [INFO] gaitguard.main: FPS=18.2 | tracks=1 | alerts=0
2025-11-20 22:39:01,128 [INFO] gaitguard.main: FPS=18.1 | tracks=1 | alerts=0
2025-11-20 22:39:02,924 [INFO] gaitguard.main: FPS=18.0 | tracks=1 | alerts=0
2025-11-20 22:39:04,599 [INFO] gaitguard.main: FPS=18.0 | tracks=1 | alerts=0
2025-11-20 22:39:06,049 [INFO] gaitguard.main: FPS=18.1 | tracks=1 | alerts=0
2025-11-20 22:39:07,529 [INFO] gaitguard.main: FPS=18.2 | tracks=1 | alerts=0
2025-11-20 22:39:09,185 [INFO] gaitguard.main: FPS=18.2 | tracks=1 | alerts=0
2025-11-20 22:39:10,762 [INFO] gaitguard.main: FPS=18.2 | tracks=1 | alerts=0
2025-11-20 22:39:12,480 [INFO] gaitguard.main: FPS=18.2 | tracks=1 | alerts=0
2025-11-20 22:39:14,213 [INFO] gaitguard.main: FPS=18.2 | tracks=1 | alerts=0
2025-11-20 22:39:15,885 [INFO] gaitguard.main: FPS=18.1 | tracks=1 | alerts=0
2025-11-20 22:39:17,676 [INFO] gaitguard.main: FPS=18.1 | tracks=1 | alerts=0
2025-11-20 22:39:19,344 [INFO] gaitguard.main: FPS=18.1 | tracks=1 | alerts=0
2025-11-20 22:39:20,959 [INFO] gaitguard.main: FPS=18.1 | tracks=1 | alerts=0
2025-11-20 22:39:22,292 [INFO] gaitguard.main: FPS=18.2 | tracks=1 | alerts=0
2025-11-20 22:39:23,254 [INFO] gaitguard.main: GaitGuard pipeline stopped.
